04111-0C098,414.98,a,356.98, BW06A-2026 ,53,425.53,,
04111-0C210,387.02,a,334.15,BW08A-2025,375,406.07,,
04111-0D103,318.92,a,260.01,BW06A2-2026,62,338.60,,
04111-0E042,198.74,a,162.50,BW08A-2026,14,182.96,,
04111-0L085,370.26,a,311.55,BW01A-2026,223,0.00,,
04111-0Q023,315.23,a,259.03,BW08A2-2026,0,#N/A,,
04111-17020,614.61,a,547.46,BW11A-2025,272,721.39,,
04111-17041,582.18,a,486.20,BW01A-2026,204,638.76,,
04111-17060,521.61,a,441.22,BW01A-2026,204,525.50,,
04111-17110,439.98,a,382.00,BW12A-2025,236,462.99,,
04111-21353,354.98,a,300.99,BW12A-2025,236,360.82,,
04111-22513,471.20,a,374.99,BW08A-2026,14,480.84,,
04111-22701,405.62,a,329.71,BW09A-2025,351,376.03,,
04111-25241,391.41,a,340.30, BW12AS-2025 ,246,430.67,,
04111-28133,499.35,a,404.89,BW07B-2026,47,521.53,,
04111-28824,721.06,a,523.94,BW06A2-2026,62,726.71,,
04111-28884,516.94,a,415.14,BW08A-2026,14,522.19,,
04111-30579,379.19,a,290.34,BW07UC-2026,26,376.98,,
04111-30601,499.17,a,405.21,BW07B-2026,47,0.00,,
04111-31B52,698.82,a,525.01,BW08A2-2026,0,776.51,,
04111-31D21,606.66,a,524.99,BW08A2-2026,0,680.66,,
04111-36174,451.73,a,397.43,BW07B-2026,47,522.56,,
04111-38291,857.43,a,673.63,BW08A-2026,14,857.16,,
04111-38301,819.66,a,669.94,BW08A2-2026,0,824.33,,
04111-47077,359.52,a,314.15,BW09A-2025,329,550.36,,
04111-50410,720.62,a,569.95,BW06A2-2026,62,683.05,,
04111-51032,676.50,a,574.55,BW02A2-2026,175,667.37,,
04111-51045,668.88,a,523.55,BW08A-2026,14,682.57,,
04111-54094,322.25,a,251.33,BW06A-2026,53,378.82,,
04111-54321,355.80,a,311.99,BW01A-2026,223,0.00,,
04111-54600,392.74,a,319.41,BW08A-2026,14,397.03,,
04111-58061,475.44,a,377.70,BW08A-2026,14,485.17,,
04111-66047,554.97,a,473.39,BW04A-2026,131,625.17,,
04111-67023,436.92,a,377.98,BW03A-2026,158,495.64,,
04111-74641,427.58,a,338.86,BW08A-2026,14,436.33,,
04111-75102,423.67,a,346.41,BW08A-2026,14,406.58,,
04111-75112,472.03,a,376.85, BW08A2-2026 ,0,481.69,,
04111-75A32,697.13,a,382.82,BW07IE-2026,19,467.84,,
04112-31741,304.74,a,239.43, BW07UC-2026 ,26,352.56,,
04152-51010,33.50,a,30.16, BW01A-2026 ,204,33.24,,
04152-YZZA5,22.31,Net Price,20.61,BW08IT-2024,725,18.14,,
04152-YZZD7,16.03,a,13.27,BW06A-2026,74,16.31,,
04175-51041,124.06,a,98.00,BW08A2-2026,0,129.24,,
04226-30020,370.53,a,302.84,BW08A2-2026,0,#N/A,,
04311-26050,43.13,a,36.98,BW05AS-2026,104,22.92,,
04311-55022,60.49,Net Price,56.89,NMC-2025,1106,0.00,,
04311-60100,46.62,a,38.12,BW08A-2026,14,43.92,,
04311-60180,26.66,a,21.73,BW03A-2026,158,25.60,,
04313-22030,36.19,a,29.27,BW05AS-2026,104,18.80,,
04313-28020,35.08,a,29.03,BW02AS-2026,174,17.85,,
04313-37030,33.04,a,27.65,BW08A2-2026,0,24.09,,
04313-60100,45.87,a,34.59,BW08A2-2026,0,50.97,,
04331-60160,130.62,a,113.12,BW02AS-2026,174,156.60,,
04362-48010,88.13,a,72.03,BW08A2-2026,0,#N/A,,
04362-60080,127.54,a,112.51,BW07B-2026,47,0.00,,
04371-04031,109.83,a,82.02,BW07B-2026,47,120.46,,
04371-04080,102.99,a,83.76,BW08A-2026,14,#N/A,,
04371-0C084,154.24,a,93.71,BW08A2-2026,0,123.91,,
04371-27011,112.43,a,89.26,BW04A-2026,131,121.49,,
04371-36080,49.58,a,33.58,BW08A-2026,14,44.80,,
04371-60051,105.50,a,88.29,BW08A-2026,14,103.05,,
04371-60060,120.92,a,98.87,BW08A-2026,14,116.09,,
04371-60070,102.70,a,78.98,BW08A2-2026,0,109.26,,
04371-60100,103.14,a,78.10,BW08A2-2026,0,99.89,,
04371-60210,95.56,a,77.71,BW08A-2026,14,90.97,,
04371-60221,140.63,a,68.31,BW08A-2026,14,90.53,,
04423-33060,8.50,a,6.91,BW08A-2026,14,8.23,,
04427-02630,216.48,a,181.80,BW04A-2026,124,257.37,,
04427-06540,291.13,a,179.47,BW07B-2026,47,361.59,,
04427-0C020,223.53,a,171.89,BW06A2-2026,62,215.36,,
04427-12683,237.06,a,185.79,BW08A2-2026,0,249.55,,
04427-44052,386.74,a,316.10,BW08A2-2026,0,381.76,,
04427-52897,164.72,Net Price,154.91,BW03A-2025,526,237.32,,
04427-60093,259.34,a,215.43,BW06A2-2026,62,338.27,,
04427-60121,293.84,a,243.72,BW06A2-2026,62,226.81,,
04427-60133,242.82,a,198.44,BW08A2-2026,0,207.06,,
04427-60142,279.81,a,231.81,BW08A-2026,14,285.10,,
04428-06411,221.78,a,180.04,BW07B-2026,47,212.89,,
04428-0W030,243.47,a,197.65,BW07B-2026,47,243.74,,
04428-35012,272.18,a,229.66,BW04A-2026,124,313.19,,
04428-78031,226.80,a,184.48,BW08A-2026,14,342.42,,
04434-60080,385.27,a,316.71,BW01A-2026,223,425.86,,
04437-06220,134.16,a,109.56,BW07B-2026,47,116.90,,
04437-0K021,133.51,a,114.07,BW07UC-2026,27,131.26,,
04437-12400,116.58,a,98.68,BW05AS-2026,104,120.16,,
04437-60053,156.09,a,135.55,BW03A-2026,158,150.79,,
04437-60081,154.24,a,126.11,BW08A-2026,14,139.26,,
04437-78011,140.32,a,111.31,BW08A-2026,14,151.27,,
04438-06620,130.96,a,110.24,BW03A-2026,158,129.79,,
04438-42180,117.19,a,100.70,BW04A-2026,124,112.01,,
04438-78011,163.04,a,111.33,BW08A-2026,14,179.73,,
0443C-37051,205.67,a,141.71,BW07IE-2026,19,200.37,,
04445-06050,160.46,a,146.38,BW12IE-2024,602,218.22,,
04445-0K131,170.21,a,137.65,BW05AS-2026,104,162.25,,
04445-26240,174.44,a,142.58,BW08A2-2026,0,160.75,,
04445-33110,194.36,Net Price,180.28, BW05A-2025 ,459,157.62,,
04445-35120,191.38,a,154.95,BW03A-2026,158,195.30,,
04445-35130,113.80,a,94.31,BW07UC-2026,26,120.46,,
04445-60050,271.37,a,234.22,BW02A2-2026,175,281.86,,
04445-60070,227.16,a,185.24,BW04A-2026,131,208.34,,
04445-60080,287.35,a,232.66,BW03A-2026,158,255.94,,
04446-06060,39.31,a,32.80,BW07UC-2026,26,44.95,,
04446-10021,55.92,a,44.17,BW08A-2026,14,58.87,,
04446-20031,73.09,a,60.29,BW03A-2026,158,73.27,,
04446-30173,61.92,a,52.67, BW11A-2025 ,283,70.99,,
04446-53030,65.50,a,53.02,BW05A-2026,109,57.62,,
04446-60070,78.75,a,67.68,BW02A-2026,194,79.58,,
04446-60080,99.74,a,81.11,BW08A-2026,14,101.88,,
04465-02391,221.16,Net Price,198.25,BW03A-2025,526,230.38,,
04465-04070,266.72,a,239.77,BW10UC-2024,662,0.00,,
04465-06090,218.79,a,178.90, BW08A-2026 ,14,200.74,,
04465-0D150,169.99,a,127.27,BW07B-2026,47,175.55,,
04465-0K020,185.99,a,159.06,BW10A-2025,302,198.32,,
04465-0K110,226.09,Net Price,203.83,BW06A11A-2025,421,254.21,,
04465-0K190,189.90,a,157.57,BW06A2-2026,62,176.28,,
04465-0K220,196.51,a,158.91, BW05AS-2026 ,104,198.24,,
04465-0K340,196.79,a,159.02, BW07B-2026 ,47,192.48,,
04465-0K360,209.07,a,172.80,BW04A06A07A-2026,110,205.99,,
04465-0K380,187.93,a,159.52,BW06A2-2026,62,186.78,,
04465-0K431,192.42,a,161.71,BW06A2-2026,62,186.05,,
04465-0T010,253.34,Net Price,233.37,BW10UC-2024,662,263.13,,
04465-0W141,157.81,a,124.48,BW08A-2026,14,147.08,,
04465-12592,215.14,a,177.92,BW06IE-2026,69,211.24,,
04465-12630,200.89,a,166.79,BW08A-2026,14,199.34,,
04465-13050,159.71,a,130.53,BW08A2-2026,0,161.59,,
04465-26440,249.75,a,204.12,BW08A2-2026,0,232.69,,
04465-30500,340.18,a,278.60,BW07IE-2026,19,325.53,,
04465-33050,160.93,a,131.80,BW07IE-2026,19,143.82,,
04465-33121,174.07,a,142.28,BW08A2-2026,0,174.55,,
04465-33450,245.99,a,183.48,BW07B-2026,47,245.80,,
04465-33490,240.01,a,184.83,BW08A2-2026,0,260.89,,
04465-35320,188.03,a,152.28,BW02A2-2026,175,189.98,,
04465-35330,212.95,a,174.06, BW08A2-2026 ,0,202.17,,
04465-36020,288.85,a,218.06,BW08A2-2026,0,297.80,,
04465-42180,227.11,a,181.07,BW07UC-2026,26,209.15,,
04465-42200,207.42,a,168.27, BW04A-2026 ,131,192.84,,
04465-47030,117.80,a,106.25,BW03A-2025,526,164.60,,
04465-47100,143.05,a,125.37,BW08A-2025,382,150.72,,
04465-48150,272.53,a,206.48,BW08A2-2026,0,302.83,,
04465-48170,369.49,a,302.60,BW07IE-2026,19,337.03,,
04465-48220,346.58,a,283.84,BW07IE-2026,19,321.42,,
04465-50260,416.24,a,340.89,BW07IE-2026,19,321.01,,
04465-52200,181.64,a,147.70,BW05A-2026,109,171.62,,
04465-52260,178.66,a,140.18,BW07UC-2026,26,175.99,,
04465-52310,186.05,a,143.72,BW08A-2026,14,195.85,,
04465-53040,346.86,a,282.52,BW06IE-2026,69,309.33,,
04465-60030,163.22,a,138.38,BW08A-2026,14,162.58,,
04465-60220,250.42,a,215.52,BW12AS-2025,246,261.81,,
04465-60320,224.61,a,172.31,BW08A2-2026,0,204.08,,
04465-60340,300.30,a,243.76,BW06IE-2026,69,266.48,,
04465-60370,238.73,a,193.53,BW08A2-2026,0,229.31,,
04465-60380,263.67,a,210.68,BW08A2-2026,0,280.51,,
04465-F4010,253.05,a,211.16,BW07UC-2026,26,237.02,,
04465-YZZH4,199.90,a,163.38,BW08A2-2026,0,188.29,,
04465-YZZJ5,175.98,a,143.31,BW05AS-2026,104,171.40,,
04465-YZZJ6,290.92,a,184.71,BW07UC-2026,26,227.44,,
04465-YZZJ7,179.80,a,155.30,BW11A2-2025,266,180.14,,
04465-YZZJ8,195.86,a,160.08,BW08A2-2026,0,190.71,,
04465-YZZJ9,254.52,a,214.21,BW01A-2026,204,0.00,,
04465-YZZT4,172.54,a,147.94,BW06A2-2026,62,158.39,,
04466-02410,239.95,a,163.75,BW04A-2026,131,199.20,,
04466-02430,175.35,a,107.66,BW07UC-2026,26,187.30,,
04466-06030,119.82,a,98.48,BW02A-2026,194,101.14,,
04466-0K010,138.53,a,117.74,BW04A-2026,124,140.44,,
04466-0T010,163.96,a,124.98,BW06A2-2026,62,0.00,,
04466-0W020,240.93,a,191.25,BW08A2-2026,0,250.98,,
04466-12150,121.20,a,99.06,BW08A2-2026,0,119.58,,
04466-22190,208.56,a,170.81,BW07IE-2026,19,191.19,,
04466-30282,186.34,a,154.26,BW05A-2026,109,186.56,,
04466-30312,184.95,a,151.47,BW07IE-2026,19,167.65,,
04466-32030,118.00,a,95.17,BW06IE-2026,69,137.94,,
04466-33200,140.57,a,111.89,BW06A-2026,53,131.88,,
04466-33220,130.75,a,101.83,BW08A2-2026,0,142.13,,
04466-33230,148.20,a,102.71,BW08A2-2026,0,164.67,,
04466-44010,131.31,a,111.23,BW09A-2025,344,145.76,,
04466-47110,120.74,a,98.68,BW08A2-2026,0,109.33,,
04466-48060,167.33,a,137.04,BW07IE-2026,19,146.39,,
04466-50130,225.75,a,184.88,BW07IE-2026,19,217.38,,
04466-53010,204.05,a,153.97,BW06IE-2026,69,179.36,,
04466-58010,150.67,Net Price,137.13,BW01A-2025,585,152.85,,
04466-60090,195.71,a,160.28,BW07IE-2026,19,184.76,,
04466-60140,147.40,a,121.13,BW08A2-2026,0,147.01,,
04466-60160,161.15,a,131.72,BW08A2-2026,0,149.07,,
04466-60161,157.68,a,130.97,BW06A-2026,53,152.85,,
04466-60191,186.37,a,133.92,BW08A2-2026,0,198.28,,
04466-76012,131.00,a,99.56,BW08A2-2026,0,140.14,,
04466-78020,129.19,a,105.59,BW08A2-2026,0,126.26,,
04466-YZZAR,148.80,a,121.62,BW08A2-2026,0,136.47,,
04466-YZZAX,84.85,a,71.24,BW11A-2025,272,84.47,,
04466-YZZAY,90.36,a,73.50, BW06A2-2026 ,62,84.47,,
04466-YZZBA,107.73,a,87.90, BW03A-2026 ,158,101.54,,
04466-YZZBB,103.97,a,84.98,BW08A2-2026,0,96.99,,
04466-YZZBC,111.18,a,90.05,BW02A2-2026,175,104.34,,
04466-YZZBF,119.53,a,97.21,BW08A-2026,14,113.37,,
04478-0K130,125.99,a,115.23, BW04A-2025 ,487,118.07,,
04478-12110,95.52,a,76.32,BW08A-2026,14,119.94,,
04478-48190,117.01,a,96.88,BW06IE-2026,69,108.82,,
04478-60080,48.73,a,40.04, BW08A-2026 ,14,54.65,,
04479-02310,79.32,a,72.44,BW03AW-2025,515,81.16,,
04479-35010,90.26,a,72.99,BW05AS-2026,104,73.34,,
04479-60060,61.83,a,50.54,BW08A2-2026,0,55.16,,
04479-60270,61.87,a,50.59, BW08A-2026 ,14,49.76,,
04483-0K050,182.94,a,152.83,BW06A2-2026,62,220.24,,
04484-60110,91.88,a,76.33,BW06A-2026,53,87.92,,
04484-60120,147.12,a,120.25,BW08A2-2026,0,141.13,,
04484-60130,92.75,a,80.94,BW02A-2026,194,109.44,,
04493-60380,125.88,a,106.10,BW02AS-2026,174,126.59,,
04493-60390,162.43,a,136.70,BW12A-2025,236,158.98,,
04495-0K060,141.58,Net Price,133.15, BW07A-2024 ,777,0.00,,
04495-0K140,151.12,a,122.94, BW06A2-2026 ,62,156.38,,
04495-0K160,193.32,a,164.94,BW08A2-2026,0,200.19,,
04495-26240,150.20,a,121.63,BW06IE-2026,69,143.85,,
04495-33010,132.21,a,100.88,BW07B-2026,47,129.64,,
04495-35170,157.17,a,123.63,BW07IE-2026,19,156.38,,
04495-35230,196.44,a,159.10,BW02A2-2026,175,174.00,,
04495-52140,102.34,a,83.65,BW08A2-2026,0,97.76,,
04495-52150,100.30,a,83.39,BW01A-2026,223,96.55,,
04495-60070,185.35,a,161.38,BW05A-2026,109,177.31,,
04562-12010,71.86,a,59.56,BW12A-2025,236,68.46,,
04905-36140,26.90,a,22.54,BW05AS-2026,104,27.18,,
04906-36170,44.92,a,36.54,BW06A-2026,53,46.46,,
04906-36181,43.62,a,36.53,BW08A-2026,14,41.65,,
04942-0K070,24.91,a,20.36,BW08A-2026,14,#N/A,,
04942-0K080,44.67,a,37.68,BW01A-2026,223,51.34,,
04942-26010,53.33,a,44.14,BW07UC-2026,26,51.16,,
04943-0K110,101.89,a,83.31,BW08A-2026,14,100.44,,
04943-12010,78.37,a,63.61,BW04A-2026,131,85.28,,
04945-30350,59.28,a,48.21,BW06A-2026,53,46.90,,
04945-33260,42.56,a,34.99,BW08A-2026,14,41.72,,
04945-33300,71.87,a,58.74,BW08A2-2026,0,67.06,,
04945-35120,87.53,a,71.59,BW03A-2026,158,83.88,,
04945-42060,93.04,a,77.56,BW02A-2026,194,83.84,,
04945-48150,42.33,a,34.80,BW08A-2026,14,54.17,,
04945-60010,149.34,a,122.70,BW08A2-2026,0,140.62,,
04945-60080,80.90,a,66.94,BW03A-2026,158,72.75,,
04945-60090,29.55,a,24.06,BW04A-2026,124,28.54,,
04946-30100,41.18,a,34.12,BW04A-2026,131,28.39,,
04946-33060,46.38,a,37.93,BW04A-2026,124,50.75,,
04946-33070,45.11,a,34.79,BW08A-2026,14,60.93,,
04946-48110,57.19,a,46.31,BW05AS-2026,104,54.02,,
04946-60120,35.72,a,29.35,BW08A2-2026,0,35.15,,
04946-60141,33.59,a,27.47,BW08A-2026,14,32.06,,
04946-78030,55.81,a,45.75,BW08A2-2026,0,#N/A,,
04947-08040,35.48,a,29.34,BW09A-2025,329,0.00,,
04947-0K010,49.01,a,39.33,BW03A-2026,158,50.75,,
04947-35050,9.57,a,8.12,BW06IE-2026,69,9.29,,
04947-42050,75.63,a,61.81,BW08A2-2026,0,71.43,,
04947-47010,44.86,a,37.75,BW01A-2026,204,49.73,,
04947-48050,55.93,a,47.21,BW10A2-2025,316,69.78,,
04947-48080,61.60,a,50.35,BW08A2-2026,0,55.75,,
04947-50130,140.20,a,113.98,BW07IE-2026,19,134.08,,
04947-60090,30.57,a,26.04,BW04A-2026,124,30.85,,
04947-60100,9.24,a,7.48,BW04A-2026,131,9.00,,
04947-60140,18.89,a,15.53,BW08A-2026,14,18.58,,
04948-33010,64.20,Net Price,59.78,NMC-2025,1181,64.78,,
04948-48070,75.30,a,61.05,BW07B-2026,47,0.00,,
04948-60040,41.91,a,30.90, BW08A2-2026 ,0,46.57,,
08813-80020,35.63,a,29.08,BW06A-2026,53,0.00,,
08813-80100,40.89,a,33.37,BW12AS-2025,246,41.10,,
08814-80070,31.18,a,23.80,BW07B-2026,47,33.86,,
08816-03001,24.42,a,17.73,BW07UC-2026,26,24.05,,
08821-00830,62.48,Net Price,58.76,NMC-2025,1111,0.00,,
08826-00080,112.58,a,86.44, BW08A-2026 ,14,131.11,,
08826-00090,113.12,a,92.46,BW08A2-2026,0,111.24,,
08880-83324,123.75,a,108.93,BW07AS-2025,386,0.00,,
08885-01806,139.32,a,113.10,BW07B-2026,47,192.92,,
08885-03106,40.00,Net Price,37.84, BW04A05A06A-2025 ,491,45.76,,
08885-81936,27.73,a,24.23,BW05AW-2025,470,30.59,,
08886-00705,74.62,a,62.62,BW03A08A09A-2025,515,70.14,,
08886-02605,171.55,a,102.69, BW07B-2026 ,47,257.11,,
08886-02905,124.09,a,100.73,BW06A2-2026,62,110.03,,
08886-81885,115.22,a,81.32,BW07IE-2026,19,114.62,,
08886-81886,37.60,a,30.50, BW07IE-2026 ,19,37.42,,
08886-81896,28.08,a,19.38,BW07IE-2026,19,26.99,,
08886-81905,130.45,a,99.49,BW07IE-2026,19,129.71,,
09114-0K010,30.34,a,18.52,BW07UC-2026,27,29.89,,
09114-60090,25.22,a,20.88,BW01A-2026,204,22.15,,
09150-60030,45.79,a,36.36, BW07UC-2026 ,26,46.27,,
09155-74010,20.02,a,16.29,BW06A2-2026,62,18.88,,
11011-0C010,39.78,a,31.53,BW03A-2026,158,37.83,,
11011-0L020,59.61,a,48.52,BW06A-2026,53,62.25,,
11011-30010,57.64,a,48.44,BW06A-2026,53,59.13,,
11011-31080,46.99,a,40.39,BW07B-2026,47,47.23,,
11011-50010,51.73,a,44.72,BW06A-2026,53,52.52,,
11011-54020,42.03,a,34.97,BW02AS-2026,174,30.92,,
11011-75020,59.79,a,48.63,BW08A-2026,14,56.08,,
11071-31050-01,34.31,a,28.71,BW08A-2026,14,34.23,,
11071-31050-02,33.62,a,28.65,BW06A-2026,53,34.04,,
11071-31050-03,34.56,a,27.95,BW07B-2026,47,34.41,,
11071-31060-B2,32.24,a,26.10,BW05AS-2026,104,31.36,,
11071-31060-C3,33.17,a,27.11,BW08A2-2026,0,31.88,,
11071-38010-C4,39.40,a,30.72,BW08A2-2026,0,37.79,,
11071-38010-D5,35.98,a,30.11,BW08A-2026,14,35.99,,
11071-38010-E5,39.98,a,30.36,BW07UC-2026,26,40.73,,
11071-38050-D5,39.01,a,31.09,BW08A2-2026,0,39.81,,
11071-50021-01,41.60,a,32.86,BW06IE-2026,69,41.87,,
11071-50021-03,45.47,a,36.23,BW08A2-2026,0,49.43,,
11071-51010-01,33.49,a,27.37,BW08A2-2026,0,32.46,,
11071-51010-02,32.65,a,26.90,BW01A-2026,204,32.28,,
11071-51010-04,33.94,a,26.92,BW02A2-2026,175,31.99,,
11072-38010-D5,38.71,a,30.26,BW08A2-2026,0,36.80,,
11072-38010-E5,38.69,a,30.26,BW08A2-2026,0,40.73,,
11115-11010,70.86,Net Price,63.25, BW08A-2025 ,382,74.44,,
11115-15090,89.29,a,71.57, BW04A-2026 ,131,85.94,,
11115-20032,89.94,a,73.51,BW08A2-2026,0,87.15,,
11115-20042,89.61,a,72.89, BW06A-2026 ,53,85.09,,
11115-21091,60.72,a,49.63,BW08A2-2026,0,58.39,,
11115-22050,87.31,a,70.59,BW07IE-2026,19,90.53,,
11115-27011-B0,110.33,a,89.73,BW07B-2026,47,0.00,,
11115-28H10,118.87,a,86.85,BW07B-2026,47,136.25,,
11115-30032-C0,130.49,a,106.65,BW08A2-2026,0,126.33,,
11115-30032-D0,130.17,a,105.55,BW04A-2026,131,124.50,,
11115-31041,90.93,a,75.41,BW04A-2026,124,81.05,,
11115-31080,95.11,a,80.02,BW08A-2026,14,96.26,,
11115-31091,78.81,a,66.64,BW08A2-2026,0,76.24,,
11115-35022,70.53,a,57.17,BW06A2-2026,62,85.31,,
11115-35060,70.29,a,58.32,BW06A2-2026,62,68.64,,
11115-36031,113.67,a,90.57,BW07B-2026,47,104.81,,
11115-38021,91.02,a,75.44,BW06A2-2026,62,91.04,,
11115-50070,166.45,a,127.57,BW07IE-2026,19,198.46,,
11115-50080,155.23,a,129.51,BW08A-2026,14,156.41,,
11115-51030-C0,92.63,a,75.72,BW08A2-2026,0,90.42,,
11115-51030-D0,92.14,a,75.34,BW08A-2026,14,90.71,,
11115-51030-E0,94.75,a,75.72,BW08A2-2026,0,97.69,,
11115-58090,157.21,a,128.49,BW08A2-2026,0,148.66,,
11115-58110,186.00,a,155.57,BW06A-2026,74,193.03,,
11115-64141-03,103.51,a,80.84,BW08A-2026,14,120.53,,
11115-64170-B0,107.91,a,90.80,BW01A-2026,223,104.85,,
11115-64190-03,123.42,a,100.91,BW08A-2026,14,#N/A,,
11115-64200-03,124.31,a,100.57,BW06A-2026,74,130.37,,
11115-74060,141.22,a,96.85,BW06A2-2026,62,129.38,,
11115-74110,113.31,a,92.16,BW06A-2026,53,109.99,,
11115-75052,121.71,a,99.47,BW08A2-2026,0,120.16,,
11115-75070,85.63,a,70.07,BW06A2-2026,62,89.76,,
11115-79015,66.45,a,53.87,BW06A2-2026,62,66.33,,
11116-20051,114.75,a,93.15,BW07B-2026,47,113.41,,
11116-31011,111.02,a,92.41, BW08A-2026 ,14,110.06,,
11116-31060,95.62,a,80.42,BW08A2-2026,0,95.67,,
11116-31071,84.27,a,66.62,BW08A-2026,14,78.37,,
11116-38010,93.54,a,75.49,BW06A2-2026,62,99.01,,
11116-50070,163.69,a,130.50,BW08A2-2026,0,177.93,,
11116-51030-A0,91.65,a,75.34,BW08A-2026,14,87.99,,
11116-51030-B0,91.65,a,74.19, BW02A2-2026 ,175,89.87,,
11116-51030-E0,94.05,a,75.53,BW08A-2026,14,99.01,,
11116-62081,82.34,a,67.02,BW07B-2026,47,99.30,,
11122-16020,19.78,a,13.54,BW07B-2026,47,21.26,,
11122-22040,16.61,a,11.83,BW06IE-2026,69,15.06,,
11122-31090,15.52,a,12.50,BW12AS-25 06A-2026,246,14.65,,
11122-47010,13.43,a,12.25, BW04A-2025 ,484,13.85,,
11122-66020,18.06,a,13.91,BW07IE-2026,19,20.38,,
11123-0R010,16.94,a,12.79,BW08A2-2026,0,16.89,,
11159-37010,6.23,a,5.09,BW08A2-2026,0,6.10,,
11176-0L011,2.80,a,2.33,BW06A-2026,53,2.83,,
11176-17010,4.23,a,3.34,BW08A2-2026,0,4.41,,
11176-26020,6.21,a,4.59,BW08A2-2026,0,6.87,,
11176-27011,6.26,a,4.95,BW08A-2026,14,8.81,,
11176-30011,15.51,a,3.47,BW07B-2026,47,4.15,,
11176-51010,6.97,a,5.70,BW08A2-2026,0,6.83,,
11177-54020,1.04,a,0.87,BW07IE-2026,19,1.07,,
11177-64010,2.65,a,2.22,BW03A-2026,158,2.86,,
11193-15010,14.28,a,11.80,BW07UC-2026,26,14.07,,
11193-46010,6.56,a,5.16,BW08A2-2026,0,6.98,,
11201-75055,419.72,a,343.74,BW07IE-2026,19,433.21,,
11213-0D020,17.00,a,13.78, BW06A2-2026 ,62,16.56,,
11213-0M010,11.88,a,9.86,BW06A2-2026,62,13.48,,
11213-15050,26.66,a,23.52,BW08A-2025,375,29.05,,
11213-17010,30.03,a,24.68,BW08A2-2026,0,28.28,,
11213-20020,32.65,a,26.83,BW07B-2026,47,32.21,,
11213-20030,32.89,a,26.70,BW07B-2026,47,32.54,,
11213-21020,30.95,a,24.49,BW08A2-2026,0,32.24,,
11213-23020,33.49,a,27.24,BW08A-2026,14,35.73,,
11213-23030,40.41,a,28.27,BW08A2-2026,0,37.57,,
11213-28021,29.32,a,24.40,BW08A-2026,14,30.26,,
11213-28041,36.41,a,30.32,BW03A-2026,158,40.54,,
11213-30021,26.57,a,21.82,BW08A2-2026,0,25.93,,
11213-30040,26.16,a,21.91,BW08A2-2026,0,26.41,,
11213-31030,29.28,a,24.37,BW08A-2026,14,29.34,,
11213-31040,29.29,a,19.33,BW08A2-2026,0,28.61,,
11213-31050,29.11,a,19.33,BW08A2-2026,0,32.35,,
11213-31080,10.82,a,8.85,BW08A2-2026,0,10.91,,
11213-36020,26.57,a,21.83,BW08A2-2026,0,25.93,,
11213-37021,27.53,a,21.79,BW08A2-2026,0,28.32,,
11213-38020,36.58,a,24.53,BW08A2-2026,0,40.65,,
11213-38030,39.95,a,32.33,BW05A-2026,109,36.69,,
11213-50021,45.06,a,35.22,BW05A-2026,109,45.87,,
11213-50031,31.68,a,27.41,BW08A2-2026,0,35.92,,
11213-51020,23.38,a,19.21,BW08A2-2026,0,23.03,,
11213-54050,42.79,a,34.96,BW08A2-2026,0,40.62,,
11213-62020,52.68,a,42.84,BW06A-2026,53,50.13,,
11213-66021,44.83,a,37.30,BW08A-2026,14,43.41,,
11213-67010,33.54,a,27.41,BW08A2-2026,0,32.80,,
11213-74020,31.05,a,24.13,BW08A-2026,14,29.09,,
11213-75041,31.68,a,24.11,BW06A2-2026,62,28.17,,
11213-88400,39.44,a,31.43,BW08A-2026,14,42.71,,
11213-97401,55.68,a,45.75,BW08A2-2026,0,52.96,,
11214-20010,34.66,a,27.57,BW06IE-2026,69,32.87,,
11214-31010,33.17,a,24.37,BW08A-2026,14,32.58,,
11214-31070,20.98,a,16.97, BW08A2-2026 ,0,21.63,,
11214-38010,40.72,a,24.45,BW08A2-2026,0,45.25,,
11214-38020,39.75,a,32.02,BW06IE-2026,69,36.98,,
11214-46011,34.55,a,27.45, BW08A2-2026 ,0,35.37,,
11214-51010,23.26,a,19.11, BW06A-2026 ,53,22.51,,
11214-88560,26.10,a,20.17,BW08A-2026,14,27.47,,
11228-56010,2.89,a,2.28,BW08A2-2026,0,3.01,,
11229-38010,6.99,a,5.09,BW08A2-2026,0,7.60,,
11253-60010,15.99,Net Price,15.04,BW10AS-2024,670,24.90,,
11310-31014,1174.71,a,931.90,BW08A-2026,14,1335.54,,
11310-36020,514.63,a,398.78,BW08A2-2026,0,#N/A,,
11310-75074,1039.72,a,824.24,BW06IE-2026,69,971.45,,
11310-75090,987.46,a,798.19,BW02AS-2026,174,1108.95,,
11312-54021,44.46,a,35.94,BW02AS-2026,174,43.67,,
11320-67010,411.13,a,337.23,BW07B-2026,47,396.89,,
11322-17030,283.24,a,230.47,BW07UC-2026,26,315.32,,
11328-88600,25.28,a,20.66,BW08A-2026,14,#N/A,,
11329-75021,18.91,a,15.35,BW07B-2026,47,21.08,,
11383-16010,7.06,a,5.58, BW08A2-2026 ,0,7.35,,
11400-51020,19476.58,a,16112.55,BW08A-2026,14,20476.17,,
11400-75381,7004.72,a,6053.78,BW02A-2026,194,6911.90,,
11400-7U010,10151.77,a,8456.82,BW06A-2026,53,10676.40,,
11444-67020,7.87,a,5.82,BW08A-2026,14,8.74,,
11496-31010,4.43,a,3.30,BW08A2-2026,0,4.92,,
11496-36010,6.47,a,5.03,BW06IE-2026,69,5.99,,
11701-11030-02,36.05,a,29.15,BW07UC-2026,26,34.63,,
11701-17011-02,32.97,a,26.61,BW07B-2026,47,33.05,,
11701-17011-04,32.70,a,26.69,BW05AS-2026,104,32.87,,
11701-21032-02,30.32,a,23.84,BW08A2-2026,0,31.58,,
11701-22011-01,32.61,a,26.43,BW06A-2026,53,36.06,,
11701-25010-01,29.66,a,23.51,BW08A2-2026,0,31.55,,
11701-30020-02,41.72,a,33.83,BW05AS-2026,104,40.76,,
11701-30020-04,43.93,a,34.97,BW08A2-2026,0,45.76,,
11701-30020-05,44.45,a,34.80,BW08A-2026,14,46.13,,
11701-30030-04,50.46,a,38.26,BW08A-2026,14,50.97,,
11701-31080-02,36.33,a,29.44,BW07B-2026,47,35.81,,
11701-31080-03,36.10,a,30.57,BW02AS-2026,174,35.07,,
11701-31080-04,38.68,a,30.71,BW08A2-2026,0,40.29,,
11701-31080-05,38.04,a,30.26,BW08A2-2026,0,39.63,,
11701-31100-B2,35.49,a,28.82,BW06A-2026,53,38.52,,
11701-46020-04,38.76,a,32.11,BW01A-2026,223,42.49,,
11701-51020-02,36.36,a,28.71,BW08A-2026,14,36.73,,
11701-51020-05,34.93,a,28.86,BW08A2-2026,0,38.45,,
11701-54081-02,34.56,a,28.06,BW07B-2026,47,33.42,,
11701-66031-03,43.65,a,34.78,BW08A2-2026,0,45.47,,
11701-66031-04,42.57,a,33.82, BW07B-2026 ,47,40.47,,
11701-75033-02,30.61,a,24.85,BW07B-2026,47,30.56,,
11701-75033-03,31.22,a,25.56, BW07B-2026 ,47,37.97,,
11704-17011,276.04,a,225.61,BW08A2-2026,0,266.81,,
11704-30020,253.51,a,205.79,BW07B-2026,47,245.98,,
11704-75033,178.81,a,149.85, BW07UC-2026 ,26,177.71,,
11705-17011,280.27,a,222.14,BW06A2-2026,62,299.49,,
11705-30020,255.68,a,206.21, BW03A-2026 ,158,246.35,,
11711-36050-02,13.31,a,10.88,BW08A-2026,14,15.57,,
11721-28021-02,18.72,a,15.30, BW08A2-2026 ,0,17.81,,
11721-36050-02,14.63,a,11.96,BW08A2-2026,0,17.52,,
11791-22020,31.01,a,25.35,BW08A-2026,14,29.93,,
11791-28020,38.52,a,26.00,BW07IE-2026,19,33.46,,
11791-36010,31.17,a,25.47,BW08A2-2026,0,30.11,,
11801-17021,39.16,a,32.01, BW08A2-2026 ,0,38.27,,
11811-31021,7.97,a,6.44,BW12A-2025,236,8.48,,
11911-28011-01,12.83,a,10.17,BW08A2-2026,0,13.37,,
12101-31180,341.12,a,278.82,BW08A2-2026,0,325.46,,
12101-36040,198.78,a,161.61,BW06A-2026,53,192.44,,
12102-31051,236.60,a,192.07,BW07B-2026,47,235.15,,
12102-31070,267.83,a,212.88,BW07UC-2026,26,263.83,,
12102-38010,321.21,a,268.82,BW08A-2026,14,322.70,,
12102-66020,286.98,a,208.53,BW08A2-2026,0,318.88,,
12180-21010,23.21,a,20.08,BW08A2-2026,0,22.84,,
12195-46011,7.88,a,6.24,BW08A-2026,14,8.30,,
12204-15050,25.89,a,21.62,BW03A-2026,158,26.15,,
12204-20040,26.62,a,21.87,BW08A2-2026,0,#N/A,,
12204-21011,54.32,a,34.54,BW07B-2026,47,60.19,,
12204-22051,23.33,a,19.17,BW08A2-2026,0,#N/A,,
12204-25010,21.14,a,17.27,BW08A2-2026,0,#N/A,,
12204-31030,22.09,a,17.43,BW08A2-2026,0,#N/A,,
12204-31040,21.21,a,17.43,BW08A2-2026,0,#N/A,,
12204-35040,26.25,a,21.38,BW07B-2026,47,41.76,,
12204-50030,43.48,a,35.54,BW08A2-2026,0,44.22,,
12204-74030,46.97,a,35.36,BW08A-2026,14,47.93,,
12261-17010,14.87,a,12.41,BW05A-2026,109,14.58,,
12261-20050,26.48,a,22.03,BW08A2-2026,0,25.67,,
12261-21050,50.83,a,34.96,BW08A2-2026,0,56.48,,
12261-22140,63.00,a,43.97,BW08A2-2026,0,70.00,,
12261-28110,29.60,a,22.84,BW07IE-2026,19,29.45,,
12261-28140,36.74,a,28.86,BW08A2-2026,0,38.27,,
12261-31030,21.64,a,15.60,BW08A2-2026,0,24.05,,
12261-31130,21.09,a,15.57,BW08A2-2026,0,23.43,,
12261-31170,37.89,Net Price,35.81,NMC-2025,881,0.00,,
12261-37040,32.81,a,25.48,BW08A2-2026,0,33.68,,
12261-38020,21.72,a,13.93,BW08A2-2026,0,23.94,,
12261-38080,24.66,a,17.20,BW08A2-2026,0,27.40,,
12261-75100,12.71,a,10.39,BW02A2-2026,175,16.34,,
12262-22060,38.60,a,31.56,BW08A2-2026,0,#N/A,,
12262-28021,28.28,a,22.74,BW08A2-2026,0,30.74,,
12262-31030,45.31,a,35.50,BW08A2-2026,0,47.12,,
12262-38030,70.92,a,58.08,BW07IE-2026,19,56.81,,
12262-38050,39.07,a,25.48,BW08A2-2026,0,41.57,,
12262-50060,28.29,a,20.72,BW06IE-2026,69,23.61,,
12262-50080,33.86,a,21.06, BW07B-2026 ,47,25.78,,
12262-74050,17.07,a,13.60,BW08A-2026,14,#N/A,,
12263-38010,52.25,a,34.97,BW08A2-2026,0,56.15,,
12263-46010,25.51,a,17.84,BW06A2-2026,62,24.31,,
12273-51010,11.73,a,7.82,BW07IE-2026,19,12.16,,
12303-54041,118.09,a,88.14, BW02AS-2026 ,174,0.00,,
12303-54071,147.20,a,123.96,BW02A2-2026,175,0.00,,
12305-0C030,99.20,a,84.56, BW07UC-2026 ,27,96.92,,
12305-0M132,249.65,a,198.52,BW07B-2026,47,275.33,,
12305-0Y110,275.31,a,212.77,BW06A2-2026,62,275.33,,
12305-21220,302.77,a,257.96,BW01A-2026,223,306.07,,
12305-22380,276.97,a,223.84,BW06A-2026,53,278.63,,
12305-31020,393.84,a,320.84,BW02A2-2026,175,408.68,,
12305-36110,315.08,a,230.00,BW07B-2026,47,273.23,,
12305-37070,282.40,a,225.29,BW06IE-2026,69,263.17,,
12305-37390,272.79,a,222.95,BW08A2-2026,0,#N/A,,
12306-75040,118.67,a,89.68,BW08A-2026,14,119.87,,
12309-28161,180.87,a,146.32,BW06IE-2026,69,169.34,,
12309-31080,166.81,a,149.51,BW02A03A-2025,553,182.74,,
12360-0P021,372.50,a,222.21,BW06A2-2026,62,0.00,,
12360-20090,411.81,a,353.68, BW09A-2025 ,351,513.31,,
12361-0D040,104.01,a,88.66,BW07UC-2026,27,97.21,,
12361-0H060,484.79,a,347.91,BW06A2-2026,62,341.03,,
12361-0L021,58.48,a,49.86,BW07UC-2026,27,59.46,,
12361-17011,163.07,a,133.43,BW08A-2026,14,156.38,,
12361-17020,209.12,a,164.94,BW08A2-2026,0,222.48,,
12361-17034,136.39,a,107.23,BW08A2-2026,0,145.10,,
12361-22090,172.62,a,140.14,BW07B-2026,47,168.71,,
12361-28221,338.02,a,264.38, BW06IE-2026 ,69,316.94,,
12361-28240,112.84,a,89.68,BW08A2-2026,0,120.05,,
12361-30090,101.80,a,81.03,BW08A2-2026,0,108.30,,
12361-31081,208.72,a,164.12,BW08A-2026,14,194.97,,
12361-31090,99.14,a,81.03,BW08A2-2026,0,95.85,,
12361-31171,324.17,a,263.15,BW07B-2026,47,304.67,,
12361-31201,280.16,a,236.83,BW03A-2026,158,284.21,,
12361-31240,227.78,a,193.13, BW06IE-2026 ,69,225.79,,
12361-31301,158.81,a,114.86,BW08A2-2026,0,176.46,,
12361-35091,98.76,a,80.73,BW08A2-2026,0,94.60,,
12361-36150,121.39,a,99.24,BW08A-2026,14,#N/A,,
12361-37050,199.33,a,138.32, BW08A2-2026 ,0,221.49,,
12361-38210,325.20,a,274.91, BW06IE-2026 ,69,353.77,,
12361-38281,328.65,a,261.41,BW06IE-2026,69,321.20,,
12361-50121,262.46,a,214.55,BW08A-2026,14,255.57,,
12361-51030,246.69,a,220.34, BW12A-2025 ,236,263.50,,
12361-54250,94.40,a,75.27, BW07B-2026 ,47,91.89,,
12361-66020,112.43,a,90.69,BW07B-2026,47,107.05,,
12361-66040,166.03,a,135.70,BW08A2-2026,0,154.21,,
12361-67030,123.88,a,101.29,BW08A-2026,14,122.44,,
12361-75021,74.10,a,64.13,BW08A2-2026,0,76.02,,
12361-75080,103.96,a,82.28,BW08A2-2026,0,108.30,,
12361-75100,96.84,a,80.65,BW08A-2026,14,92.95,,
12362-0S010,194.43,a,151.23,BW08A2-2026,0,204.67,,
12362-22010,206.22,a,168.54,BW08A2-2026,0,#N/A,,
12362-31040,417.01,a,294.22, BW08A-2026 ,14,414.85,,
12362-31080,352.49,a,230.04,BW07B-2026,47,284.07,,
12362-38010,238.83,a,193.34,BW08A2-2026,0,233.31,,
12363-0P020,121.17,a,94.44,BW06A2-2026,62,111.42,,
12363-0V080,178.72,a,116.27,BW06A2-2026,62,0.00,,
12363-28090,192.55,a,134.00,BW08A2-2026,0,213.96,,
12363-31012,154.84,a,116.30,BW08A2-2026,0,168.31,,
12363-31020,196.56,Net Price,179.21,BW10A11A-2024,677,220.35,,
12363-31060,184.80,a,149.56, BW05A-2026 ,109,178.96,,
12363-36040,144.86,a,116.30,BW08A2-2026,0,147.82,,
12363-36070,231.58,a,185.12, BW07IE-2026 ,19,233.86,,
12371-0C091,138.76,a,78.90,BW07UC-2026,27,136.69,,
12371-0C200,106.32,a,90.64,BW07UC-2026,27,100.96,,
12371-0S020,238.04,a,168.67,BW06A2-2026,62,273.75,,
12371-17070,79.61,a,65.42,BW08A2-2026,0,77.05,,
12371-17120,185.03,a,151.23,BW08A2-2026,0,174.08,,
12371-21041,123.71,a,101.01,BW09A-2025,344,0.00,,
12371-21100,192.54,a,161.97,BW01A-2026,223,184.80,,
12371-21250,156.57,a,138.32, BW09A-2025 ,344,176.10,,
12371-22130,202.17,a,164.42,BW08A-2026,14,185.76,,
12371-22140,186.76,a,144.92,BW07IE-2026,19,166.92,,
12371-22240,200.38,a,140.04,BW06A2-2026,62,178.45,,
12371-22250,191.16,a,157.08,BW08A2-2026,0,223.69,,
12371-25060,198.37,a,160.42,BW05AS-2026,104,217.82,,
12371-28250,149.38,a,125.64,BW08A2-2026,0,165.34,,
12371-36100,157.67,a,128.62, BW07B-2026 ,47,154.10,,
12371-37110,196.62,a,142.20, BW08A2-2026 ,0,218.48,,
12371-51070,212.83,a,174.30,BW07IE-2026,19,0.00,,
12371-61050,200.86,a,165.06,BW08A2-2026,0,192.40,,
12371-66020,191.89,a,156.11,BW07IE-2026,19,194.86,,
12371-75050,136.26,a,111.41,BW08A-2026,14,130.67,,
12371-BZ170,72.88,a,58.44,BW06IE-2026,69,85.64,,
12372-0M160,213.11,a,173.05,BW04UC-2026,116,261.81,,
12372-16351,196.07,a,154.42,BW08A2-2026,0,208.60,,
12372-21330,199.53,a,161.97,BW07B-2026,47,193.17,,
12372-22200,179.74,a,145.01,BW06A-2026,53,171.65,,
12372-28200,207.14,a,155.48,BW08A2-2026,0,225.16,,
12372-36060,162.04,a,132.44,BW08A2-2026,0,157.11,,
12372-37010,200.80,a,158.70,BW03A-2026,158,221.78,,
12380-30010,89.47,a,73.13,BW08A2-2026,0,86.34,,
13011-11122,180.56,Net Price,169.81,BW08A-2024,726,204.08,,
13011-11201,331.74,a,260.64,BW08A-2026,14,335.67,,
13011-16300,234.55,a,191.76,BW08A-2026,14,226.92,,
13011-22150,238.55,a,200.76,BW01A-2026,204,239.23,,
13011-28120,268.47,a,219.42, BW08A2-2026 ,0,244.44,,
13011-28151,296.85,a,242.62,BW08A2-2026,0,257.88,,
13011-30051,397.75,a,325.09,BW08A2-2026,0,411.10,,
13011-30150,355.99,a,289.51,BW08A-2026,14,378.16,,
13011-31130,395.92,a,335.06,BW12A-2025,236,397.62,,
13011-37090,195.62,a,160.21,BW07IE-2026,19,191.56,,
13011-38120,573.15,a,468.61, BW08A-2026 ,14,553.59,,
13011-47031,362.79,a,153.03,BW07B-2026,47,272.28,,
13011-50141,745.70,a,606.45,BW08A-2026,14,757.71,,
13011-54062,401.52,a,328.17,BW08A2-2026,0,415.80,,
13011-54100,392.16,a,321.60, BW08A-2026 ,14,#N/A,,
13011-55012,336.58,Net Price,302.66,BW06AS-2025,428,0.00,,
13011-71033,242.87,a,211.96,BW02A2-2026,175,261.96,,
13011-75030,284.26,a,240.88, BW04A-2026 ,131,318.81,,
13011-75110,260.34,a,212.78,BW08A2-2026,0,246.79,,
13011-75200,260.62,a,213.01, BW08A2-2026 ,0,275.22,,
13013-17030,719.41,a,588.00,BW08A2-2026,0,691.68,,
13013-30051,464.54,a,386.61,BW06A-2026,74,440.26,,
13013-75090,397.55,a,315.48, BW08A-2026 ,14,401.59,,
13013-75110,317.75,a,254.28,BW08A2-2026,0,324.25,,
13041-17011-02,24.71,a,20.27,BW07B-2026,47,24.46,,
13041-17011-04,24.61,a,19.98,BW07B-2026,47,24.50,,
13041-17011-05,24.42,a,20.54, BW08A2-2026 ,0,24.09,,
13041-20011-02,28.99,a,24.28,BW02AS-2026,174,28.72,,
13041-21030-02,19.72,a,15.97,BW02A2-2026,175,18.58,,
13041-26020-02,24.16,a,20.96,BW11A-2025,272,24.72,,
13041-30020-02,27.40,a,22.93,BW08A-2026,14,26.63,,
13041-31090-01,21.53,a,17.69,BW08A2-2026,0,28.35,,
13041-31090-02,25.05,a,17.96,BW08A2-2026,0,26.92,,
13041-31090-04,22.53,a,17.60,BW08A-2026,14,23.72,,
13041-31100-01,21.93,a,17.72,BW04A-2026,131,26.26,,
13041-31100-02,21.49,a,17.57,BW08A-2026,14,20.93,,
13041-37010-02,22.31,a,17.75,BW08A-2026,14,23.32,,
13041-37030-02,20.68,a,17.66,BW04A-2026,131,22.66,,
13041-38060-02,21.22,a,17.76,BW08A-2026,14,21.26,,
13041-38060-03,22.53,a,17.76,BW08A-2026,14,#N/A,,
13041-38060-04,23.02,a,18.10,BW08A2-2026,0,23.98,,
13041-38060-05,21.83,a,17.85,BW08A2-2026,0,21.89,,
13041-38060-06,22.64,a,17.75, BW08A-2026 ,14,23.83,,
13041-38070-02,21.28,a,17.63,BW04A-2026,131,21.12,,
13041-47012-03,16.87,a,15.39,BW05NE-2025,461,21.52,,
13041-50031-03,29.34,a,23.99,BW08A-2026,14,27.36,,
13041-50031-05,30.30,a,24.11,BW08A2-2026,0,32.24,,
13041-51021-01,20.81,a,16.93, BW06A2-2026 ,62,19.87,,
13041-51021-03,21.67,a,17.01,BW08A2-2026,0,22.48,,
13041-58050-02,27.75,a,23.62,BW07B-2026,47,27.65,,
13041-66031-03,34.24,a,25.40,BW07B-2026,47,0.00,,
13041-66031-04,30.90,a,25.90,BW10A2-2025,316,30.19,,
13041-74041-02,23.99,a,20.63,BW06AS-2025,428,24.31,,
13041-75010-02,23.32,a,18.93, BW07B-2026 ,47,26.07,,
13041-75022-04,28.05,a,23.60,BW03A-2026,158,28.46,,
13041-75070-04,23.03,a,17.57, BW08A-2026 ,14,24.24,,
13050-20011,390.84,a,330.21,BW04A-2026,131,401.11,,
13050-31170,327.88,a,267.83,BW06IE-2026,69,323.77,,
13050-31190,327.38,a,267.66,BW08A-2026,14,319.14,,
13050-36011,304.84,a,249.16,BW08A2-2026,0,295.89,,
13050-46010,325.37,a,256.62,BW06IE-2026,69,304.56,,
13070-36030,471.35,a,376.58,BW08A2-2026,0,480.99,,
13070-75010,453.82,a,369.18,BW06A2-2026,62,427.70,,
13101-0C020,99.67,a,81.53,BW01A-2026,223,114.62,,
13101-0E010-02,214.04,a,197.57, BW04A-2025 ,487,223.69,,
13101-11180-02,271.86,a,199.92,BW07UC-2026,26,267.80,,
13101-17010-02,202.22,a,165.29,BW08A2-2026,0,160.45,,
13101-17040-02,228.12,a,181.61,BW08A2-2026,0,235.19,,
13101-17100-02,164.31,a,135.02,BW08A2-2026,0,162.36,,
13101-21040,96.67,a,78.18,BW05AS-2026,104,94.97,,
13101-21080,79.09,a,65.65,BW02A2-2026,175,81.20,,
13101-23020,89.83,a,75.84,BW04A-2026,124,94.27,,
13101-30102-02,201.61,a,155.28,BW08A-2026,14,212.23,,
13101-30200-02,189.63,a,144.28,BW07UC-2026,26,179.95,,
13101-31030-A0,100.20,a,81.49,BW08A-2026,14,99.16,,
13101-31030-B0,106.80,a,84.87, BW06IE-2026 ,69,118.18,,
13101-31120-A0,100.66,a,79.15, BW08A-2026 ,14,103.78,,
13101-37081,89.16,a,71.70,BW05A-2026,109,95.49,,
13101-47021,102.85,a,66.83, BW02AS-2026 ,174,125.53,,
13101-50082-02,128.27,a,105.54, BW07UC-2026 ,26,135.88,,
13101-54070-02,256.13,a,231.53,BW06A-25 02AS-2026,428,284.47,,
13101-75200,97.32,a,79.55,BW08A2-2026,0,98.97,,
13103-23020,107.55,a,91.81, BW10A2-2025 ,295,117.26,,
13103-30102,239.53,a,180.18, BW02AS-2026 ,174,258.10,,
13103-50082,156.65,a,128.03,BW08A2-2026,0,149.54,,
13103-75120,107.05,a,88.76,BW09A-2025,344,92.22,,
13103-75130,135.55,a,101.31,BW08A2-2026,0,146.17,,
13103-75200,117.74,a,96.75,BW08A2-2026,0,115.24,,
13201-30051,293.20,a,230.56,BW07UC-2026,26,317.63,,
13201-38030,270.46,a,230.32,BW03A-2026,158,310.66,,
13201-66020,333.15,a,278.53,BW07UC-2026,26,348.89,,
13201-79617,317.22,a,252.02,BW08A2-2026,0,330.45,,
13204-17011,179.88,a,146.24,BW06A-2026,53,175.58,,
13204-30020,132.07,a,107.41,BW06A-2026,53,129.16,,
13204-30030,150.79,a,118.07,BW08A-2026,14,158.73,,
13204-54042,119.49,a,97.70,BW08A-2026,14,115.83,,
13204-66031,225.59,a,183.45,BW08A-2026,14,246.24,,
13204-75070,107.93,a,85.07,BW08A-2026,14,113.44,,
13211-28112-A0,97.18,a,77.44, BW08A2-2026 ,0,100.19,,
13251-28020-A0,19.74,a,16.06,BW08A-2026,14,18.77,,
13251-28020-B0,19.45,a,15.87,BW08A-2026,14,#N/A,,
13265-22031,6.46,a,5.25,BW08A-2026,14,#N/A,,
13265-22040,5.48,a,4.40,BW08A2-2026,0,5.77,,
13281-28011-02,10.13,a,8.22,BW07B-2026,47,9.88,,
13281-36021-01,12.92,a,9.30,BW08A2-2026,0,14.36,,
13281-36021-02,11.23,a,9.23,BW08A2-2026,0,10.94,,
13281-36021-03,11.29,a,9.23,BW08A2-2026,0,#N/A,,
13301-50072-02,131.80,a,105.40,BW08A2-2026,0,135.88,,
13303-50051,155.60,a,122.32,BW07B-2026,47,148.66,,
13401-0E010,1614.09,a,1310.69, BW04UC-2026 ,116,1818.18,,
13401-38010,3392.28,a,2747.47,BW05AS-2026,104,3289.05,,
13405-17010,987.58,a,782.03, BW08A2-2026 ,0,1028.78,,
13405-31081,633.07,a,498.87,BW04A-2026,131,632.70,,
13405-66030,889.28,a,710.86,BW08A2-2026,0,907.47,,
13405-75060,505.06,a,409.57,BW07B-2026,47,711.73,,
13408-17020,668.95,a,561.06,BW03A-2026,158,766.74,,
13470-31014,328.30,a,268.33,BW08A2-2026,0,321.71,,
13470-31030,328.30,a,268.34,BW08A2-2026,0,315.80,,
13470-66030,587.39,a,481.14, BW06A2-2026 ,62,563.44,,
13501-17010,956.12,a,781.79,BW08A-2026,14,903.91,,
13502-30050,684.16,Net Price,643.42,NMC-2025,911,0.00,,
13503-54030,147.22,a,119.05,BW05AS-2026,104,136.29,,
13503-62030,138.90,a,113.57,BW07IE-2026,19,115.06,,
13505-17011,231.63,a,205.73,BW01A-2026,223,183.74,,
13505-50030,140.99,a,109.96,BW07IE-2026,19,110.10,,
13506-0T130,165.52,Net Price,155.67,BW07A-2024,777,0.00,,
13506-31010,217.97,a,175.59,BW07B-2026,47,213.37,,
13506-36010,206.97,a,158.27,BW08A2-2026,0,223.21,,
13506-75050,225.82,a,173.37,BW08A-2026,14,201.18,,
13506-75070,192.88,a,157.04, BW08A-2026 ,14,187.48,,
13507-0C010,123.55,a,105.33, BW11A2-2025 ,266,130.59,,
13507-28010,80.68,a,65.96, BW08A-2026 ,14,79.07,,
13507-31010,65.72,a,54.02, BW08A-2026 ,14,64.09,,
13507-31020,65.66,a,55.13, BW08A2-2026 ,0,65.15,,
13507-75010,162.64,a,128.07, BW07B-2026 ,47,175.10,,
13507-75030,129.33,a,104.75,BW06IE-2026,69,126.52,,
13519-0E010,46.89,a,36.91, BW06A-2026 ,53,52.81,,
13521-16040,72.87,a,52.34,BW03A-2026,158,0.00,,
13521-20020,87.02,a,70.31,BW04A-2026,124,85.02,,
13521-31041,35.48,a,27.76,BW08A2-2026,0,42.67,,
13521-36010,21.14,a,17.28,BW08A2-2026,0,20.93,,
13521-46040,121.82,a,103.96,BW12A-2025,236,120.68,,
13521-54030,75.63,a,61.51,BW08A-2026,14,74.70,,
13521-65011,78.55,a,67.69,BW09A-2025,344,93.65,,
13521-75021,54.49,a,44.54,BW08A2-2026,0,52.74,,
13522-66030,60.41,a,49.88,BW02A2-2026,175,59.60,,
13523-17010,33.45,a,26.31,BW08A-2026,14,32.58,,
13523-22020,49.63,a,40.57, BW08A-2026 ,14,48.81,,
13523-31030,35.62,a,29.77, BW08A-2026 ,14,39.77,,
13523-66020,40.94,a,32.57,BW08A2-2026,0,43.56,,
13523-75030,41.25,a,33.55,BW08A-2026,14,40.87,,
13525-17010,242.73,a,199.46,BW08A2-2026,0,236.99,,
13530-31011,25.09,a,20.51,BW08A2-2026,0,#N/A,,
13540-0C021,45.25,a,36.43,BW04A-2026,124,46.53,,
13540-0Y010,58.35,a,45.52, BW08A-2026 ,14,60.16,,
13540-20030,122.78,a,98.82,BW06IE-2026,69,116.34,,
13540-21020,63.11,a,46.33,BW06IE-2026,69,54.10,,
13540-22022,50.87,a,41.14,BW06IE-2026,69,49.54,,
13540-27011,181.85,a,112.95, BW07B-2026 ,47,181.38,,
13540-31021,121.67,a,101.81,BW08A-2026,14,115.68,,
13540-31031,131.67,a,93.48, BW08A2-2026 ,0,146.31,,
13540-37030,45.94,a,37.36,BW08A-2026,14,44.36,,
13540-38020,94.26,a,77.07,BW08A-2026,14,93.02,,
13540-38042,118.06,a,92.42,BW08A2-2026,0,141.80,,
13540-38060,229.20,a,167.91,BW06IE-2026,69,197.40,,
13540-50030,119.16,a,97.39,BW08A2-2026,0,108.78,,
13540-51020,56.85,a,45.49,BW08A2-2026,0,58.61,,
13540-62021,113.54,a,73.01,BW07B-2026,47,0.00,,
13540-66011,56.51,a,46.21,BW08A-2026,14,54.28,,
13540-67020,82.23,a,67.21, BW08A2-2026 ,0,84.61,,
13540-74010,126.78,a,99.44,BW08A2-2026,0,133.46,,
13540-75020,55.19,a,44.80,BW07B-2026,47,53.73,,
13540-75041,43.92,a,36.80,BW08A-2026,14,43.45,,
13540-88480,119.44,a,97.62,BW08A2-2026,0,#N/A,,
13549-28012,13.54,a,11.07,BW08A-2026,14,13.33,,
13550-0C020,45.74,a,36.50, BW08A-2026 ,14,46.68,,
13550-31020,112.47,a,91.96,BW08A-2026,14,110.80,,
13550-38020,118.48,a,92.99,BW08A2-2026,0,114.32,,
13550-75010,47.52,a,36.68,BW08A2-2026,0,52.74,,
13552-36010,4.97,a,4.06,BW08A2-2026,0,#N/A,,
13554-75010,21.13,a,16.41,BW08A-2026,14,21.56,,
13554-75021,15.74,a,11.73, BW08A2-2026 ,0,16.64,,
13556-46010,24.29,a,19.17, BW08A2-2026 ,0,24.79,,
13559-0E010,45.31,a,36.04, BW08A-2026 ,14,46.24,,
13559-0E020,45.47,a,35.88, BW06A-2026 ,53,42.16,,
13559-11010,43.84,a,35.50,BW04A-2026,131,42.56,,
13559-11020,42.39,a,35.38,BW03A-2026,158,42.45,,
13559-21031,44.32,a,36.20,BW08A2-2026,0,42.01,,
13559-22011,46.36,a,40.40,BW06IE-2026,69,46.64,,
13559-31010,44.88,a,35.07,BW07UC-2026,26,43.26,,
13559-31030,42.67,a,34.53,BW05AS-2026,104,42.49,,
13559-36010,44.69,a,37.26,BW08A2-2026,0,42.71,,
13559-37050,44.13,a,36.26,BW08A2-2026,0,43.08,,
13559-38010,69.28,a,49.70,BW08A2-2026,0,76.98,,
13559-38030,50.11,a,36.53,BW08A2-2026,0,55.68,,
13559-66011,56.71,a,44.31, BW08A-2026 ,14,52.66,,
13559-75050,58.12,a,47.50,BW08A2-2026,0,53.80,,
13559-75060,57.37,a,46.85,BW06A2-2026,62,55.53,,
13560-38021,113.77,a,92.99,BW08A2-2026,0,141.76,,
13561-0C040,67.00,a,54.79,BW08A-2026,14,54.06,,
13561-21040,64.93,a,54.90,BW08A2-2026,0,61.62,,
13561-31010,98.16,a,80.23,BW08A2-2026,0,90.67,,
13561-31021,113.96,a,91.90, BW06IE-2026 ,69,107.60,,
13561-31030,101.13,a,78.15,BW07B-2026,47,94.24,,
13561-37050,80.92,a,65.66,BW05AS-2026,104,76.42,,
13561-38060,81.22,a,67.55, BW06A2-2026 ,62,73.08,,
13561-38070,67.85,a,54.92,BW06IE-2026,69,64.31,,
13561-51020,40.86,a,34.55,BW08A2-2026,0,40.32,,
13561-75050,82.25,a,67.25,BW08A-2026,14,77.67,,
13561-75060,67.85,a,54.96,BW06IE-2026,69,62.10,,
13561-76020,90.64,a,77.48,BW10A2-2025,316,99.63,,
13562-0E010,42.47,a,34.52,BW04A-2026,124,40.84,,
13562-31010,23.66,a,19.80,BW08A-2026,14,22.44,,
13562-31020,23.84,a,19.59, BW08A2-2026 ,0,23.54,,
13562-75010,53.84,a,43.25, BW08A2-2026 ,0,50.64,,
13563-75021,23.24,a,19.34,BW08A-2026,14,23.32,,
13566-11030,10.31,a,7.06,BW08A2-2026,0,11.46,,
13566-36011,8.59,a,7.02,BW08A2-2026,0,8.30,,
13566-40031,21.23,a,18.15,BW12A-2025,236,23.72,,
13566-75020,10.40,a,8.05,BW08A2-2026,0,10.72,,
13568-09041,123.62,a,102.59,BW06A2-2026,62,142.31,,
13568-19046,100.25,a,80.74,BW06IE-2026,69,91.26,,
13568-19056,92.38,a,77.56,BW02A-2026,194,92.07,,
13568-19195,116.55,a,84.56,BW08A2-2026,0,120.16,,
13568-29025,212.77,a,127.28,BW06A2-2026,62,254.10,,
13568-39016,167.99,a,83.91,BW08A2-2026,0,186.67,,
13568-59095,183.77,a,146.87,BW08A2-2026,0,175.07,,
13568-69085,101.57,a,83.18,BW06A2-2026,62,99.38,,
13568-79085,110.75,a,90.52,BW08A2-2026,0,#N/A,,
13568-YZZ01,101.41,a,82.36,BW08A-2026,14,100.30,,
13568-YZZ03,133.72,a,111.82,BW06A-2026,53,150.32,,
13568-YZZ10,119.86,a,97.45,BW08A-2026,14,114.73,,
13568-YZZ17,90.17,a,71.73,BW06IE-2026,69,86.49,,
13571-17010,6.46,a,5.28,BW08A2-2026,0,6.46,,
13581-17012,39.30,a,32.30,BW08A-2026,14,38.89,,
13591-40041,34.31,a,30.72, BW11A-2024 ,635,0.00,,
13613-17010,89.80,a,72.75,BW07B-2026,47,89.68,,
13711-0E010,18.06,a,13.58,BW06IE-2026,69,19.43,,
13711-17021,42.64,a,34.57,BW06A2-2026,62,40.03,,
13711-30030,27.55,a,21.68,BW07UC-2026,26,27.95,,
13711-31101,26.34,a,21.54,BW08A-2026,14,26.11,,
13711-40050,19.09,a,15.53,BW06A-2026,53,17.63,,
13711-50060,29.73,a,23.29,BW06IE-2026,69,26.99,,
13711-51030,26.29,a,21.28,BW05AS-2026,104,26.11,,
13711-54020,27.10,a,21.97,BW06A2-2026,62,26.88,,
13711-54030,26.76,a,21.87, BW08A2-2026 ,0,26.26,,
13711-58021,33.48,a,26.54,BW07UC-2026,26,31.36,,
13711-58030,33.81,a,26.62,BW07B-2026,47,35.73,,
13711-64020,28.57,a,23.28,BW05AS-2026,104,27.76,,
13711-66020,57.71,a,46.54,BW06A2-2026,62,60.23,,
13711-71010,32.31,a,26.36,BW05AS-2026,104,30.41,,
13715-17010,35.13,a,28.28,BW06A2-2026,62,33.64,,
13715-17030,60.58,a,48.99,BW05AS-2026,104,66.33,,
13715-22030,37.19,a,29.61,BW06A2-2026,62,37.09,,
13715-22040,36.28,a,29.47,BW05AS-2026,104,34.85,,
13715-23040,67.33,a,34.72,BW06A2-2026,62,0.00,,
13715-30030,40.04,a,31.97,BW06A2-2026,62,37.17,,
13715-30040,37.58,a,31.33,BW05AS-2026,104,36.91,,
13715-31091,57.50,a,49.44,BW07UC-2026,26,58.76,,
13715-31150,43.44,a,35.49, BW06A2-2026 ,62,43.85,,
13715-36020,42.97,a,36.18,BW08A2-2026,0,46.13,,
13715-40050,28.85,a,23.33,BW05AS-2026,104,28.09,,
13715-51030,37.68,a,31.44,BW06A2-2026,62,37.86,,
13715-54050,39.31,a,31.86,BW06A2-2026,62,37.75,,
13734-62020,1.15,a,0.90, BW08A-2026 ,14,1.21,,
13741-54020,2.89,a,2.38,BW09A-25 02A03A-2026,344,3.38,,
13750-0E010,33.06,a,27.33,BW01A-2026,223,35.11,,
13750-21010,34.10,a,27.87,BW08A2-2026,0,29.89,,
13750-26010,33.31,a,27.31,BW08A-2026,14,34.37,,
13750-31010,46.19,a,40.74,BW09A-2025,351,47.38,,
13750-31030,32.65,a,26.97,BW05AS-2026,104,32.91,,
13750-75020,35.91,a,27.31,BW08A-2026,14,37.02,,
13751-46050,21.69,a,17.73,BW08A2-2026,0,#N/A,,
13751-46100,21.65,a,17.61,BW08A-2026,14,24.09,,
13751-46120,22.64,a,17.61,BW08A-2026,14,23.83,,
13751-46200,21.97,a,17.95,BW08A2-2026,0,20.86,,
13751-46300,23.15,a,17.61,BW08A-2026,14,23.87,,
13751-54010,30.94,a,23.75,BW06IE-2026,69,28.06,,
13753-17090,13.47,a,11.33,BW06A2-2026,62,12.82,,
13753-17100,12.89,a,11.07,BW04A-2026,124,12.96,,
13753-54010,13.70,a,10.98,BW04A-2026,124,13.26,,
13753-54060,13.36,a,11.25,BW03A-2026,158,13.48,,
13753-54160,13.94,a,11.27,BW04A-2026,131,12.38,,
13753-54310,12.69,a,11.07,BW02A2-2026,175,13.59,,
13753-54360,12.84,a,11.05,BW03A-2026,158,12.52,,
13753-54410,13.43,a,10.90,BW07B-2026,47,12.71,,
13753-54450,12.75,a,10.98,BW01A-2026,204,12.89,,
13753-54480,13.43,a,10.90,BW07B-2026,47,13.04,,
13753-74090,16.28,a,13.25,BW08A2-2026,0,17.70,,
13753-74210,15.79,a,12.77, BW02AS-2026 ,174,18.03,,
13753-74330,15.67,a,13.11,BW01A-2026,223,17.70,,
13801-11012,61.02,a,47.98,BW08A-2026,14,63.68,,
13819-17010,16.44,a,13.18, BW02AS-2026 ,174,17.92,,
15100-11071,156.27,a,127.77,BW08A-2026,14,143.01,,
15100-20050,214.46,a,173.85, BW07B-2026 ,47,213.08,,
15100-21032,123.99,a,99.87, BW04A-2026 ,131,119.80,,
15100-23020,144.51,a,120.93,BW08A-2026,14,143.34,,
15100-50040,326.49,a,255.89,BW06A2-2026,62,346.35,,
15100-50050,376.80,a,288.86, BW08A-2026 ,14,427.88,,
15100-74030,195.59,a,154.69, BW08A2-2026 ,0,203.75,,
15100-74050,183.59,a,149.35, BW06A2-2026 ,62,178.52,,
15102-66020,44.69,a,36.35,BW08A-2026,14,43.01,,
15103-0C013,79.85,a,65.29,BW08A-2026,14,80.72,,
15103-0C020,66.31,a,56.86,BW12IE-2025,252,65.88,,
15103-31050,67.31,a,55.03,BW08A2-2026,0,65.15,,
15103-31080,63.99,a,54.20,BW04A-2026,124,70.51,,
15103-38060,79.22,a,60.56,BW08A2-2026,0,79.95,,
15104-21022,36.91,a,30.57,BW06AS-2025,414,36.10,,
15104-22023,65.41,a,53.46,BW08A2-2026,0,#N/A,,
15104-31140,42.55,a,34.54,BW07B-2026,47,42.49,,
15104-51030,47.88,a,39.25,BW08A-2026,14,47.34,,
15115-54022,21.79,a,17.81,BW08A2-2026,0,20.60,,
15147-31060,4.94,a,4.04,BW08A-2026,14,7.31,,
15147-36010,6.10,a,5.05, BW08A2-2026 ,0,7.79,,
15163-66021,62.19,a,50.97,BW06A2-2026,62,59.86,,
15165-74020,14.80,a,11.78,BW06IE-2026,69,13.77,,
15188-31050,3.98,a,3.13,BW07B-2026,47,3.82,,
15188-74050,11.32,a,9.30, BW08A2-2026 ,0,14.10,,
15193-31020,5.13,a,3.17,BW07B-2026,47,5.69,,
15193-36010,1.30,a,0.99,BW08A2-2026,0,1.69,,
151A0-51020,547.14,a,447.39, BW08A-2026 ,14,532.92,,
15301-0C010,20.75,a,17.39,BW04A-2026,124,22.26,,
15301-54080,14.18,a,13.03,BW04A-2025,491,17.22,,
15301-75011,19.00,a,16.61,BW01A-2026,204,21.45,,
15330-20011,132.44,a,109.60, BW04A-2026 ,131,130.23,,
15330-21011,127.21,a,103.95, BW08A2-2026 ,0,125.38,,
15330-22050,134.17,a,109.85, BW07IE-2026 ,19,132.69,,
15330-31010,166.68,a,133.25,BW06IE-2026,69,183.74,,
15330-37020,127.22,a,104.07,BW04A-2026,124,122.59,,
15340-31010,157.09,a,131.10,BW06IE-2026,69,156.82,,
15340-50011,214.47,a,164.75, BW08A2-2026 ,0,233.13,,
15471-30011,5.14,a,4.06, BW08A2-2026 ,0,5.47,,
15471-51020,5.14,a,4.06,BW08A2-2026,0,5.47,,
15471-58010,4.65,a,3.58, BW07B-2026 ,47,4.41,,
15605-17030,11.95,a,9.60,BW06A-2026,53,11.61,,
15605-54010,17.56,a,14.26,BW07B-2026,47,17.26,,
15620-36020,51.71,a,42.27, BW08A-2026 ,14,49.95,,
15620-37010,54.72,a,43.21,BW06IE-2026,69,50.35,,
15650-38010,135.43,a,110.74, BW08A-2026 ,14,126.37,,
15678-20010,12.80,a,10.12,BW06A-2026,53,13.26,,
15678-31010,9.80,a,7.97, BW06A-2026 ,53,9.55,,
15678-32010,13.00,a,5.74,BW08A-2026,14,14.73,,
15691-64041,3.37,a,2.75, BW08A-2026 ,14,#N/A,,
15692-50020,2.18,a,1.55,BW08A-2026,14,2.39,,
15692-64010,9.38,a,7.71, BW08A2-2026 ,0,#N/A,,
15703-66010,25.95,a,18.11,BW08A2-2026,0,28.83,,
15708-38010,19.42,a,15.87, BW08A2-2026 ,0,19.79,,
15708-51010,19.79,a,16.18,BW08A2-2026,0,19.68,,
15708-75020,13.12,a,11.35,BW08A2-2026,0,13.07,,
15710-31040,959.21,a,784.00,BW08A2-2026,0,#N/A,,
15710-38021,1102.25,a,793.95, BW08A2-2026 ,0,1224.78,,
15710-66020,929.91,a,701.64,BW08A2-2026,0,948.94,,
15721-17012,207.89,a,161.89,BW08A-2026,14,214.33,,
15725-17010,10.27,a,8.49,BW01A-2026,223,10.25,,
15725-67010,12.70,a,9.94,BW08A-2026,14,13.11,,
15778-31010,27.86,a,22.18,BW08A2-2026,0,29.64,,
15778-62030,60.53,a,47.45,BW08A2-2026,0,63.06,,
15785-54010,4.75,a,3.54,BW07B-2026,47,4.88,,
15797-31010,14.87,a,11.91,BW06IE-2026,69,14.65,,
16031-31011,66.40,a,55.55,BW08A2-2026,0,65.15,,
16031-31020,76.01,a,59.62, BW08A-2026 ,14,71.21,,
16031-31031,73.93,a,55.89,BW08A2-2026,0,82.15,,
16032-25010,328.86,a,259.45,BW08A2-2026,0,342.06,,
16100-09460,237.76,a,191.37, BW06IE-2026 ,69,231.73,,
16100-0H030,363.59,a,208.85,BW05A-2026,109,460.64,,
16100-19235,272.93,a,219.43,BW08A2-2026,0,267.54,,
16100-19365,226.52,a,185.13,BW08A2-2026,0,#N/A,,
16100-28041,281.10,a,224.13,BW06IE-2026,69,260.45,,
16100-39406,322.94,a,264.03, BW08A-2026 ,14,319.54,,
16100-39426,267.03,a,218.34, BW08A-2026 ,14,260.53,,
16100-39436,307.69,a,249.85,BW03A-2026,158,295.20,,
16100-39456,327.65,a,260.22,BW06IE-2026,69,310.88,,
16100-39466,194.07,a,159.47,BW08A2-2026,0,206.69,,
16100-39496,299.13,a,244.49,BW08A2-2026,0,325.02,,
16100-39545,258.25,a,211.07, BW08A2-2026 ,0,254.50,,
16100-39555,278.89,a,228.71,BW08A-2026,14,303.61,,
16100-39565,233.67,a,189.52,BW06A-2026,53,229.71,,
16100-39575,201.15,a,164.41,BW08A2-2026,0,#N/A,,
16100-39595,211.74,a,163.57,BW08A-2026,14,216.79,,
16100-59276,355.98,a,272.11,BW08A-2026,14,317.78,,
16100-59366,299.13,a,244.50,BW08A2-2026,0,298.17,,
16100-69415,345.12,a,280.66,BW08A-2026,14,342.64,,
16100-79445,254.80,a,201.97,BW06A-2026,53,237.06,,
16100-80007,180.70,a,159.96,BW06AS-2025,442,215.94,,
16124-67010,6.91,a,5.25,BW08A-2026,14,6.98,,
161A0-29015,515.24,a,409.73,BW06IE-2026,69,494.39,,
16210-17070,403.88,a,328.54,BW06A2-2026,62,394.06,,
16210-17080,399.59,a,328.26,BW06A-2026,53,435.52,,
16210-30011,433.50,a,336.42,BW08A2-2026,0,471.22,,
16210-30031,428.16,a,332.22,BW08A2-2026,0,465.42,,
16210-31021,418.51,a,335.42,BW07IE-2026,19,403.17,,
16210-31040,428.63,a,336.41,BW08A2-2026,0,456.01,,
16210-38071,507.32,a,367.74,BW08A2-2026,0,551.46,,
16210-50072,526.90,a,430.65, BW08A2-2026 ,0,507.14,,
16210-50090,658.66,Net Price,619.44,NMC-2025,1063,0.00,,
16210-50102,502.12,a,420.06,BW08A2-2026,0,482.79,,
16210-54230,344.98,a,315.66,BW06A07A08A-2025,428,463.07,,
16210-66020,511.10,a,417.90,BW08A-2026,14,497.59,,
16210-66040,537.65,a,430.65,BW08A2-2026,0,504.75,,
16210-75100,406.49,a,332.21,BW08A2-2026,0,405.48,,
16260-25010,128.48,a,101.41,BW08A2-2026,0,#N/A,,
16260-25021,100.62,a,82.24, BW08A2-2026 ,0,#N/A,,
16261-20010,34.70,a,28.52,BW08A2-2026,0,38.34,,
16261-50090,12.91,a,10.01,BW08A-2026,14,13.48,,
16261-66050,20.53,a,15.26,BW08A2-2026,0,21.85,,
16261-75201,15.45,a,12.23,BW08A2-2026,0,16.09,,
16268-75112,58.68,a,47.98,BW08A-2026,14,56.08,,
16271-21021,8.04,a,6.57,BW08A2-2026,0,#N/A,,
16271-37020,9.94,a,8.13,BW07B-2026,47,11.27,,
16271-38020,11.28,a,9.00,BW08A2-2026,0,11.75,,
16271-50010,14.11,a,9.80,BW08A2-2026,0,13.04,,
16282-31020,33.30,a,26.88,BW01A-2026,223,40.62,,
16304-31037,161.39,a,127.02,BW08A-2026,14,168.13,,
16307-51011,219.32,a,179.27,BW08A2-2026,0,210.47,,
16321-0W010,58.99,a,45.22,BW08A2-2026,0,60.82,,
16321-21020,25.12,a,18.68,BW08A2-2026,0,22.15,,
16321-31030,46.96,a,37.25,BW08A2-2026,0,48.92,,
16321-75020,45.19,a,36.95,BW08A-2026,14,41.83,,
16322-31020,100.00,a,77.51,BW08A-2026,14,#N/A,,
16323-37021,80.31,a,57.18,BW08A2-2026,0,89.24,,
16323-38050,78.93,a,64.86,BW03A-2026,158,87.96,,
16325-25010,5.11,a,4.06,BW08A2-2026,0,5.55,,
16325-28010,7.27,a,6.09,BW08A-2026,14,7.31,,
16325-63011,7.76,a,6.21,BW06IE-2026,69,7.12,,
16325-76010,7.53,a,6.16, BW08A-2026 ,14,7.35,,
16331-13100,45.61,Net Price,42.90,NMC-2025,881,53.03,,
16331-17030,111.28,a,90.14, BW06A-2026 ,74,119.36,,
16340-54040,44.28,a,35.05,BW08A2-2026,0,46.13,,
16341-35010,3.65,a,2.98,BW08A-2026,14,3.49,,
16341-50020,15.28,a,12.33,BW06IE-2026,69,12.63,,
16346-30010,6.04,a,4.61,BW08A-2026,14,6.57,,
16346-36011,6.51,a,4.94,BW08A2-2026,0,7.23,,
16346-50010,8.20,a,6.46,BW08A-2026,14,8.63,,
16346-66020,6.27,a,5.13,BW08A2-2026,0,6.06,,
16361-0C011,212.77,a,119.76, BW07UC-2026 ,27,209.59,,
16361-17030,200.74,a,157.81,BW08A-2026,14,204.85,,
16361-28230,117.76,a,106.00,BW02A2-2026,175,132.17,,
16361-38020,205.06,a,171.55,BW08A2-2026,0,201.62,,
16361-75030,98.58,a,79.21,BW06IE-2026,69,88.95,,
16363-0A150,259.73,Net Price,244.26,NMC-2025,911,257.66,,
16363-20270,384.15,a,311.30, BW07IE-2026 ,19,284.73,,
16363-22100,332.62,a,271.85,BW08A2-2026,0,321.45,,
16363-28160,352.17,a,276.01,BW08A2-2026,0,374.67,,
16363-36210,314.17,a,262.83,BW08A2-2026,0,227.07,,
16363-38080,672.65,a,488.14,BW08A-2026,14,747.43,,
16363-75040,409.00,a,351.95,BW06A-2026,74,407.02,,
16400-0L120,853.18,a,729.68,BW09A-2025,349,825.95,,
16400-0P040,1310.25,a,811.22,BW07UC-2026,27,1374.10,,
16400-17380,1608.57,a,1314.72,BW08A2-2026,0,#N/A,,
16400-31751,1214.86,a,988.01,BW08A-2026,14,1136.86,,
16400-50360,1822.31,a,1477.59,BW06A2-2026,62,1714.51,,
16400-58571,1405.65,a,1141.09,BW07B-2026,47,0.00,,
16400-66180,1510.47,a,1241.18,BW08A2-2026,0,1399.59,,
16400-75472,1255.65,a,1026.26,BW08A2-2026,0,1189.82,,
16401-0C030,18.75,a,15.99,BW07UC-2026,27,17.48,,
16401-15520,42.55,a,34.78,BW08A2-2026,0,37.42,,
16401-31480,35.82,a,29.08,BW07B-2026,47,33.46,,
16401-31650,36.97,a,30.22,BW08A-2026,14,35.62,,
16401-36030,32.00,a,26.64,BW08A-2026,14,30.11,,
16401-50371,36.05,a,29.46,BW08A2-2026,0,32.72,,
16401-54750,34.46,a,27.10,BW06IE-2026,69,31.33,,
16401-62090,42.05,a,34.38, BW08A-2026 ,14,40.91,,
16401-67150,36.84,a,29.88,BW08A-2026,14,32.46,,
16401-7A470,42.55,a,34.61, BW06A-2026 ,53,38.74,,
16405-50080,20.75,a,14.01,BW08A2-2026,0,23.06,,
16470-75124,365.70,a,304.81,BW07UC-2026,26,345.95,,
16471-23030,6.05,a,5.21,BW04A-2026,124,5.36,,
164A2-37012,81.65,a,73.21,BW06AS-2025,442,82.04,,
16502-21010,33.03,a,26.99,BW08A2-2026,0,32.72,,
16502-21080,30.47,a,24.38,BW06A-2026,53,28.35,,
16515-17010,34.52,a,28.80,BW02A2-2026,175,36.54,,
16520-17022,33.07,a,26.34,BW08A2-2026,0,34.45,,
16523-20020,11.69,a,9.56,BW08A-2026,14,11.61,,
16523-21030,3.92,a,3.08, BW08A2-2026 ,0,4.08,,
16571-0P030,24.34,a,17.96,BW07UC-2026,27,25.93,,
16571-0S010,43.53,a,27.35,BW08A2-2026,0,48.37,,
16571-17010,31.14,a,25.46,BW08A-2026,14,30.67,,
16571-17020,29.27,a,21.93,BW07UC-2026,26,28.20,,
16571-17071,35.81,a,27.17,BW08A-2026,14,36.10,,
16571-28240,57.14,a,39.20,BW07IE-2026,19,48.92,,
16571-31170,46.64,a,36.63,BW07IE-2026,19,63.17,,
16571-31180,55.13,a,41.36,BW07IE-2026,19,52.59,,
16571-31240,42.01,a,30.89,BW08A2-2026,0,46.68,,
16571-31260,55.98,a,41.84,BW08A2-2026,0,60.85,,
16571-31350,58.69,a,29.13,BW07IE-2026,19,37.24,,
16571-38050,46.57,a,36.96,BW07IE-2026,19,45.87,,
16571-50150,39.87,a,31.21,BW08A2-2026,0,43.34,,
16571-50180,51.43,a,42.12,BW07IE-2026,19,50.20,,
16571-50240,40.72,a,34.25, BW08A2-2026 ,0,37.02,,
16571-54490,29.13,a,25.00, BW11A-2025 ,283,31.80,,
16571-66040,34.05,a,27.99,BW02A2-2026,175,33.02,,
16571-66050,53.31,a,34.26,BW08A2-2026,0,53.80,,
16571-75231,41.90,a,34.23,BW04A-2026,124,39.85,,
16571-75260,38.90,a,30.30,BW08A2-2026,0,39.66,,
16572-0T300,36.53,a,31.58,BW12AS-2025,246,46.68,,
16572-17010,34.13,a,28.48,BW07UC-2026,26,0.00,,
16572-17140,39.49,a,31.22,BW08A2-2026,0,42.01,,
16572-17150,32.70,a,26.55,BW07B-2026,47,34.45,,
16572-20100,53.30,a,42.16, BW07IE-2026 ,19,0.00,,
16572-25010,36.29,a,24.57,BW08A2-2026,0,40.32,,
16572-31170,33.00,a,27.08,BW08A-2026,14,32.54,,
16572-31371,46.01,a,32.38,BW08A-2026,14,51.12,,
16572-31390,74.55,a,43.72,BW07IE-2026,19,81.60,,
16572-31420,55.34,a,43.98,BW07IE-2026,19,0.00,,
16572-36110,53.86,a,40.68,BW03A-2026,158,66.36,,
16572-36230,28.14,a,23.13, BW08A2-2026 ,0,35.84,,
16572-38100,57.04,a,45.76,BW06IE-2026,69,49.91,,
16572-38131,47.36,a,32.54,BW08A2-2026,0,50.39,,
16572-38151,48.42,a,33.02,BW06IE-2026,69,63.46,,
16572-50180,66.62,a,52.91,BW07IE-2026,19,66.29,,
16572-66021,25.64,a,19.98,BW08A-2026,14,30.08,,
16572-66030,48.14,a,40.16,BW08A-2026,14,47.89,,
16572-75090,50.44,a,42.75,BW07B-2026,47,50.83,,
16572-AD012,76.20,a,40.13,BW06A2-2026,62,0.00,,
16573-66010,29.56,a,24.59,BW07UC-2026,26,34.34,,
16577-37030,34.23,a,27.42,BW08A2-2026,0,#N/A,,
16578-75011,90.83,a,73.67,BW05AS-2026,104,89.35,,
16595-25030,50.55,a,41.33, BW08A-2026 ,14,47.60,,
16601-0V010,280.13,a,162.79,BW07B-2026,47,328.06,,
16603-0C020,48.95,a,34.43, BW07UC-2026 ,26,48.22,,
16603-0W010,121.26,a,105.82,BW04A-2026,124,176.32,,
16603-0W030,145.59,a,109.24,BW08A2-2026,0,161.77,,
16603-31040,96.67,a,74.22,BW08A-2026,14,96.37,,
16603-38012,103.32,a,83.80,BW07B-2026,47,98.61,,
16603-38030,125.54,a,100.46,BW07IE-2026,19,126.19,,
16603-75020,113.07,a,81.64, BW08A2-2026 ,0,125.64,,
16604-31030,95.78,a,65.88,BW08A2-2026,0,106.43,,
16604-38020,119.73,a,86.43,BW06IE-2026,69,109.99,,
16610-70010,320.31,a,261.80,BW08A2-2026,0,#N/A,,
16620-0H021,259.91,a,208.99,BW08A2-2026,0,294.42,,
16620-0S012,144.99,a,89.99,BW08A2-2026,0,124.98,,
16620-0V022,354.90,a,207.14,BW08A-2026,14,394.35,,
16620-0W101,136.67,a,97.99,BW08A2-2026,0,159.20,,
16620-25011,321.61,a,212.17,BW08A2-2026,0,349.59,,
16620-28090,321.18,a,229.68,BW08A2-2026,0,356.89,,
16620-30010,395.82,a,261.79, BW08A2-2026 ,0,439.82,,
16620-31013,238.89,a,133.88,BW08A2-2026,0,256.34,,
16620-31021,390.86,a,261.80, BW08A2-2026 ,0,434.31,,
16620-31051,339.37,a,260.48,BW06A08A2-2026,62,368.90,,
16620-36013,288.24,a,208.98,BW08A2-2026,0,320.06,,
16620-37030,269.15,a,208.98,BW08A2-2026,0,274.19,,
16620-75051,372.90,a,216.96,BW08A2-2026,0,389.43,,
16671-24010,91.15,a,74.50, BW08A2-2026 ,0,#N/A,,
16671-24020,90.66,a,74.48,BW08A2-2026,0,#N/A,,
16711-17010,202.32,a,159.54,BW09A-2025,329,218.04,,
16711-31500,229.83,a,187.93,BW08A-2026,14,212.78,,
16711-50090,220.17,a,184.26,BW08A-2026,14,215.39,,
16711-50220,222.43,a,186.16, BW08A-2026 ,14,210.43,,
16711-66020,191.87,a,159.28,BW06A-2026,53,200.74,,
16712-0D230,63.55,a,50.14, BW06A2-2026 ,62,68.12,,
16870-38010,213.50,a,165.78, BW08A2-2026 ,0,191.89,,
17115-17010,3.21,a,2.60,BW07B-2026,47,3.97,,
17116-17020,12.68,a,10.31,BW06A-2026,53,12.56,,
17151-17010,14.74,a,11.65,BW08A2-2026,0,15.35,,
17171-36020,25.73,a,20.55, BW08A2-2026 ,0,26.26,,
17171-38020,36.28,a,27.12,BW07IE-2026,19,40.73,,
17171-51010,15.58,a,12.39,BW07IE-2026,19,15.98,,
17173-21020,24.35,a,19.91,BW08A-2026,14,23.61,,
17173-30030,59.66,a,42.35,BW08A-2026,14,66.29,,
17173-31050,30.54,a,19.85,BW08A2-2026,0,33.93,,
17173-37010,24.17,a,19.76, BW08A-2026 ,14,23.61,,
17173-46020,45.84,a,36.08, BW08A-2026 ,14,48.26,,
17173-50021,57.84,a,49.00,BW06A-2026,74,56.23,,
17173-66020,41.12,a,34.49,BW08A-2026,14,41.24,,
17173-74040,42.97,a,35.78,BW08A-2026,14,42.86,,
17173-75030,31.46,a,21.98,BW08A2-2026,0,34.96,,
17176-15010,13.17,a,10.43,BW08A-2026,14,13.44,,
17176-20020,25.69,a,21.11,BW08A2-2026,0,25.05,,
17176-31140,25.13,a,20.54,BW08A2-2026,0,24.86,,
17177-21010,13.26,a,10.29,BW08A2-2026,0,13.96,,
17177-28031,21.18,a,16.71, BW08A2-2026 ,0,17.22,,
17177-51011,12.64,a,10.02, BW08A2-2026 ,0,13.74,,
17177-64020,8.47,a,7.00,BW11A2-2025,266,0.00,,
17177-74070,19.88,a,15.26,BW08A-2026,14,20.93,,
17177-75020,16.57,a,13.02,BW08A-2026,14,17.44,,
17177-75030,18.33,a,15.03,BW08A-2026,14,#N/A,,
17177-88460,18.30,a,15.04,BW08A2-2026,0,#N/A,,
17179-51010,15.35,a,11.92,BW08A2-2026,0,15.64,,
17198-66010,30.52,a,18.40,BW08A-2026,14,#N/A,,
17201-11070,4296.26,a,3391.53,BW08A-2026,14,4522.61,,
17278-17010,42.81,a,34.66,BW05AS-2026,104,41.61,,
17279-67010,30.29,a,23.89,BW08A2-2026,0,31.55,,
17341-67010,62.26,a,52.14,BW02A2-2026,175,0.00,,
17376-51010,8.46,a,6.11,BW08A2-2026,0,9.40,,
17405-17073,715.18,a,581.68,BW06A2-2026,62,766.38,,
17408-25042,89.34,a,76.69,BW04A-2026,124,102.35,,
17410-75550,2687.42,a,2427.13,BW11A-2024,635,2429.73,,
17451-20020,30.01,a,24.53,BW08A2-2026,0,28.43,,
17451-21030,33.00,a,28.93,BW02A-2026,194,32.35,,
17451-22070,38.55,a,31.53,BW07UC-2026,26,38.41,,
17451-28022,36.55,a,29.89,BW08A-2026,14,35.44,,
17451-31020,35.71,a,28.92,BW04A-2026,131,34.85,,
17451-50020,18.04,a,14.17,BW07IE-2026,19,17.77,,
17451-74051,29.84,a,25.10,BW08A2-2026,0,29.20,,
17565-0M010,6.94,a,5.63,BW06A2-2026,62,8.26,,
17565-22030,16.28,a,12.42,BW08A2-2026,0,17.70,,
17565-28010,17.98,a,14.69,BW08A2-2026,0,17.59,,
17610-0S010,771.10,a,633.63,BW08A2-2026,0,#N/A,,
17610-0S030,1479.92,a,658.99,BW08A2-2026,0,1486.70,,
17630-16040,151.28,a,129.63,BW04A-2026,124,151.56,,
17703-50020,30.46,a,27.45,BW11A-2025,283,0.00,,
17730-66020,152.22,a,137.01,BW04A-2025,484,0.00,,
17786-0D011,3.65,a,3.00,BW08A2-2026,0,#N/A,,
17801-0C030,87.56,a,78.60,BW08A-2024,717,0.00,,
17801-0D030,31.37,a,25.43,BW06A2-2026,62,37.46,,
17801-26010,73.19,a,62.73,BW06A-2026,53,75.03,,
17801-26020,70.57,a,57.54,BW04UC-2026,117,75.54,,
17801-31131,103.60,a,85.13,BW08A2-2026,0,81.24,,
17801-31160,107.15,a,85.78,BW08A2-2026,0,110.47,,
17801-31180,104.94,a,85.78,BW08A2-2026,0,103.31,,
17801-64010,65.60,Net Price,58.79,BW01A-2025,582,77.60,,
17801-70060,103.46,a,85.01,BW08A2-2026,0,103.27,,
17801-AZA09,62.90,a,51.41,BW08A2-2026,0,#N/A,,
17881-0L052,107.82,a,86.98,BW04A-2026,131,101.14,,
17881-17120,123.79,a,96.14,BW08A2-2026,0,127.62,,
17881-20100,44.24,Net Price,41.60, NMC-2025 ,838,61.29,,
17881-66100,226.46,a,185.17, BW08A-2026 ,14,218.18,,
17881-75212,89.98,a,73.20,BW06A2-2026,62,83.73,,
17882-58130,117.22,a,106.33, BW02AW-2025 ,563,0.00,,
17893-66010,35.98,a,26.00,BW07UC-2026,26,38.05,,
17893-66020,51.50,a,40.78,BW08A2-2026,0,54.21,,
19000-17A91,33399.72,a,27164.85,BW08A-2026,14,0.00,,
19133-16240,13.25,a,10.06,BW06IE-2026,69,13.48,,
19829-17010,7.62,a,6.20,BW08A-2026,14,8.26,,
19850-11040,56.42,a,47.07, BW08A-2026 ,14,56.04,,
19850-17010,54.11,a,46.21,BW01A-2026,223,54.32,,
19850-17020,61.22,a,47.05,BW08A2-2026,0,55.16,,
19850-54140,57.25,a,46.81,BW08A-2026,14,52.92,,
19850-58010,55.95,a,46.84,BW04A-2026,124,63.17,,
19850-67030,104.51,a,87.27, BW02A2-2026 ,175,105.29,,
22100-0L060,3148.94,a,2526.82,BW03A-2026,158,2984.90,,
22100-1C190,7293.62,a,5920.02,BW05AS-2026,104,7742.81,,
22100-1C201,7801.90,a,6057.88,BW08A2-2026,0,#N/A,,
22104-6A640,42.11,a,32.64, BW08A-2026 ,14,44.33,,
22140-17810,516.93,a,411.83,BW07UC-2026,26,507.69,,
22204-28010,274.65,a,208.35,BW08A2-2026,0,305.18,,
22204-30010,263.19,a,211.52, BW08A2-2026 ,0,268.57,,
22204-30030,266.34,a,208.87,BW08A2-2026,0,274.59,,
22204-75020,251.37,a,197.77,BW08A-2026,14,235.48,,
22204-75030,195.30,a,150.49, BW08A-2026 ,14,178.70,,
22215-76010,7.82,a,5.66,BW08A-2026,14,7.79,,
22271-15011,8.85,a,6.95,BW08A2-2026,0,#N/A,,
22271-31030,12.75,a,10.48,BW08A2-2026,0,#N/A,,
22271-36010,5.71,a,4.67,BW08A2-2026,0,#N/A,,
22271-50050,5.19,a,3.76,BW08A2-2026,0,5.77,,
22271-62040,8.04,a,6.61,BW08A2-2026,0,#N/A,,
22271-74022,4.00,a,2.08,BW08A-2026,14,#N/A,,
22278-46020,4.83,a,3.95,BW08A2-2026,0,#N/A,,
222A0-37025,1982.10,a,1100.29,BW07UC-2026,26,1562.28,,
22505-54010,207.24,a,167.72, BW07B-2026 ,47,202.72,,
22582-1C180,73.21,a,58.13,BW08A2-2026,0,77.89,,
22602-56350,19.67,a,16.68,BW02A2-2026,175,0.00,,
23020-70010,219.48,a,154.70,BW07IE-2026,19,216.20,,
23209-29165,306.04,a,252.64, BW06A-2026 ,74,324.65,,
23209-31050,315.39,a,257.78,BW08A2-2026,0,#N/A,,
23209-39015,392.71,a,322.70,BW08A2-2026,0,#N/A,,
23209-39165,315.39,a,257.79,BW08A2-2026,0,300.12,,
23209-50080,382.44,a,319.93,BW08A2-2026,0,376.17,,
23217-31020,23.78,a,20.52,BW09A-2025,351,31.69,,
23220-21132,648.88,a,512.19,BW05A-2026,109,719.85,,
23220-37170,670.49,a,548.01,BW08A2-2026,0,588.92,,
23220-75091,545.40,a,496.99,BW09A-2025,351,572.47,,
23221-66040,738.60,a,603.68,BW08A2-2026,0,711.58,,
23224-38010,27.04,a,21.41,BW07IE-2026,19,26.37,,
23232-41081,3.31,a,2.57,BW08A-2026,14,3.60,,
23256-30010,8.13,a,6.64, BW08A2-2026 ,0,#N/A,,
23280-21010,94.50,a,79.22, BW06A2-2026 ,62,95.52,,
23280-38020,97.97,a,80.08,BW08A2-2026,0,#N/A,,
23280-75010,148.97,a,122.39,BW08A2-2026,0,153.22,,
23291-28020,6.42,a,5.27, BW08A2-2026 ,0,#N/A,,
23300-0L042,195.92,a,162.46,BW04A-2026,124,181.31,,
23300-11240,373.24,a,327.11, BW07A-2025 ,393,378.56,,
23300-21010,119.68,a,97.90,BW03A-2026,158,112.53,,
23300-31090,137.42,a,111.76,BW08A-2026,14,135.29,,
23300-31170,131.77,a,95.38, BW08A2-2026 ,0,146.42,,
23300-50140,115.75,a,95.11,BW08A2-2026,0,103.53,,
23300-50150,114.73,a,94.28, BW08A2-2026 ,0,117.48,,
23300-75110,103.11,a,91.23,BW07A-2025,393,106.10,,
23300-75160,102.85,a,90.35,BW08A-2025,382,127.18,,
23303-64010,105.59,a,85.89,BW06A2-2026,62,96.51,,
23344-54010,2.69,a,2.38,BW11A-2025,283,3.49,,
23368-51020,56.53,a,46.34,BW06A-2026,53,54.39,,
23380-17371,116.20,a,96.38,BW06A-2026,74,113.41,,
23380-17431,51.19,a,40.95,BW07UC-2026,26,49.43,,
23380-17491,124.09,a,97.73,BW08A2-2026,0,129.27,,
23380-17541,99.54,a,76.52,BW03A-2026,158,102.68,,
23380-51042,100.12,a,77.26,BW08A-2026,14,105.40,,
23382-51020,102.76,a,83.57,BW06A-2026,53,105.84,,
23382-51031,83.29,a,68.09,BW08A2-2026,0,79.80,,
23390-17540,75.17,a,61.13,BW08A-2026,14,66.91,,
23390-30180,88.89,Net Price,83.32,BW10A2-2025,316,73.19,,
23390-30350,127.97,a,111.56,BW04A-2025,484,121.89,,
23390-33030,76.14,a,67.30,BW03A-2026,158,73.74,,
23390-36760,105.82,a,80.46,BW08A2-2026,0,93.50,,
23390-51030,90.57,a,74.05,BW08A-2026,14,74.15,,
23390-52060,199.82,a,174.37,BW11A-2025,272,202.02,,
23600-19075,451.78,Net Price,418.07,BW02A2-2026,175,459.17,,
23600-59325,290.44,a,235.24,BW05AS-2026,104,279.59,,
23670-29105,1923.19,a,1355.06,BW08A-2026,14,2089.10,,
23670-39495,1183.64,a,967.42, BW08A2-2026 ,0,#N/A,,
23670-59018,1236.36,a,943.44,BW07B-2026,47,1235.54,,
23670-59045,1330.49,a,1047.14,BW07B-2026,47,1258.38,,
23681-0L010,3.53,a,2.87,BW04A-2026,124,3.42,,
23681-17010,11.60,a,9.48,BW08A-2026,14,11.35,,
23681-30010,3.88,a,2.98,BW08A-2026,14,3.71,,
23682-51010,10.41,a,8.51,BW08A2-2026,0,10.39,,
23701-51010,60.18,a,47.94, BW07UC-2026 ,26,62.51,,
23702-30050,69.75,a,54.19, BW08A-2026 ,14,71.91,,
23703-51010,60.53,a,49.48,BW08A2-2026,0,66.25,,
23704-39055,101.32,a,81.71,BW06IE-2026,69,96.40,,
23705-17040,41.86,a,34.04,BW08A-2026,14,39.00,,
23706-17040,40.32,a,32.73,BW07B-2026,47,45.98,,
23741-17020,5.93,a,4.88, BW02A2-2026 ,175,6.87,,
23761-17010,103.29,a,86.25,BW06A-2026,53,102.76,,
23826-38010,20.66,a,15.88,BW08A2-2026,0,21.30,,
23826-50070,26.23,a,20.72,BW08A2-2026,0,27.32,,
23829-38010,34.64,a,21.91,BW08A2-2026,0,38.19,,
23829-50070,54.36,a,41.54,BW08A2-2026,0,59.09,,
23915-16010,13.86,a,11.44,BW06A-2026,74,0.00,,
23915-46011,20.53,a,14.24,BW08A-2026,14,22.62,,
25576-74030,23.43,a,19.26,BW08A2-2026,0,#N/A,,
25620-37120,495.40,a,404.91, BW08A2-2026 ,0,475.63,,
25620-51011,515.05,a,402.88,BW08A-2026,14,520.28,,
25685-51010,6.44,a,5.12,BW08A2-2026,0,6.57,,
25701-38100,411.66,a,332.75,BW07UC-2026,26,412.20,,
25860-51010,114.33,a,87.80,BW06A-2026,53,121.01,,
27060-17240,1769.91,a,1582.86,BW11A-2025,283,2101.81,,
27060-31220,1830.49,a,1488.06,BW07B-2026,47,1960.23,,
27357-22200,125.69,a,101.77,BW05AS-2026,104,127.51,,
27370-31220,40.86,a,31.06,BW08A-2026,14,42.67,,
27370-58320,31.73,a,25.50,BW07B-2026,47,30.26,,
27411-17030,84.74,a,69.63, BW08A2-2026 ,0,#N/A,,
27415-0L030,109.46,a,89.51,BW08A-2026,14,106.28,,
27415-0W063,131.71,a,94.63,BW08A2-2026,0,146.35,,
27700-62030,255.09,a,200.82, BW08A-2026 ,14,260.31,,
28011-66020,225.10,a,175.87,BW08A2-2026,0,202.61,,
28021-38020,152.51,a,116.06,BW07UC-2026,26,144.55,,
28021-38040,149.92,a,109.75,BW05A-2026,109,135.07,,
28021-73020,124.25,a,101.75,BW07IE-2026,19,117.30,,
28100-54491,1292.60,a,984.15,BW07B-2026,47,1369.99,,
28130-28040,26.90,a,21.87,BW08A-2026,14,25.78,,
28130-75190,63.21,a,51.77,BW07IE-2026,19,60.78,,
28140-38070,30.73,a,25.25,BW08A2-2026,0,#N/A,,
28140-54380,101.52,a,86.24,BW06A-2026,74,118.55,,
28226-54320,23.01,a,16.15,BW08A2-2026,0,21.89,,
28226-72010,19.97,a,15.91, BW06A-2026 ,53,21.59,,
28226-74070,27.73,a,20.31, BW08A2-2026 ,0,30.81,,
28235-17030,47.90,a,39.41, BW02AS-2026 ,174,55.01,,
29342-68010,2.53,a,2.07, BW08A-2026 ,14,2.53,,
31001-0R030,809.57,a,720.51,BW09A-2025,329,1196.79,,
31126-60050,29.50,a,23.50,BW07IE-2026,19,20.46,,
31204-20071,45.64,a,36.41,BW06IE-2026,69,42.71,,
31204-35031,69.19,a,56.85,BW05AS-2026,104,66.22,,
31204-36110,95.14,a,75.80, BW05A-2026 ,109,77.49,,
31210-0K131,317.69,a,260.18,BW07IE-2026,19,297.22,,
31210-0K420,356.75,a,279.37,BW08A2-2026,0,375.55,,
31210-0W032,664.74,a,505.18,BW08A-2026,14,685.33,,
31210-26172,322.03,a,276.30,BW06IE-2026,69,318.52,,
31210-35310,554.26,a,370.25,BW08A2-2026,0,610.99,,
31210-36330,439.93,a,359.84, BW02A-2026 ,194,433.21,,
31210-42030,333.92,a,276.76,BW06A2-2026,62,328.25,,
31210-60270,562.76,a,459.98,BW08A2-2026,0,#N/A,,
31230-12191,69.78,a,55.31,BW03A-2026,158,66.80,,
31230-20170,87.25,a,70.51,BW08A2-2026,0,104.08,,
31230-35091,107.17,a,87.60,BW08A2-2026,0,82.78,,
31230-35151,209.60,a,149.64,BW08A2-2026,0,222.99,,
31230-36200,170.45,a,139.31,BW08A2-2026,0,164.90,,
31230-60181,145.92,a,119.30,BW08A-2026,14,141.10,,
31230-60190,123.86,a,103.62,BW08A2-2026,0,120.94,,
31230-60201,120.74,a,102.22,BW01A-2026,204,119.80,,
31230-71011,160.89,a,131.56,BW08A-2026,14,121.56,,
31230-71040,165.38,a,135.44,BW07IE-2026,19,163.94,,
31232-22010,2.77,a,2.35, BW11A-2025 ,283,1.43,,
31236-26010,17.66,a,13.86, BW08A2-2026 ,0,18.40,,
31236-36060,18.51,a,14.51,BW08A2-2026,0,19.28,,
31250-0K011,365.29,a,291.15,BW08A2-2026,0,376.61,,
31250-12175,244.17,a,197.70,BW05AS-2026,104,180.06,,
31250-20242,287.15,a,230.07,BW04A-2026,131,261.70,,
31250-26261,359.71,a,293.99, BW08A2-2026 ,0,347.09,,
31250-26270,352.62,a,235.52,BW08A2-2026,0,391.82,,
31250-36623,447.10,a,365.57,BW08A-2026,14,422.19,,
31250-60531,384.19,a,314.01,BW08A2-2026,0,393.21,,
31321-12040,8.04,a,6.57,BW08A2-2026,0,7.31,,
31321-42010,6.83,a,5.20,BW08A2-2026,0,9.36,,
31321-52020,5.76,a,4.42,BW06A-2026,53,5.14,,
31400-09002,375.40,a,299.77,BW08A2-2026,0,399.38,,
31400-39006,419.77,a,343.10, BW08A2-2026 ,0,406.40,,
31400-59025,336.30,a,274.96,BW08A-2026,14,328.14,,
31401-60050,248.21,a,202.87,BW08A2-2026,0,231.84,,
31401-60060,255.34,a,202.17,BW08A-2026,14,264.31,,
31410-35271,257.69,a,210.61,BW08A2-2026,0,#N/A,,
31410-60432,260.81,a,217.71,BW06A-2026,53,261.00,,
31410-60591,213.99,a,174.96,BW08A-2026,14,206.54,,
31410-60600,295.61,a,203.44, BW08A2-2026 ,0,307.94,,
31410-60640,245.47,a,200.64, BW08A2-2026 ,0,#N/A,,
31410-60651,219.74,a,175.84,BW08A2-2026,0,228.91,,
31420-0K014,145.70,a,124.20,BW07UC-2026,27,154.87,,
31420-26201,176.07,a,148.08, BW08A2-2026 ,0,174.22,,
31420-35070,187.25,a,151.91,BW07UC-2026,26,178.45,,
31420-36130,181.55,a,147.63, BW08A-2026 ,14,178.81,,
31420-37142,201.66,a,140.83, BW03A-2026 ,158,194.72,,
31420-60051,215.09,a,175.87,BW08A-2026,14,210.84,,
31470-0K040,156.81,a,93.41,BW07UC-2026,27,154.47,,
31470-26120,113.37,a,91.60, BW08A-2026 ,14,110.25,,
31470-35181,104.66,a,82.92,BW07B-2026,47,100.22,,
31470-36221,115.77,a,92.31,BW08A2-2026,0,119.36,,
31470-36291,116.25,a,83.04, BW08A-2026 ,14,125.34,,
31470-36311,150.36,a,109.46,BW07UC-2026,26,183.70,,
31470-37040,100.11,a,80.96,BW05AS-2026,104,114.03,,
31470-43010,109.51,a,89.01,BW05AS-2026,104,105.66,,
31470-60180,170.38,a,132.28,BW08A-2026,14,179.36,,
31470-60201,96.44,a,82.40,BW04A-2026,124,105.33,,
31470-60240,138.05,a,106.65,BW08A-2026,14,173.67,,
31470-60250,142.44,a,107.19,BW08A2-2026,0,135.66,,
31470-60280,182.04,a,141.60,BW08A-2026,14,189.32,,
31470-60290,129.66,a,106.53,BW08A2-2026,0,127.47,,
31470-60380,112.33,a,91.84, BW08A-2026 ,14,107.27,,
32910-60161,532.97,a,441.65,BW07UC-2026,26,#N/A,,
33034-60090,200.72,a,164.94,BW08A2-2026,0,189.87,,
33037-35030,109.57,a,91.66, BW08A2-2026 ,0,106.28,,
33037-37022,252.66,a,181.35, BW07UC-2026 ,26,234.53,,
33037-60050,142.26,a,116.36,BW02A2-2026,175,120.57,,
33038-37012,298.43,a,231.58,BW08A-2026,14,309.70,,
33038-60011,359.30,a,281.89,BW06A-2026,53,324.50,,
33038-60030,114.32,a,93.43,BW06A-2026,74,128.10,,
33039-60011,205.14,a,161.35,BW08A2-2026,0,213.70,,
33039-60022,208.96,a,161.09, BW08A2-2026 ,0,227.14,,
33039-60040,247.55,a,145.49,BW06A-2026,53,196.74,,
33049-60010,165.63,a,131.98,BW08A2-2026,0,176.21,,
33131-60100,255.21,a,211.74,BW05AS-2026,104,196.48,,
33151-35020,49.50,a,38.66,BW08A2-2026,0,45.06,,
33151-52010,87.66,a,70.99,BW07UC-2026,26,99.71,,
33212-25011,103.36,a,83.92,BW06A-2026,53,109.88,,
33212-35032,107.56,a,84.48,BW08A2-2026,0,112.05,,
33213-25021,77.15,a,66.06,BW02A2-2026,175,86.60,,
33230-60011,141.53,a,110.43,BW08A-2026,14,147.05,,
33251-60070,153.85,a,122.07,BW08A2-2026,0,205.40,,
33301-60130,466.37,a,381.19,BW08A2-2026,0,446.72,,
33309-60041,230.62,a,188.57,BW08A-2026,14,217.89,,
33321-35141,444.65,a,371.33, BW03A-2026 ,158,450.84,,
33331-60H00,368.59,a,301.38, BW08A-2026 ,14,343.56,,
33336-42020,250.28,a,210.50, BW08A2-2026 ,0,249.51,,
33361-37040,170.26,a,142.58,BW08A2-2026,0,185.46,,
33362-60020,157.47,a,125.51,BW06A-2026,53,162.77,,
33362-60031,101.51,a,82.96,BW08A2-2026,0,95.93,,
33363-30031,157.47,a,125.52,BW06A2-2026,62,151.86,,
33364-36061,169.16,a,138.32,BW08A-2026,14,154.69,,
33364-60062,165.93,a,135.67,BW08A-2026,14,158.91,,
33364-60070,142.20,a,116.63,BW06A-2026,53,135.00,,
33365-60010,3.98,a,3.02,BW08A-2026,14,4.19,,
33366-36032,15.67,a,12.47,BW08A-2026,14,15.83,,
33367-60020,100.82,a,80.39,BW08A2-2026,0,105.03,,
33367-60023,82.93,a,65.88,BW08A2-2026,0,85.50,,
33368-0K040,55.83,a,45.12,BW04A-2026,124,0.00,,
33368-35030,59.90,a,50.06,BW05AS-2026,104,60.19,,
33368-35040,63.55,a,51.68,BW08A-2026,14,61.40,,
33368-35080,39.29,a,33.50,BW08A-2026,14,40.25,,
33368-35090,51.16,a,42.26,BW08A2-2026,0,49.65,,
33368-60020,72.24,a,59.05,BW08A2-2026,0,68.42,,
33368-60022,58.36,a,49.60,BW06A2-2026,62,61.48,,
33368-60110,61.77,a,50.65,BW04A-2026,131,85.94,,
33369-36010,72.67,a,49.83,BW08A-2026,14,63.61,,
33369-60010,59.83,a,46.93,BW08A2-2026,0,54.32,,
33384-26010,46.55,a,37.85,BW06A-2026,53,45.91,,
33384-35011,135.65,a,109.39,BW06IE-2026,69,126.00,,
33391-25030,2.44,a,2.16,BW11A2-2025,266,2.53,,
33391-52020,1.14,a,1.03,BW10AS-2024,670,0.00,,
33394-37010,6.18,a,5.11,BW02A2-2026,175,6.98,,
33394-60010,2.93,a,2.45,BW06A-2026,74,3.38,,
33403-29315,34.10,a,27.87,BW08A2-2026,0,#N/A,,
33403-39325,46.20,a,31.28,BW08A-2026,14,51.34,,
33403-69305,43.23,a,37.26,BW08A-2026,14,42.78,,
33403-69325,47.41,a,36.95,BW08A-2026,14,42.86,,
33404-22010,31.98,a,26.94,BW03A-2026,158,0.00,,
33404-30040,33.95,a,22.89,BW08A2-2026,0,37.72,,
33421-60122,638.04,a,540.80,BW12AS-2025,246,730.68,,
33482-39455,57.51,a,44.72,BW08A2-2026,0,62.51,,
33505-35020,17.81,a,13.74,BW06IE-2026,69,16.45,,
33505-35030,50.32,a,41.35, BW08A2-2026 ,0,47.60,,
33505-60011,28.15,a,23.16,BW08A-2026,14,27.80,,
33506-35110,115.45,a,94.71,BW06A2-2026,62,108.52,,
33530-60360,255.18,a,209.00,BW06A2-2026,62,280.40,,
33530-60380,268.00,a,220.22, BW08A2-2026 ,0,252.52,,
33530-60400,325.12,a,220.23,BW08A2-2026,0,361.26,,
33548-60030,15.51,a,11.74,BW08A2-2026,0,15.68,,
33554-30012,11.09,a,9.07,BW08A-2026,14,10.80,,
33555-25020,11.64,a,10.04,BW02A2-2026,175,13.85,,
33555-60100,49.87,a,39.41,BW08A-2026,14,62.40,,
33740-26010,27.18,a,21.26, BW08A-2026 ,14,28.02,,
33750-26010,27.47,a,20.78,BW07B-2026,47,28.28,,
34263-32010,22.28,Net Price,20.96,NMC-2025,1112,32.94,,
34346-21011,1.78,Net Price,1.68,NMC-2025,1111,2.46,,
35106-12200,132.04,a,103.67,BW08A-2026,14,134.74,,
35106-73010,116.70,a,95.38,BW08A2-2026,0,#N/A,,
35151-33161,166.96,a,132.89,BW08A-2026,14,172.13,,
35168-12091,13.98,a,11.43, BW08A2-2026 ,0,13.44,,
35168-20010,27.93,a,20.82,BW08A2-2026,0,24.90,,
35168-21020,20.39,a,15.60,BW08A-2026,14,18.03,,
35168-28020,16.15,a,12.61, BW08A2-2026 ,0,17.55,,
35168-32010,19.89,a,15.87,BW08A-2026,14,24.46,,
35168-33080,17.24,a,14.24,BW08A2-2026,0,20.82,,
35168-34020,59.06,a,48.56,BW08A-2026,14,62.21,,
35168-36010,21.50,a,18.18,BW04A-2026,131,21.56,,
35168-50010,45.26,a,37.05,BW07IE-2026,19,41.87,,
35168-52010,16.14,a,13.18,BW07IE-2026,19,15.17,,
35168-52020,19.12,a,15.85, BW04A-2026 ,124,18.58,,
35168-60010,29.09,a,23.58,BW06IE-2026,69,28.13,,
35168-60030,55.64,a,44.88,BW08A-2026,14,62.43,,
35168-60040,64.74,a,53.20,BW08A2-2026,0,63.42,,
35168-71010,54.11,a,41.35,BW08A2-2026,0,56.96,,
35168-73010,24.42,a,19.02,BW08A2-2026,0,26.55,,
35280-30050,252.80,a,206.69,BW08A-2026,14,243.45,,
35290-33040,254.82,a,201.62,BW08A2-2026,0,271.10,,
35290-34010,260.77,a,207.73,BW08A2-2026,0,266.11,,
35290-45010,308.23,a,251.92,BW08A2-2026,0,#N/A,,
35303-B1010,81.67,a,58.55,BW08A2-2026,0,90.75,,
35330-06010,115.61,a,95.00,BW08A2-2026,0,110.98,,
35330-08010,113.56,a,95.00,BW08A2-2026,0,111.83,,
35330-0W021,110.84,a,91.60,BW07UC-2026,26,107.82,,
35330-0W080,78.26,a,62.37,BW08A-2026,14,108.74,,
35330-0W090,76.29,a,62.37, BW08A-2026 ,14,74.29,,
35330-12040,127.04,a,103.76,BW03A-2026,158,121.67,,
35330-12050,136.47,a,86.15,BW08A2-2026,0,132.98,,
35330-12070,92.48,a,57.72,BW08A2-2026,0,102.76,,
35330-20012,74.98,a,60.97,BW08A-2026,14,71.98,,
35330-28010,101.71,a,86.17,BW06IE-2026,69,101.65,,
35330-30090,124.83,a,86.15,BW08A2-2026,0,137.61,,
35330-33040,134.61,a,123.07,BW12A-2024,601,139.33,,
35330-48020,122.41,a,96.81,BW06A2-2026,62,114.95,,
35330-48040,70.55,a,57.60,BW03A-2026,158,70.66,,
35330-50020,116.56,a,94.79,BW08A-2026,14,112.34,,
35330-52010,76.70,a,62.69,BW08A2-2026,0,75.40,,
35330-52060,111.85,a,72.10,BW08A2-2026,0,116.82,,
35330-60030,113.03,a,94.79,BW08A-2026,14,112.49,,
35330-60050,119.16,a,95.27,BW08A2-2026,0,149.18,,
35330-60060,121.56,a,99.84,BW07IE-2026,19,127.62,,
35330-60070,86.19,a,70.88,BW07UC-2026,26,86.38,,
35330-60080,93.18,a,72.10,BW08A2-2026,0,101.29,,
35330-60120,87.65,a,72.03,BW08A2-2026,0,#N/A,,
35330-71010,91.33,a,72.10,BW08A2-2026,0,85.94,,
35330-73010,105.41,a,86.15,BW08A2-2026,0,105.73,,
35520-60111,139.59,a,110.36,BW08A-2026,14,144.04,,
35613-21010,3.00,a,2.31, BW08A-2026 ,14,3.16,,
35663-33020,63.92,a,40.70,BW08A2-2026,0,71.03,,
35667-28030,39.59,Net Price,37.24,NMC-2025,1035,52.96,,
35693-73010,26.86,Net Price,24.99,BW07A-2024,763,27.03,,
35775-48020,26.72,a,21.08,BW08A-2026,14,31.84,,
36222-60021,27.68,a,22.63,BW08A-2026,14,21.30,,
36250-42030,339.70,a,238.35,BW08A-2026,14,374.45,,
36293-34010,924.69,a,701.66,BW08A2-2026,0,943.61,,
36331-60090,129.00,a,97.85,BW08A2-2026,0,143.34,,
36410-60061,1147.73,a,933.54,BW06A-2026,53,1121.25,,
36410-60120,1834.72,a,1245.59,BW08A2-2026,0,1670.80,,
36410-71010,984.35,a,804.54,BW08A2-2026,0,#N/A,,
37110-60B20,1285.47,a,1059.08,BW07B-2026,47,1440.43,,
37110-60B60,1401.67,a,1081.75,BW08A-2026,14,1445.09,,
37110-6A311,1264.58,a,1038.45,BW06A2-2026,62,1522.40,,
37140-60370,941.77,a,784.23, BW06A2-2026 ,62,0.00,,
37140-60520,1208.06,a,927.23,BW08A-2026,14,1271.71,,
37140-60560,1079.77,a,782.00,BW08A-2026,14,1199.81,,
37230-09010,237.59,a,202.54,BW07UC-2026,27,222.26,,
37230-0K050,250.49,a,203.72,BW08A-2026,14,252.93,,
37230-26020,313.95,a,256.61,BW08A2-2026,0,#N/A,,
37230-34030,415.39,a,247.17, BW07B-2026 ,47,395.60,,
37230-34050,296.00,a,243.23,BW08A2-2026,0,#N/A,,
37230-36131,249.15,a,204.73,BW08A2-2026,0,240.18,,
37230-36141,220.06,a,179.86,BW08A2-2026,0,216.31,,
37315-35060,104.66,a,84.99,BW04A-2026,131,0.00,,
41110-60A31,3498.46,a,2815.54,BW08A-2026,14,3570.04,,
41201-80493,1615.67,a,1339.71, BW04A-2026 ,124,1703.49,,
41214-26010,14.08,a,11.69, BW01A-2026 ,223,16.20,,
41214-26011,9.09,a,7.07,BW08A-2026,14,9.88,,
41231-24010,23.83,a,19.48,BW08A2-2026,0,23.28,,
41351-60010,20.72,a,16.85,BW06A-2026,53,20.38,,
41400-34020,418.70,a,310.62,BW08A-2026,14,431.67,,
41400-35034,498.99,a,408.00,BW08A-2026,14,477.83,,
41450-35031,1131.29,a,923.83,BW05AS-2026,104,1170.39,,
41651-50130,111.63,a,90.66,BW06IE-2026,69,97.76,,
41651-60010,60.21,a,49.21, BW08A2-2026 ,0,57.58,,
41653-60020,51.83,a,41.89,BW05AS-2026,104,51.27,,
41653-60050,65.01,a,44.73,BW08A2-2026,0,65.11,,
41653-60060,69.27,a,43.93,BW07B-2026,47,60.67,,
41654-60010,16.28,a,12.82,BW08A2-2026,0,17.70,,
42110-60A81,1546.80,a,1338.61, BW08A2-2026 ,0,1790.38,,
42181-60050,12.35,a,10.54,BW08A-2025,358,14.43,,
42181-60070,11.92,a,9.75,BW08A-2026,14,11.53,,
42181-60120,10.43,a,8.82,BW01A-2026,204,10.58,,
42210-20010,57.90,a,47.34,BW08A-2026,14,82.70,,
42311-0K060,544.33,a,426.10,BW06IE-2026,69,561.60,,
42312-60141,963.78,a,762.28,BW08A-2026,14,1014.56,,
42323-60020,5.31,a,4.34,BW08A-2026,14,5.10,,
42323-60030,1.90,a,1.64,BW04A-2026,131,1.95,,
42407-69005,410.02,a,349.97,BW02A2-2026,175,496.82,,
42410-50030,542.91,a,419.18,BW05A-2026,109,615.40,,
42410-69026,385.77,a,313.73,BW08A-2026,14,365.41,,
42423-0K020,25.63,a,20.20,BW08A-2026,14,26.15,,
42423-20010,27.77,a,21.61,BW08A-2026,14,25.63,,
42423-34040,34.75,a,28.71,BW08A2-2026,0,36.36,,
42423-60020,37.57,a,29.50,BW08A-2026,14,40.84,,
42423-60040,36.09,a,29.95,BW08A-2026,14,35.84,,
42423-60050,33.76,a,26.46,BW08A2-2026,0,34.45,,
42423-87401,51.52,a,41.90,BW08A-2026,14,#N/A,,
42427-60021,110.81,a,85.65,BW07IE-2026,19,97.80,,
42428-60011,46.76,a,40.81,BW11A-2025,272,42.67,,
42431-0K180,322.84,a,254.18,BW06A-2026,53,370.26,,
42431-60201,466.37,a,381.17,BW08A2-2026,0,418.96,,
42431-60311,356.25,a,293.42, BW04A-2026 ,124,343.97,,
42431-60350,434.47,a,323.04,BW08A2-2026,0,452.60,,
42441-34020,36.79,a,30.08,BW08A2-2026,0,#N/A,,
42450-76021,347.88,a,289.99,BW02A2-2026,175,372.83,,
42451-30020,23.58,a,19.26,BW04A-2026,124,26.26,,
42460-0C011,521.00,a,390.61,BW08A-2026,14,537.14,,
42460-60010,479.02,a,400.73,BW08A2-2026,0,463.76,,
42460-60030,487.67,a,400.73,BW08A2-2026,0,477.43,,
42601-60612,432.45,a,350.41,BW06A-2026,53,441.65,,
42603-02150,29.09,a,23.71,BW06A-2026,74,27.54,,
42603-06110,33.62,a,26.47,BW07B-2026,47,35.55,,
42603-42120,51.00,a,40.49,BW08A-2026,14,51.01,,
42603-48140,23.30,a,20.16,BW08A2-2026,0,23.50,,
42603-50300,42.84,a,31.26,BW07UC-2026,26,40.91,,
42603-50381,33.83,a,24.23,BW03A-2026,158,36.43,,
42603-52110,22.06,a,17.27,BW08A2-2026,0,23.98,,
42603-60500,100.23,a,74.71,BW07UC-2026,26,112.12,,
42607-0C070,182.69,a,134.51,BW07UC-2026,26,180.69,,
42607-30042,208.95,a,164.33,BW07B-2026,47,213.37,,
42607-30071,169.18,a,134.03,BW06A-2026,53,159.94,,
42607-42021,164.08,a,133.63,BW03A-2026,158,160.08,,
42607-48020,198.19,a,134.88,BW08A-2026,14,186.38,,
4260B-60030,73.89,a,53.46, BW08A-2026 ,14,77.16,,
4260B-60050,107.41,a,87.63,BW03A-2026,158,110.76,,
4260B-60160,81.93,a,61.55,BW08A2-2026,0,89.06,,
42610-60320,396.64,a,324.32,BW08A-2026,14,375.51,,
42611-0K241,339.16,a,285.51,BW01A-2026,223,0.00,,
42611-60D20,328.06,a,258.81,BW08A-2026,14,335.41,,
42631-55031,23.07,a,19.27,BW06A-2026,74,22.15,,
42634-55030,13.45,a,11.21,BW06A-2026,74,13.07,,
43110-60363,2171.60,a,1653.63,BW07UC-2026,26,2506.48,,
43136-60020,60.75,a,48.00, BW06A2-2026 ,62,67.83,,
43202-60020,1077.61,a,960.41,BW08A-2025,358,1336.86,,
43204-60041,79.44,a,64.93,BW08A2-2026,0,77.09,,
43211-0K030,554.09,a,444.62,BW03A-2026,158,472.87,,
43211-48010,478.23,a,417.43,BW10A2-2025,295,473.90,,
43212-60111,420.23,a,345.46,BW01A-2026,223,371.91,,
43234-60020,4.07,a,3.32,BW08A-2026,14,3.86,,
43246-28020,24.30,a,18.82,BW08A-2026,14,26.41,,
43246-73010,19.36,a,15.91,BW08A2-2026,0,#N/A,,
43310-39016,126.54,a,103.44,BW08A2-2026,0,123.25,,
43324-39015,15.41,a,12.01,BW08A-2026,14,14.29,,
43324-69085,16.62,a,11.73,BW08A2-2026,0,18.47,,
43330-29565,175.77,a,142.07,BW05AS-2026,104,161.63,,
43330-39585,306.77,a,255.98,BW07UC-2026,26,235.04,,
43330-39625,179.88,a,147.08,BW08A-2026,14,174.15,,
43340-09170,166.99,a,137.20,BW08A2-2026,0,209.00,,
43340-39505,180.85,a,147.81,BW08A2-2026,0,163.90,,
43345-09015,20.13,a,14.13, BW08A2-2026 ,0,22.18,,
43345-69025,37.91,a,30.98,BW08A2-2026,0,36.91,,
43346-60011,33.11,a,25.10,BW04A-2026,131,32.69,,
43401-60081,405.52,a,328.13,BW07IE-2026,19,388.00,,
43405-60100,975.38,a,812.08,BW06A-2026,53,849.34,,
43410-06B80,1404.62,a,1117.44,BW07B-2026,47,0.00,,
43412-60140,307.63,a,237.86,BW07B-2026,47,292.55,,
43420-02C40,977.56,a,893.04,BW11AW-2024,628,1064.66,,
43420-28091,1060.68,a,912.22,BW12A-2025,236,1129.92,,
43421-60040,93.96,a,78.47,BW06IE-2026,69,93.76,,
43422-60010,1.63,a,1.32,BW06IE-2026,69,1.76,,
43422-60060,3.25,a,2.77,BW04A-2026,131,3.23,,
43430-60040,1428.97,a,1162.17,BW08A-2026,14,1417.92,,
43430-60071,1111.65,a,925.32,BW07B-2026,47,1096.50,,
43435-60011,1.83,a,1.64,BW11A-2025,283,2.02,,
43435-60020,2.09,a,1.70,BW06A-2026,53,1.98,,
43436-60011,2.13,a,1.82,BW02A2-2026,175,2.17,,
43458-12010,14.40,a,11.66,BW04A-2026,131,0.00,,
43502-60201,226.97,a,190.82,BW04A-2026,124,227.66,,
43503-69045,362.31,a,296.13,BW08A2-2026,0,348.59,,
43512-0D190,283.44,a,227.44,BW03A-2026,158,310.07,,
43512-0K060,245.74,a,209.49,BW07UC-2026,27,197.91,,
43512-0K210,291.44,a,236.44,BW03A-2026,158,254.39,,
43512-28190,330.03,a,262.12, BW08A-2026 ,14,344.08,,
43512-36171,323.84,a,264.68,BW08A2-2026,0,#N/A,,
43512-48120,368.71,Net Price,343.43,BW09A-2024,704,418.70,,
43512-48130,335.65,a,275.81,BW08A2-2026,0,311.87,,
43512-60180,328.88,a,273.76,BW08A-2026,14,335.19,,
43512-60191,335.19,a,275.43,BW08A2-2026,0,376.21,,
43512-60210,342.50,a,286.52,BW08A2-2026,0,338.05,,
43512-60291,385.43,a,315.03,BW06A2-2026,62,427.63,,
43514-28010,22.86,a,18.68,BW08A2-2026,0,#N/A,,
43514-35010,16.52,a,12.65,BW07IE-2026,19,16.27,,
43514-KK020,20.87,a,18.40,BW07A-2025,393,25.19,,
43515-0K020,31.59,a,24.07,BW08A-2026,14,34.34,,
43517-60020,22.47,a,17.69,BW08A2-2026,0,23.91,,
43517-71010,18.67,a,15.26,BW08A-2026,14,18.44,,
43521-35010,21.80,a,18.02,BW12A-2025,236,21.04,,
43525-20030,5.13,a,4.19,BW08A-2026,14,4.96,,
43530-60130,559.48,a,457.43,BW08A-2026,14,545.77,,
43550-0D050,360.73,a,293.44,BW06A2-2026,62,350.06,,
43550-30021,442.18,a,390.76, BW10IE-2025 ,308,463.69,,
43550-30031,396.99,a,322.49,BW07B-2026,47,493.62,,
43550-42020,368.88,a,322.75,BW07UC-2026,26,386.60,,
43550-47020,408.44,a,339.59,BW06A2-2026,62,387.96,,
43550-50043,578.95,a,517.46,BW07AW-2025,407,874.39,,
43560-V3010,229.52,a,181.76,BW08A2-2026,0,206.69,,
43570-0C010,242.82,a,198.47,BW08A2-2026,0,#N/A,,
43570-60031,264.24,a,208.98,BW08A2-2026,0,248.48,,
44110-60440,3876.30,a,3168.23,BW08A2-2026,0,3691.78,,
44200-60170,2339.56,a,1912.96,BW08A-2026,14,2321.94,,
44305-22061,39.81,a,30.76,BW06IE-2026,69,35.59,,
44310-0K040,989.95,a,913.62,BW01A-2026,223,919.34,,
44310-0K130,1082.84,a,923.08,BW07UC-2026,27,1036.16,,
44310-26371,1252.58,a,1029.29,BW08A2-2026,0,1194.70,,
44310-60320,1174.51,a,993.94,BW06A2-2026,62,1267.86,,
44310-60400,1418.10,a,1151.35,BW06A-2026,53,1330.99,,
44310-60420,1277.15,a,1001.46,BW08A2-2026,0,1388.28,,
44310-60480,1377.13,a,1129.27,BW02AS-2026,174,1299.18,,
44310-60500,1140.11,a,917.82,BW04A-2026,124,1111.04,,
44310-60520,1171.84,a,927.32,BW08A-2026,14,1100.61,,
44310-60552,1140.11,a,931.84,BW08A2-2026,0,1084.97,,
44310-60580,1105.42,a,913.40,BW03A-2026,158,1230.99,,
44310-60641,1169.38,a,927.25,BW08A2-2026,0,1230.99,,
44320-0K020,976.68,a,783.23,BW04A-2026,131,876.07,,
44320-60300,1229.03,a,999.69,BW06A2-2026,62,1306.68,,
44320-60360,952.69,a,767.58,BW07UC-2026,26,1055.33,,
44320-60370,1225.27,a,1001.46,BW08A2-2026,0,1174.87,,
44327-30030,4.06,a,3.15,BW08A2-2026,0,4.41,,
44327-30040,4.39,a,3.08,BW08A2-2026,0,4.85,,
44348-0C060,95.19,a,65.88,BW08A2-2026,0,#N/A,,
44348-12091,150.08,a,97.35,BW08A-2026,14,151.38,,
44348-33130,167.68,a,129.55,BW08A-2026,14,170.84,,
44348-33180,137.64,a,118.07,BW06A2-2026,62,139.08,,
44348-33240,133.05,a,108.20,BW08A-2026,14,129.82,,
44348-35280,79.95,a,55.63,BW08A2-2026,0,88.84,,
44348-36370,84.84,a,58.44,BW08A2-2026,0,93.50,,
44348-48090,191.26,a,154.86,BW02AS-2026,174,200.63,,
44348-60120,47.41,a,38.76,BW08A-2026,14,45.17,,
44348-60230,71.82,a,50.96,BW08A2-2026,0,79.80,,
44348-60260,62.92,a,45.67,BW08A2-2026,0,69.92,,
44348-60290,74.00,a,55.92,BW08A2-2026,0,89.90,,
44348-60330,63.91,a,50.70,BW08A-2026,14,68.46,,
44348-60350,74.55,a,55.28,BW08A2-2026,0,77.86,,
44348-60390,82.53,a,54.60,BW08A2-2026,0,85.97,,
44348-60400,80.01,a,61.21,BW08A2-2026,0,88.91,,
44348-60420,56.41,a,44.24,BW08A-2026,14,59.38,,
44348-60480,149.99,a,99.56,BW08A2-2026,0,164.45,,
44360-60291,268.24,a,184.87,BW08A2-2026,0,298.06,,
44410-26A40,726.52,a,513.60,BW08A-2026,14,807.29,,
44410-26A90,793.95,a,556.67,BW08A-2026,14,882.21,,
44410-60593,765.98,a,581.08,BW08A-2026,14,773.76,,
44411-60650,510.82,a,434.25,BW03A-2026,158,0.00,,
44411-60660,653.65,a,589.38,BW11AW-2024,628,0.00,,
44412-22471,96.81,a,63.37,BW08A2-2026,0,107.57,,
44412-26450,80.05,a,54.45,BW08A2-2026,0,88.95,,
44412-60310,59.76,a,41.95,BW08A2-2026,0,49.58,,
44610-6A280,900.68,a,715.69,BW06A-2026,53,860.98,,
44621-28120,7.60,a,5.97,BW08A-2026,14,8.26,,
45026-20140,12.33,a,9.29,BW08A-2026,14,#N/A,,
45044-69135,123.32,a,98.34,BW08A2-2026,0,127.14,,
45045-69075,101.88,a,82.85,BW08A-2026,14,111.72,,
45046-09251,61.01,a,49.31, BW03A-2026 ,158,62.18,,
45046-09261,69.17,a,59.61,BW11A-2025,272,87.26,,
45046-09560,89.06,a,73.34,BW06A-2026,53,87.96,,
45046-19425,91.33,a,74.65, BW08A2-2026 ,0,83.48,,
45046-19435,78.64,a,65.81,BW07UC-2026,26,79.14,,
45046-29456,72.28,a,60.48,BW08A-2026,14,70.51,,
45046-39275,83.29,a,68.08,BW08A2-2026,0,80.83,,
45046-49195,85.44,a,69.49,BW03A-2026,158,83.66,,
45046-69205,101.88,a,83.85,BW06IE-2026,69,100.15,,
45046-69236,86.24,a,67.85,BW08A2-2026,0,79.25,,
45046-69245,74.10,a,60.56, BW08A2-2026 ,0,71.98,,
45046-69256,93.14,a,73.55,BW08A2-2026,0,97.03,,
45047-09260,104.21,a,74.24,BW08A2-2026,0,115.79,,
45047-39165,119.23,a,93.63,BW08A2-2026,0,124.20,,
45047-39215,108.24,a,91.15,BW01A-2026,204,105.55,,
45047-49045,102.39,a,82.77,BW04A-2026,131,98.64,,
45047-49135,86.36,a,70.58, BW08A2-2026 ,0,83.15,,
45047-69085,93.00,a,73.55, BW08A2-2026 ,0,94.90,,
45047-69115,101.84,a,83.26, BW08A-2026 ,14,96.81,,
45047-69146,85.29,a,67.59,BW08A-2026,14,81.13,,
45047-BZ120,62.88,Net Price,57.72, NMC-2025 ,881,112.01,,
45070-36030,204.55,a,165.57,BW07B-2026,47,203.64,,
45176-20030,20.24,a,15.84,BW08A2-2026,0,22.00,,
45203-60090,397.10,a,324.55, BW08A2-2026 ,0,#N/A,,
45203-60200,385.43,a,311.96,BW03A-2026,158,439.82,,
45210-60091,600.89,a,339.02,BW07UC-2026,26,480.55,,
45220-33190,415.77,a,339.96,BW08A-2026,14,403.72,,
45220-48171,625.54,a,386.92,BW07UC-2026,26,603.87,,
45220-48201,554.30,a,413.13,BW07IE-2026,19,521.68,,
45254-28040,6.49,a,5.40,BW08A-2026,14,6.24,,
45273-33030,19.51,a,15.95,BW08A2-2026,0,#N/A,,
45274-42010,26.15,a,20.17,BW08A-2026,14,28.43,,
45410-36042,314.69,a,257.23,BW08A2-2026,0,303.16,,
45411-60360,233.49,a,191.82,BW03A-2026,158,226.85,,
45440-35080,217.16,a,182.16,BW06A2-2026,62,234.86,,
45440-39115,300.09,a,250.37,BW08A-2026,14,289.91,,
45460-09230,146.55,a,100.78,BW08A2-2026,0,156.04,,
45460-39385,357.27,a,292.13, BW08A-2026 ,14,333.90,,
45460-39635,137.47,a,117.85,BW12A-2025,236,134.56,,
45470-09140,122.63,a,100.00,BW08A-2026,14,149.51,,
45470-09150,111.49,a,93.04,BW07UC-2026,26,105.36,,
45470-39345,130.10,a,100.77,BW08A-2026,14,136.95,,
45470-59045,206.61,a,176.48, BW05A-2026 ,109,223.69,,
45470-59095,154.07,a,126.18,BW07IE-2026,19,138.49,,
45473-35010,8.73,a,7.78,BW06AS-2025,414,6.68,,
45490-39195,317.30,a,266.35,BW09A-2025,329,429.35,,
45503-09331,183.59,a,151.40,BW03A-2026,158,162.29,,
45503-0C030,337.57,a,267.29,BW08A2-2026,0,345.44,,
45503-0K110,218.35,a,158.14,BW07UC-2026,26,283.52,,
45503-39225,186.13,Net Price,175.05,NMC-2025,1082,211.10,,
45503-39265,237.04,a,193.82,BW08A-2026,14,227.77,,
45503-59065,224.68,a,182.04,BW03A-2026,158,156.23,,
45503-60040,213.51,a,174.51,BW08A2-2026,0,206.54,,
45503-60050,336.29,a,265.94,BW08A2-2026,0,316.68,,
45503-69025,314.69,a,257.23,BW08A2-2026,0,303.83,,
45510-42230,1167.45,a,1009.26,BW03A-2026,158,1278.07,,
45517-26060,32.24,a,25.44,BW08A2-2026,0,35.04,,
45517-50020,36.08,a,29.55,BW07IE-2026,19,31.07,,
45517-60010,51.94,a,41.35,BW05AS-2026,104,47.63,,
45522-52010,13.96,a,12.21,BW12A-2025,236,16.89,,
45535-06040,16.93,a,14.43, BW07UC-2026 ,27,15.50,,
45535-0C030,31.45,a,22.74,BW08A2-2026,0,34.19,,
45535-26030,34.70,a,28.38,BW06IE-2026,69,32.39,,
45535-26060,32.02,a,26.31,BW08A2-2026,0,30.04,,
45535-28030,23.92,a,19.10, BW08A2-2026 ,0,25.45,,
45535-29045,45.61,a,29.73,BW08A-2026,14,48.59,,
45535-32070,34.52,a,28.36,BW08A2-2026,0,32.87,,
45535-33020,39.91,a,32.62,BW08A2-2026,0,31.73,,
45535-33050,34.17,a,27.47,BW06IE-2026,69,32.06,,
45535-35030,34.33,a,27.79,BW04A-2026,131,33.09,,
45535-44010,23.10,a,18.89,BW08A-2026,14,#N/A,,
45535-60010,34.70,a,28.36,BW08A2-2026,0,32.98,,
45535-60021,35.75,a,29.92,BW08A-2026,14,40.32,,
45535-69025,29.66,a,22.55,BW08A2-2026,0,32.24,,
45536-0K010,27.68,a,22.63,BW08A-2026,14,26.63,,
45619-14020,8.38,a,6.78,BW10A2-2025,316,9.77,,
45619-26020,5.19,a,3.29,BW08A-2026,14,5.77,,
45700-69135,276.32,a,224.73,BW06A2-2026,62,262.03,,
46410-26451,121.93,a,78.99,BW06A2-2026,62,0.00,,
46410-35830,99.07,a,87.66,BW12AS-2025,246,103.82,,
46410-36420,80.97,a,65.85,BW06A-2026,53,87.48,,
46410-60850,113.62,a,93.37,BW08A2-2026,0,110.69,,
46410-6A030,111.30,a,91.98,BW02A2-2026,175,123.43,,
46420-0K210,87.65,a,71.67,BW08A-2026,14,85.94,,
46420-35760,144.33,a,114.03,BW08A2-2026,0,153.55,,
46420-35781,111.91,a,91.97,BW08A2-2026,0,#N/A,,
46420-42140,124.16,a,99.39,BW03A-2026,158,145.43,,
46420-60090,114.79,a,93.82,BW08A2-2026,0,141.43,,
46430-26450,105.49,a,91.68,BW06A-2026,74,133.31,,
46430-60030,125.57,a,102.63,BW08A2-2026,0,155.64,,
46530-30021,31.39,a,26.02,BW03A-2026,158,30.45,,
46530-34010,39.98,a,31.39,BW08A-2026,14,42.09,,
46530-50041,30.95,a,27.15,BW03A-2026,158,39.44,,
46540-26020,34.89,a,28.67,BW08A2-2026,0,#N/A,,
46540-42010,32.53,a,26.60,BW08A-2026,14,45.25,,
46540-44010,46.97,a,38.78,BW05AS-2026,104,45.65,,
46540-48010,28.56,a,23.60,BW01A-2026,223,28.09,,
46540-48030,43.59,a,31.56,BW08A2-2026,0,48.44,,
46540-60050,55.89,a,45.39,BW08A-2026,14,52.52,,
46550-26020,36.91,a,28.76,BW08A2-2026,0,38.05,,
46550-28020,35.21,a,28.50,BW04A-2026,131,45.02,,
46550-48010,30.51,a,24.08,BW08A2-2026,0,32.46,,
46550-60060,54.17,a,42.60,BW08A-2026,14,51.30,,
46550-60070,42.17,a,35.46,BW08A2-2026,0,41.13,,
46580-60050,54.31,a,45.45,BW08A-2026,14,52.96,,
46580-60060,45.93,a,37.55,BW08A-2026,14,44.44,,
46590-26020,42.27,a,28.78,BW08A2-2026,0,38.05,,
47028-60010,628.11,a,530.37,BW06A2-2026,62,635.42,,
47028-60020,654.23,a,527.26,BW04A-2026,131,689.95,,
47050-60150,4871.18,a,4329.93, BW03AW-2025 ,515,5907.69,,
47050-60321,5624.52,a,4574.33,BW08A-2026,14,5554.69,,
47061-60310,89.64,a,73.66,BW08A2-2026,0,88.87,,
47062-60020,90.21,a,71.49,BW08A2-2026,0,98.06,,
47121-14010,13.72,a,10.25,BW08A2-2026,0,15.24,,
47121-42010,7.90,a,6.37,BW06A2-2026,62,8.74,,
47150-12240,384.77,a,311.15,BW05AS-2026,104,425.86,,
47201-12B20,702.26,a,503.86,BW08A2-2026,0,780.33,,
47201-26811,559.91,a,440.30,BW07UC-2026,26,537.95,,
47201-36392,465.56,a,390.55, BW07UC-2026 ,26,542.02,,
47201-36432,486.42,a,406.92, BW08A2-2026 ,0,475.96,,
47201-60A00,579.04,a,438.24, BW07UC-2026 ,26,570.38,,
47201-60A70,736.10,a,564.39,BW07UC-2026,26,898.11,,
47207-26020,512.08,a,400.73,BW08A2-2026,0,556.64,,
47230-20040,15.64,a,13.44,BW05A2-2025,449,20.20,,
47314-60280,13.29,a,10.38,BW08A-2026,14,14.21,,
47325-60290,38.58,a,31.55,BW08A-2026,14,#N/A,,
47327-0K021,32.10,a,25.01,BW08A-2026,14,33.79,,
47341-60031,9.51,a,7.52,BW08A-2026,14,9.70,,
47405-60010,36.09,a,29.51, BW08A-2026 ,14,35.40,,
47447-11010,2.46,a,2.01,BW08A2-2026,0,#N/A,,
47447-20030,2.78,a,2.36,BW08A2-2026,0,3.01,,
47447-30020,2.63,a,2.15,BW08A-2026,14,2.53,,
47449-40010,3.91,a,3.16,BW04A-2026,124,3.78,,
47491-20011,3.69,a,3.19,BW08A2-2026,0,4.11,,
47547-12030,9.29,a,7.59,BW08A-2026,14,#N/A,,
47547-60020,7.35,a,5.75,BW08A2-2026,0,7.82,,
47550-09070,116.49,a,93.94, BW05AS-2026 ,104,109.70,,
47550-0K010,119.12,a,73.36,BW07UC-2026,27,117.34,,
47550-26140,115.30,a,91.84,BW06A-2026,53,105.73,,
47550-37113,215.71,a,128.61,BW08A2-2026,0,173.60,,
47550-60160,133.37,a,106.87,BW08A2-2026,0,137.50,,
47550-71030,115.47,a,94.41,BW08A-2026,14,#N/A,,
47560-37083,157.35,a,128.61,BW08A2-2026,0,151.42,,
47560-BZ011,121.76,a,94.90,BW08A-2026,14,128.17,,
47580-37073,156.50,a,127.97, BW08A-2026 ,14,153.88,,
47611-35040,32.01,a,25.93,BW05AS-2026,104,31.88,,
47611-60020,38.12,a,28.56,BW07IE-2026,19,39.37,,
47614-28010,15.30,a,12.17, BW08A-2026 ,14,15.61,,
47624-60022,20.30,a,16.44,BW04A-2026,131,20.09,,
47634-60010,8.08,a,6.61,BW08A2-2026,0,7.57,,
47644-60010,9.76,a,7.97,BW08A2-2026,0,9.40,,
47684-26530,24.97,a,19.90,BW08A2-2026,0,27.14,,
47715-12A10,12.00,a,9.04,BW08A2-2026,0,13.33,,
47715-33340,11.00,a,8.99,BW08A-2026,14,#N/A,,
47715-43010,14.29,a,11.81,BW08A2-2026,0,14.03,,
47731-33340,60.54,a,48.32,BW08A-2026,14,61.15,,
47731-50070,25.41,a,20.78,BW08A2-2026,0,#N/A,,
47731-60020,35.76,a,29.39,BW08A2-2026,0,#N/A,,
47731-60280,32.39,a,26.62,BW08A2-2026,0,#N/A,,
47735-50200,17.47,a,14.27,BW08A2-2026,0,#N/A,,
47748-60061,6.27,a,5.19, BW06IE-2026 ,69,5.99,,
47749-08010,4.92,a,4.28,BW06AS-2025,442,5.66,,
47749-50090,1.07,a,0.89, BW03A-2026 ,158,1.07,,
47750-0K190,682.57,a,581.87,BW07UC-2026,27,674.90,,
47769-50010,1.53,a,1.24,BW06IE-2026,69,1.36,,
47771-22030,5.54,a,4.53, BW08A-2026 ,14,5.14,,
47771-30090,2.74,a,2.24,BW08A2-2026,0,#N/A,,
47771-53060,2.83,a,2.19, BW08A-2026 ,14,3.08,,
47775-22010,3.74,a,3.06,BW08A-2026,14,3.71,,
47777-60010,14.56,a,11.90,BW08A-2026,14,#N/A,,
47779-12010,15.70,a,11.98,BW08A-2026,14,16.38,,
47779-32030,2.57,a,2.12,BW03A-2026,158,2.46,,
47814-33240,15.47,a,12.65,BW08A2-2026,0,15.42,,
47815-48050,3.53,a,2.89,BW08A2-2026,0,#N/A,,
47830-60120,608.85,a,497.62,BW08A2-2026,0,575.77,,
47835-12150,12.26,a,10.03, BW08A2-2026 ,0,#N/A,,
47875-12150,6.64,a,5.43,BW08A2-2026,0,#N/A,,
47879-33211,1.73,a,1.45, BW03A-2026 ,158,1.98,,
47910-35420,253.42,a,215.99,BW07UC-2026,26,238.86,,
48020-50262,2495.50,a,1866.55,BW05A-2026,109,2497.78,,
48036-60011,70.06,a,55.74,BW06IE-2026,69,64.93,,
48047-60090,90.73,a,72.81, BW06IE-2026 ,69,86.52,,
48061-26050,75.27,a,61.54,BW08A-2026,14,71.61,,
48061-35011,97.09,a,88.61,BW12A-2024,601,109.22,,
48061-60010,69.66,a,56.01, BW07IE-2026 ,19,66.62,,
48061-60050,52.10,a,43.62,BW07UC-2026,26,50.83,,
48066-29225,798.11,a,649.14,BW06A-2026,53,754.26,,
48067-29225,850.41,a,645.92, BW06A-2026 ,53,881.95,,
48068-09100,772.21,a,634.55,BW08A2-2026,0,#N/A,,
48068-33070,368.63,a,296.02, BW06A2-2026 ,62,334.23,,
48068-48070,362.51,a,303.39,BW08A-2026,14,359.50,,
48068-59145,501.83,a,456.23,BW06AS-2025,414,525.90,,
48068-60010,882.52,a,717.92,BW06A2-2026,62,863.15,,
48068-60030,805.75,a,632.77,BW08A-2026,14,848.20,,
48068-60051,689.96,a,579.62,BW03A-2026,158,704.64,,
48068-BZ200,386.66,a,313.98,BW04UC-2026,116,433.72,,
48069-02050,150.03,a,105.21,BW06A2-2026,62,161.26,,
48069-08040,321.73,Net Price,287.16,BW03A-2025,526,331.77,,
48069-0K040,527.65,a,449.81,BW07UC-2026,27,491.67,,
48069-33070,352.79,a,288.34,BW08A-2026,14,333.46,,
48069-42060,388.75,a,317.67,BW07B-2026,47,380.03,,
48069-59135,531.19,a,463.83,BW02A2-2026,175,534.24,,
48069-60010,856.18,a,693.97,BW07B-2026,47,841.00,,
48069-60040,731.30,a,594.76,BW08A-2026,14,718.34,,
48075-30030,74.09,a,60.48,BW06IE-2026,69,72.39,,
48076-30040,96.12,a,72.43, BW06IE-2026 ,69,110.29,,
48131-6B290,255.20,a,208.67,BW08A-2026,14,236.47,,
48131-6B320,239.51,a,192.51,BW07UC-2026,26,260.64,,
48131-6B470,340.94,a,276.26,BW05AS-2026,104,0.00,,
48154-60230,4.88,a,3.93, BW06IE-2026 ,69,4.96,,
48157-05020,35.16,a,28.89,BW08A2-2026,0,#N/A,,
48157-12080,29.45,a,23.95,BW08A-2026,14,28.06,,
48157-22040,47.91,a,43.62,BW12AW-2024,615,59.46,,
48157-33062,60.23,a,39.84,BW07IE-2026,19,65.92,,
48157-42020,38.98,a,31.70,BW08A-2026,14,38.12,,
48157-42030,32.98,a,26.82,BW08A-2026,14,31.80,,
48157-44010,16.77,a,13.78, BW08A2-2026 ,0,#N/A,,
48157-48030,34.40,a,28.12,BW06IE-2026,69,33.24,,
48157-52030,27.97,a,21.89,BW06IE-2026,69,27.36,,
48190-0K010,19.73,a,16.13,BW08A-2026,14,18.58,,
48190-25010,22.57,a,16.55,BW08A-2026,14,18.99,,
48190-26020,23.10,a,20.32,BW04A-2026,131,24.17,,
48190-30040,20.50,a,16.51,BW08A-2026,14,#N/A,,
48190-30060,16.22,a,13.26,BW08A-2026,14,#N/A,,
48190-30070,17.91,a,15.48,BW12A-2025,236,0.00,,
48190-34010,33.73,a,27.58, BW08A-2026 ,14,32.98,,
48190-35020,19.37,a,15.83, BW08A2-2026 ,0,18.51,,
48190-36020,25.89,a,22.33,BW03A-2026,158,32.39,,
48190-60020,21.88,a,17.89,BW08A2-2026,0,20.93,,
48198-0K030,24.45,a,18.84,BW06A-2026,53,22.95,,
48198-25010,12.26,a,10.03,BW08A2-2026,0,12.56,,
48198-26010,5.28,a,4.52,BW03A-2026,158,5.33,,
48198-27010,9.66,a,7.85,BW04A-2026,124,10.80,,
48198-32040,19.53,a,16.14,BW08A2-2026,0,22.44,,
48198-35010,16.15,a,12.54,BW08A-2026,14,17.22,,
48198-42010,15.50,a,12.80,BW08A2-2026,0,15.50,,
48198-48010,20.24,a,16.63,BW08A2-2026,0,#N/A,,
48198-50011,11.70,a,9.64,BW09A-2025,351,10.06,,
48198-60021,27.99,a,19.49, BW06IE-2026 ,69,33.24,,
48231-60G40,245.68,a,189.84,BW06A2-2026,62,0.00,,
48231-60G50,243.47,a,194.06,BW06A2-2026,62,259.46,,
48252-0K010,2.83,a,2.30,BW08A-2026,14,2.68,,
48258-32020,23.46,a,18.98,BW08A-2026,14,27.25,,
48258-33020,35.07,a,28.67, BW08A2-2026 ,0,#N/A,,
48289-60010,22.44,a,17.57,BW08A-2026,14,23.14,,
48304-0D150,75.23,a,59.94,BW06A-2026,53,85.97,,
48304-0K041,41.00,a,36.41,BW01A-2026,223,41.50,,
48306-60062,33.03,a,28.52,BW09A-2025,344,0.00,,
48306-60090,77.80,a,63.94,BW01A-2026,223,90.53,,
48331-12210,16.59,a,13.44,BW01A-2026,223,16.20,,
48331-26140,43.85,a,35.85,BW08A-2026,14,42.31,,
48331-28090,24.62,a,18.95,BW08A2-2026,0,25.38,,
48331-33071,16.91,a,13.56,BW08A2-2026,0,18.73,,
48331-48050,24.66,a,16.51,BW08A-2026,14,27.18,,
48341-26240,77.54,a,63.39,BW08A-2026,14,113.59,,
48341-32054,16.31,a,13.33,BW08A2-2026,0,15.72,,
48341-42010,41.00,a,34.76,BW03A-2026,158,48.99,,
48341-47010,27.17,a,22.22,BW08A-2026,14,25.49,,
48341-48050,25.09,a,20.40,BW06A-2026,53,24.02,,
48409-12040,27.55,a,22.29, BW04A-2026 ,131,25.45,,
48409-26050,22.84,a,19.23,BW02A2-2026,175,25.63,,
48409-34051,26.65,a,20.55,BW08A-2026,14,#N/A,,
48409-35050,25.50,a,20.74,BW08A-2026,14,24.31,,
48409-42011,19.37,a,15.75,BW06A-2026,53,20.86,,
48409-42030,18.14,a,14.05,BW08A2-2026,0,17.59,,
48409-60020,27.83,a,22.58,BW04A-2026,131,26.15,,
48409-60040,25.09,a,20.52,BW08A-2026,14,24.31,,
48452-26010,23.20,a,19.06,BW08A2-2026,0,#N/A,,
48452-32040,13.19,a,10.73,BW08A-2026,14,#N/A,,
48452-34011,30.89,a,25.12,BW08A-2026,14,29.89,,
48452-35020,31.09,a,24.03,BW08A-2026,14,33.79,,
48452-42011,17.17,a,14.73,BW08A2-2026,0,17.33,,
48452-60020,28.28,a,23.12, BW08A-2026 ,14,37.42,,
48505-60110,18.11,a,14.81, BW08A-2026 ,14,19.46,,
48505-60120,25.14,a,20.65,BW08A2-2026,0,#N/A,,
48509-60040,23.88,a,19.48,BW08A2-2026,0,22.73,,
48510-09S71,405.59,a,315.75,BW08A2-2026,0,#N/A,,
48510-09Y90,157.55,a,134.30,BW07UC-2026,27,142.49,,
48510-69495,496.21,a,406.19, BW12A-2025 ,236,502.43,,
48510-80307,455.47,a,369.11,BW05AS-2026,104,416.39,,
48510-80863,377.27,a,306.81,BW08A-2026,14,351.42,,
48510-80A87,453.92,a,363.75,BW04A-2026,131,464.57,,
48510-8Z173,359.05,a,309.12,BW12A-2025,236,369.89,,
48510-8Z205,209.60,a,176.83,BW07UC-2026,27,206.47,,
48510-8Z265,170.23,a,138.26,BW04UC-2026,116,278.08,,
48511-69645,163.42,a,134.79,BW08A2-2026,0,202.91,,
48520-09G41,332.38,a,285.65, BW12IE-2025 ,252,253.73,,
48520-80340,465.38,a,374.28,BW07IE-2026,19,445.07,,
48520-80341,363.19,a,330.86,BW10UC-2024,662,525.90,,
48520-80497,377.27,a,306.11,BW06A2-2026,62,358.44,,
48520-80538,377.27,a,308.36, BW08A2-2026 ,0,350.98,,
48520-8Z059,382.35,a,302.28,BW07UC-2026,26,390.02,,
48530-02680,206.09,a,151.52,BW06IE-2026,69,176.98,,
48530-09N10,181.93,a,147.48,BW06A2-2026,62,256.96,,
48530-0C101,127.19,a,98.26,BW08A-2026,14,#N/A,,
48530-0D570,130.24,a,101.97, BW08A-2026 ,14,134.27,,
48530-69365,159.98,a,131.52,BW01A-2026,204,147.05,,
48530-69425,177.30,a,107.52, BW08A2-2026 ,0,169.27,,
48530-69526,160.46,a,131.25, BW01A-2026 ,204,147.63,,
48530-69535,1188.51,a,1028.46,BW04A-2026,131,1108.51,,
48530-80372,156.19,a,133.30, BW12A-2025 ,236,145.91,,
48530-80440,203.04,a,177.29,BW06A2-2026,62,223.69,,
48530-80441,223.10,a,180.64,BW03A-2026,158,268.79,,
48530-80701,159.93,a,117.62,BW08A-2026,14,177.71,,
48530-80810,136.73,a,107.53, BW08A2-2026 ,0,138.12,,
48530-80812,133.97,a,107.51, BW08A2-2026 ,0,138.12,,
48531-0K210,129.08,a,97.48,BW03A-2026,158,150.68,,
48531-0K262,116.02,a,93.10,BW03A-2026,158,132.17,,
48531-48133,202.98,a,151.70,BW07IE-2026,19,210.47,,
48531-48282,185.38,a,119.94,BW06A-2026,53,136.32,,
48531-69795,164.41,a,134.42,BW08A-2026,14,156.08,,
48531-69865,131.14,a,107.19,BW08A2-2026,0,#N/A,,
48531-80725,128.50,a,103.92,BW07UC-2026,26,117.48,,
48536-60010,35.17,a,25.36, BW08A2-2026 ,0,39.08,,
48539-60020,30.93,a,20.27,BW08A2-2026,0,#N/A,,
48540-09A71,378.09,a,304.90,BW06IE-2026,69,384.80,,
48540-39805,556.51,a,467.51,BW01A-2026,199,543.90,,
48540-80020,587.24,a,475.58,BW06IE-2026,69,674.93,,
48559-33020,34.93,a,24.63, BW08A-2026 ,14,#N/A,,
48605-39015,458.98,a,375.28, BW08A-2026 ,14,431.59,,
48609-02300,123.15,a,100.17, BW08A-2026 ,14,143.34,,
48609-0K020,81.74,a,66.38, BW04UC-2026 ,116,0.00,,
48609-0K040,95.19,a,75.04, BW03A-2026 ,158,89.28,,
48609-12330,156.51,a,126.52, BW02AS-2026 ,174,178.37,,
48609-12530,116.31,a,98.95,BW04A-2026,131,118.40,,
48609-12570,112.10,a,90.79,BW04A-2026,131,106.10,,
48609-13010,145.87,a,122.68,BW03A-2026,158,146.97,,
48609-28040,155.18,a,116.49, BW08A2-2026 ,0,158.36,,
48609-33121,145.67,a,114.67,BW08A2-2026,0,154.98,,
48609-33190,158.43,a,139.35,BW12AS-2025,246,151.42,,
48609-33230,181.48,a,142.09,BW07IE-2026,19,188.18,,
48609-33240,203.82,a,153.93,BW03A-2026,158,231.96,,
48609-33260,147.36,a,117.15,BW08A-2026,14,140.77,,
48609-33270,170.01,a,116.55,BW08A-2026,14,136.54,,
48609-33280,143.32,a,117.13,BW08A2-2026,0,#N/A,,
48609-47060,151.10,a,117.13,BW08A2-2026,0,159.06,,
48609-48020,142.94,a,115.72,BW04A-2026,124,136.29,,
48609-48040,110.89,a,92.54,BW04A-2026,131,112.56,,
48609-48060,184.02,a,155.79,BW05A-2026,109,181.31,,
48609-52100,136.28,a,108.02, BW07UC-2026 ,26,127.99,,
48609-60070,126.40,a,101.74,BW06IE-2026,69,117.81,,
48609-60080,142.55,a,117.14,BW08A2-2026,0,139.81,,
48609-60090,96.53,a,78.90,BW08A2-2026,0,97.36,,
48609-60100,101.70,a,83.15,BW08A-2026,14,98.68,,
48610-0K040,563.10,a,460.04,BW06IE-2026,69,513.82,,
48610-59125,945.42,a,857.50,BW03IE-2025,510,1106.97,,
48610-60030,784.73,a,638.23,BW06A2-2026,62,785.77,,
48610-60060,681.66,a,538.65,BW07IE-2026,19,609.89,,
48619-28010,25.23,a,20.63,BW08A-2026,14,24.31,,
48619-33010,107.41,a,87.78,BW08A2-2026,0,#N/A,,
48619-52030,7.94,a,6.00,BW08A2-2026,0,8.19,,
48630-0K040,580.94,a,458.63,BW07IE-2026,19,479.81,,
48632-0C010,60.86,a,49.74,BW08A2-2026,0,60.41,,
48632-26090,57.74,a,39.71,BW06A-2026,53,44.33,,
48632-60010,80.75,a,67.97, BW05A-2026 ,109,80.54,,
48632-60030,53.42,a,44.21,BW08A-2026,14,51.16,,
48632-60040,56.30,a,44.50,BW08A-2026,14,52.41,,
48654-0C010,109.66,a,87.59,BW08A2-2026,0,111.90,,
48654-0K040,69.33,a,60.65,BW10IE-2025,308,71.94,,
48654-34010,136.08,a,88.28,BW07B-2026,47,144.29,,
48654-60010,89.64,a,73.30,BW08A-2026,14,87.63,,
48654-60020,87.49,a,72.71,BW04A-2026,131,78.67,,
48654-60030,96.91,a,78.32,BW05AS-2026,104,90.12,,
48654-60040,116.49,a,86.74,BW08A-2026,14,126.63,,
48655-06120,43.82,a,36.36,BW06A2-2026,62,40.29,,
48655-0C010,161.36,a,127.99,BW08A2-2026,0,168.09,,
48655-36010,77.95,a,63.24, BW07UC-2026 ,26,71.06,,
48655-50012,164.27,a,134.53, BW07IE-2026 ,19,146.42,,
48655-60010,93.26,a,76.34,BW06A-2026,53,90.56,,
48655-60020,96.65,a,77.17,BW06IE-2026,69,87.52,,
48655-60030,114.92,a,94.43,BW08A2-2026,0,110.32,,
48655-60040,148.55,a,121.85, BW08A-2026 ,14,139.70,,
48655-60050,105.40,a,79.17,BW08A2-2026,0,107.53,,
48674-26021,35.58,a,28.94, BW08A-2026 ,14,#N/A,,
48674-26040,30.27,a,25.85,BW06IE-2026,69,29.82,,
48680-30300,231.32,a,172.54,BW07IE-2026,19,216.24,,
48680-50110,190.19,a,170.60,BW09A-2025,344,225.34,,
48702-60040,77.21,a,63.10, BW08A2-2026 ,0,75.91,,
48702-60090,67.64,a,54.67, BW07UC-2026 ,26,63.79,,
48702-60100,81.34,a,66.49,BW08A2-2026,0,76.24,,
48702-60110,77.12,a,63.37, BW08A2-2026 ,0,72.90,,
48704-28040,51.32,a,41.00,BW08A2-2026,0,55.79,,
48705-53020,87.17,a,71.60, BW03A-2026 ,158,108.08,,
48706-60011,15.40,a,12.90,BW06IE-2026,69,15.28,,
48706-60030,36.28,a,29.65,BW08A2-2026,0,34.82,,
48706-60040,35.21,a,29.65,BW08A2-2026,0,35.26,,
48706-60050,40.64,a,31.40,BW06A2-2026,62,37.20,,
48706-60060,25.92,a,21.19,BW08A2-2026,0,24.86,,
48706-60070,22.95,a,18.76,BW08A2-2026,0,22.88,,
48706-B4010,37.05,a,18.01,BW06A2-2026,62,0.00,,
48710-35050,164.45,a,137.31,BW05AS-2026,104,160.23,,
48710-42020,265.01,a,199.29,BW08A-2026,14,288.07,,
48710-42030,201.27,a,159.51,BW08A-2026,14,211.87,,
48710-48080,218.70,a,182.49,BW07UC-2026,26,210.03,,
48710-60121,253.14,a,205.85,BW08A-2026,14,224.61,,
48710-60130,293.18,a,247.91,BW02A-2026,194,292.81,,
48710-60131,234.81,a,178.34,BW08A2-2026,0,255.24,,
48710-60140,220.36,a,178.16,BW06A2-2026,62,208.49,,
48710-60150,218.20,a,178.34,BW08A2-2026,0,212.38,,
48720-35061,295.53,a,241.74,BW06A-2026,53,283.44,,
48720-60070,301.39,a,242.93,BW08A2-2026,0,310.73,,
48725-05141,54.40,a,43.88,BW06A-2026,53,59.94,,
48725-12570,120.65,a,97.30,BW06IE-2026,69,111.50,,
48725-12590,101.76,a,84.06,BW08A2-2026,0,88.95,,
48725-12630,100.62,a,84.06,BW08A-2026,14,100.19,,
48725-12640,110.60,a,87.94, BW08A2-2026 ,0,117.67,,
48725-32250,52.20,a,44.02, BW10A2-2025 ,316,0.00,,
48725-52060,82.43,a,67.40,BW08A-2026,14,79.33,,
48740-42010,291.14,a,236.83, BW06A2-2026 ,62,276.14,,
48740-42020,291.14,a,236.81,BW06A-2026,53,266.07,,
48740-60150,276.04,a,218.56,BW06A2-2026,62,257.22,,
48747-0C010,95.47,a,78.04,BW08A2-2026,0,82.08,,
48750-06130,152.34,a,113.78,BW07B-2026,47,183.22,,
48750-33130,178.90,a,145.50,BW08A-2026,14,173.23,,
48760-06220,125.34,a,109.40,BW12IE-2025,252,134.23,,
48760-06250,152.21,a,111.34,BW08A-2026,14,160.23,,
48760-48040,178.99,a,145.59,BW06A-2026,53,172.46,,
48760-48060,424.31,a,347.50,BW07IE-2026,19,417.86,,
48770-42040,235.62,a,190.72, BW04A-2026 ,131,225.71,,
48780-42010,274.23,a,221.93,BW02AS-2026,174,255.31,,
48780-42030,250.07,a,203.37,BW08A-2026,14,245.07,,
48790-60010,317.02,a,237.45,BW12AS-2025,246,317.67,,
48802-48010,59.88,a,48.97,BW08A-2026,14,57.14,,
48802-60060,116.46,a,94.71, BW08A-2026 ,14,112.23,,
48802-60100,48.69,a,38.46,BW08A-2026,14,50.20,,
48802-60110,41.25,a,33.72,BW08A2-2026,0,40.18,,
48805-48110,328.08,a,272.28,BW01A-2026,204,321.82,,
48810-0C010,213.66,a,175.57,BW08A2-2026,0,203.46,,
48810-0K011,159.84,a,137.00,BW12IE-2025,252,120.13,,
48810-26050,127.06,a,105.20, BW03A-2026 ,158,123.18,,
48810-50020,124.16,a,111.82,BW08A-2025,358,80.50,,
48810-53020,144.79,a,118.12,BW07IE-2026,19,164.01,,
48810-60040,126.28,a,103.25, BW08A-2026 ,14,122.70,,
48810-60051,127.80,a,103.93,BW08A-2026,14,125.45,,
48810-60060,148.29,a,120.59,BW08A-2026,14,143.70,,
48811-26460,248.02,Net Price,233.25,NMC-2025,1082,0.00,,
48815-05170,33.31,a,27.22,BW08A2-2026,0,#N/A,,
48815-06111,14.96,a,11.71,BW08A-2026,14,15.42,,
48815-0C050,33.82,a,27.79,BW08A2-2026,0,#N/A,,
48815-0K010,25.50,a,20.66,BW06A-2026,74,24.42,,
48815-0K050,20.71,a,16.70,BW06IE-2026,69,18.36,,
48815-0K070,24.44,a,19.88,BW06A2-2026,62,23.17,,
48815-0K130,24.16,a,19.45, BW06A-2026 ,53,27.69,,
48815-10090,19.79,a,15.60,BW08A-2026,14,18.80,,
48815-12340,16.06,a,13.59,BW05A-2026,109,15.98,,
48815-12350,23.69,a,19.36,BW08A2-2026,0,21.85,,
48815-12360,16.45,a,13.50,BW04A-2026,131,14.58,,
48815-12390,31.61,a,25.97,BW08A2-2026,0,#N/A,,
48815-12410,31.61,a,25.84,BW08A-2026,14,32.83,,
48815-13040,19.23,a,15.90,BW02A2-2026,175,18.73,,
48815-14140,18.69,a,15.70, BW06IE-2026 ,69,18.55,,
48815-26020,13.19,a,10.74,BW06IE-2026,69,12.71,,
48815-26040,21.77,a,18.58, BW03A-2026 ,158,21.81,,
48815-26200,22.81,a,19.74,BW08A2-2026,0,26.15,,
48815-26370,21.18,a,16.89,BW06IE-2026,69,19.39,,
48815-26380,23.18,a,18.94,BW08A2-2026,0,23.28,,
48815-26390,26.43,a,21.72,BW08A2-2026,0,#N/A,,
48815-28010,14.73,a,12.22,BW10A2-2025,295,19.35,,
48815-28030,17.95,a,15.10, BW04A-2026 ,124,16.31,,
48815-28070,25.47,a,20.88, BW08A-2026 ,14,#N/A,,
48815-28110,24.06,Net Price,22.56,BW04A-2025,484,29.42,,
48815-28130,19.95,a,16.23,BW04A-2026,131,19.35,,
48815-28180,32.89,a,25.99,BW08A-2026,14,24.53,,
48815-28190,31.06,a,25.99,BW08A-2026,14,30.08,,
48815-30571,30.10,a,24.50, BW07UC-2026 ,26,28.24,,
48815-30650,37.12,a,31.59,BW06IE-2026,69,32.76,,
48815-33040,20.43,a,16.47,BW08A-2026,14,20.64,,
48815-33101,17.30,a,14.17,BW07IE-2026,19,16.09,,
48815-33110,17.90,a,15.90,BW06AS-2025,442,0.00,,
48815-33150,34.83,a,28.52, BW08A-2026 ,14,34.19,,
48815-33160,42.30,a,27.14,BW07UC-2026,26,46.16,,
48815-35130,27.32,a,22.22,BW08A-2026,14,25.23,,
48815-42090,35.17,a,28.75,BW08A2-2026,0,33.49,,
48815-42100,34.98,a,28.60, BW08A-2026 ,14,33.75,,
48815-42111,35.11,a,27.19,BW08A2-2026,0,38.16,,
48815-42121,34.09,a,27.03,BW08A2-2026,0,35.51,,
48815-42130,32.19,a,26.93,BW06A-2026,53,31.77,,
48815-42140,33.12,a,26.94,BW08A-2026,14,32.10,,
48815-44040,33.87,a,27.69,BW08A-2026,14,31.91,,
48815-48030,26.97,a,20.82,BW08A-2026,14,28.39,,
48815-48070,20.58,a,17.25,BW06A-2026,53,20.31,,
48815-48080,32.81,a,26.96, BW08A2-2026 ,0,39.63,,
48815-48090,33.78,a,26.92,BW06A-2026,53,36.32,,
48815-48110,41.19,a,32.69, BW07IE-2026 ,19,42.75,,
48815-50151,34.90,a,26.40,BW08A2-2026,0,38.78,,
48815-50200,38.64,a,32.54,BW07IE-2026,19,38.45,,
48815-52070,15.16,a,12.45,BW08A2-2026,0,#N/A,,
48815-52080,20.95,a,16.55,BW08A-2026,14,19.57,,
48815-52090,19.93,a,16.03,BW06IE-2026,69,18.51,,
48815-52140,21.05,a,16.25,BW08A2-2026,0,22.88,,
48815-53070,40.81,a,32.72,BW07IE-2026,19,40.07,,
48815-60140,22.30,a,17.71,BW06IE-2026,69,20.53,,
48815-60170,13.29,a,10.56, BW06IE-2026 ,69,12.45,,
48815-60221,27.78,a,22.06,BW08A2-2026,0,29.56,,
48815-60241,23.34,a,19.18, BW06IE-2026 ,69,22.55,,
48815-60250,25.50,a,20.74,BW08A-2026,14,23.98,,
48815-60260,31.14,a,26.05,BW08A2-2026,0,31.03,,
48815-60271,27.22,a,22.14,BW08A-2026,14,27.76,,
48815-60320,29.80,a,22.33,BW08A-2026,14,30.41,,
48815-60350,23.47,a,19.50,BW06A2-2026,62,22.84,,
48815-60360,27.63,a,21.65,BW08A-2026,14,26.48,,
48815-60380,24.95,a,19.72,BW08A-2026,14,27.54,,
48815-60390,29.27,a,23.92,BW08A2-2026,0,26.33,,
48815-78011,39.97,a,32.73, BW07IE-2026 ,19,41.50,,
48815-B4011,21.95,a,17.46,BW08A-2026,14,#N/A,,
48817-0D010,4.69,a,3.97,BW03A-2026,158,0.00,,
48817-26020,7.58,a,6.23,BW08A2-2026,0,7.31,,
48817-30010,4.73,a,3.64,BW08A2-2026,0,5.14,,
48817-36011,3.21,a,2.42,BW08A-2026,14,3.49,,
48817-48010,19.49,a,15.30,BW08A2-2026,0,21.19,,
48817-48020,19.49,a,15.30,BW08A2-2026,0,21.19,,
48817-52011,4.92,a,4.02,BW08A2-2026,0,4.70,,
48817-60010,10.94,a,7.14,BW08A-2026,14,8.41,,
48817-60020,9.66,a,7.90,BW08A-2026,14,9.66,,
48817-YE010,3.42,a,2.75,BW04UC-2026,118,2.97,,
48818-06300,13.63,a,11.20,BW08A2-2026,0,0.00,,
48818-20260,18.00,a,15.07,BW10A2-2025,316,19.24,,
48818-21070,19.46,a,15.91,BW08A2-2026,0,#N/A,,
48818-21080,25.85,a,19.38,BW08A-2026,14,27.21,,
48818-33130,38.58,a,31.24,BW07UC-2026,26,52.41,,
48818-42010,11.69,a,9.07,BW08A-2026,14,12.05,,
48818-42020,17.90,a,13.71, BW08A2-2026 ,0,16.09,,
48818-48010,18.11,a,14.59,BW12A-2025,236,17.08,,
48818-48021,11.23,a,9.18,BW08A-2026,14,10.83,,
48818-48060,41.48,a,33.89,BW05A-2026,109,40.99,,
48818-48080,9.24,a,7.56,BW08A-2026,14,9.00,,
48818-50030,23.85,a,21.06,BW10A2-2025,316,24.05,,
48818-60020,22.67,a,18.44, BW08A-2026 ,14,22.07,,
48818-60030,24.21,a,18.44, BW08A-2026 ,14,21.81,,
48818-60040,17.10,a,14.05,BW08A2-2026,0,16.56,,
48818-60080,22.55,a,18.44,BW08A-2026,14,24.86,,
48819-26040,23.00,a,18.63,BW05AS-2026,104,0.00,,
48820-22041,128.35,a,106.49,BW03A-2026,158,166.47,,
48820-26051,130.90,a,107.32,BW06A-2026,74,122.88,,
48820-26060,129.70,a,105.48,BW08A-2026,14,123.76,,
48820-28050,95.74,a,80.87,BW08A2-2026,0,94.86,,
48820-33040,105.27,a,88.20,BW08A-2026,14,109.04,,
48820-33070,129.98,a,105.70,BW08A-2026,14,122.99,,
48820-33090,129.98,a,106.24,BW08A2-2026,0,124.42,,
48820-42030,98.82,a,81.64,BW08A2-2026,0,95.63,,
48820-47010,148.66,a,117.77,BW06IE-2026,69,134.19,,
48820-47020,143.73,a,117.48,BW08A2-2026,0,128.83,,
48820-50020,162.11,a,132.76,BW07IE-2026,19,151.78,,
48820-52030,129.66,a,106.02,BW08A-2026,14,120.31,,
48820-53020,144.24,a,117.23,BW07IE-2026,19,133.86,,
48820-60032,35.77,a,27.57, BW08A2-2026 ,0,32.39,,
48820-60050,123.57,a,103.25,BW08A-2026,14,119.47,,
48820-60071,127.80,a,103.93,BW08A-2026,14,124.24,,
48820-60082,143.11,a,103.93,BW08A-2026,14,119.43,,
48821-52040,13.81,a,10.50,BW08A-2026,14,14.29,,
48823-26090,18.70,a,15.50,BW12AS-2025,246,0.00,,
48823-60030,8.83,a,7.22, BW08A-2026 ,14,9.29,,
48824-26210,21.62,a,16.97,BW08A2-2026,0,23.50,,
48824-33020,8.66,a,7.79,BW01A-2025,582,11.75,,
48824-60130,98.49,a,82.13,BW08A-2026,14,97.84,,
48829-12070,31.18,a,26.23,BW09A-2025,329,0.00,,
48830-30090,96.50,a,84.08, BW04A-2026 ,124,115.54,,
48830-33040,122.41,a,98.72,BW06IE-2026,69,111.75,,
48830-35020,119.57,a,105.29,BW02AS-2026,174,121.45,,
48830-42022,109.87,a,89.35,BW08A-2026,14,137.54,,
48830-60050,468.73,a,383.26,BW08A-2026,14,462.44,,
48849-60010,16.25,a,13.53,BW08A-2026,14,16.01,,
48849-60041,20.59,a,17.19,BW08A-2026,14,20.42,,
48849-60110,33.45,a,27.18, BW06A-2026 ,53,32.21,,
48849-60120,44.74,a,35.54,BW08A2-2026,0,46.13,,
48910-60033,3142.44,a,2255.09,BW08A2-2026,0,3491.78,,
48911-60020,48.75,a,37.25, BW06A-2026 ,53,51.23,,
51085-60010,82.83,a,67.36,BW08A-2026,14,82.01,,
51441-33110,116.71,a,102.88,BW07AS-2025,386,165.70,,
51441-33250,367.64,a,264.39,BW07IE-2026,19,0.00,,
51759-60160,57.37,a,45.75,BW08A2-2026,0,61.22,,
51795-60060,66.63,a,51.64,BW08A2-2026,0,70.14,,
51950-60030,59.76,a,40.58,BW08A-2026,14,63.64,,
52011-78020,155.17,a,117.46,BW07IE-2026,19,160.89,,
52023-0D100,197.96,a,171.11,BW08A-2025,382,258.29,,
52025-60050,108.94,a,89.04,BW08A2-2026,0,105.40,,
52026-60050,113.74,a,89.04,BW08A2-2026,0,121.01,,
52030-07020,117.59,Net Price,110.58,NMC-2025,1002,0.00,,
52101-35640,861.34,a,730.52,BW02AS-2026,174,0.00,,
52103-60281,105.57,a,81.72,BW08A-2026,14,111.13,,
52105-0K021,1120.74,a,911.53,BW06A-2026,53,1164.33,,
52112-42110,44.41,a,36.30,BW08A-2026,14,49.69,,
52113-0D040,44.81,a,40.37,BW10AS-2024,670,51.93,,
52113-42100,45.66,a,30.67,BW08A2-2026,0,48.07,,
52114-33430,73.51,a,57.23,BW08A-2026,14,77.38,,
52114-42120,71.27,a,55.08,BW08A-2026,14,75.03,,
52115-02250,60.49,a,44.20,BW07B-2026,47,70.55,,
52115-02360,54.21,a,44.01,BW07B-2026,47,52.48,,
52115-12380,29.50,a,24.11,BW08A2-2026,0,28.39,,
52115-58010,54.82,a,44.80,BW08A2-2026,0,#N/A,,
52115-60071,80.97,a,66.17, BW08A2-2026 ,0,75.54,,
52115-60141,55.10,a,44.74,BW05AS-2026,104,53.51,,
52115-60150,75.48,a,63.23,BW02AS-2026,174,72.97,,
52115-60180,64.21,a,56.05,BW11A-2025,272,64.45,,
52115-60200,67.16,a,53.19, BW08A-2026 ,14,62.76,,
52115-60250,37.06,a,30.09,BW08A-2026,14,37.90,,
52116-47041,74.31,a,57.47,BW06A-2026,53,69.19,,
52116-47050,60.72,a,52.55,BW08A2-2026,0,68.79,,
52116-60190,71.92,a,63.24,BW02AS-2026,174,74.92,,
52116-60250,38.07,a,30.45, BW08A2-2026 ,0,39.66,,
52116-60270,50.83,a,41.56,BW08A-2026,14,49.51,,
52116-76011,42.02,a,37.03,BW12A-2025,236,54.94,,
52119-0U920,325.30,a,283.61,BW11A-2025,283,513.45,,
52119-3T965,357.19,a,257.71,BW08A2-2026,0,364.50,,
52119-4A920,319.71,a,261.40, BW08A-2026 ,14,519.29,,
52119-6A959,612.00,a,462.28,BW08A2-2026,0,680.04,,
52119-6A966,634.97,a,462.51,BW08A-2026,14,683.60,,
52119-BZM40,350.24,a,311.91,BW10A2-2025,316,345.99,,
52119-F2926,329.98,a,260.69, BW06A2-2026 ,62,342.31,,
52127-12909,14.37,a,11.17,BW08A-2026,14,14.91,,
52127-48916,34.25,a,24.80,BW07IE-2026,19,34.26,,
52128-48913,31.28,a,26.64,BW10IE-2025,308,32.50,,
52145-33060,49.71,a,40.02,BW06IE-2026,69,58.17,,
52146-07030,30.63,a,25.98,BW03A-2026,158,41.10,,
52152-0K050,357.91,a,208.20,BW07UC-2026,27,352.56,,
52155-21010,16.35,a,13.43,BW01A-2026,204,0.00,,
52155-42050,64.40,a,48.87,BW08A2-2026,0,93.10,,
52155-60080,64.27,a,52.56,BW08A-2026,14,61.29,,
52156-33010,123.13,a,107.91,BW05A2-2025,449,140.62,,
52157-33010,64.51,a,54.48,BW02A2-2026,175,64.09,,
52158-26010,17.45,a,15.23,BW10A2-2025,295,17.74,,
52159-0K010,198.44,a,131.14,BW03A-2026,158,207.90,,
52159-60999,1063.18,a,799.38,BW08A2-2026,0,1181.37,,
52159-6A927,644.97,a,454.70,BW08A2-2026,0,670.05,,
52159-6B905,624.97,a,439.93,BW08A-2026,14,#N/A,,
52164-0K030,88.21,a,73.53,BW06A2-2026,62,82.78,,
52164-F4020,57.66,a,50.96,BW07AS09A-2025,386,68.97,,
52169-33030,449.98,a,219.10,BW05A-2026,109,#N/A,,
52169-42020,296.81,a,232.57,BW08A2-2026,0,309.19,,
52171-60050,43.67,a,35.88, BW08A2-2026 ,0,#N/A,,
52172-60030,44.80,a,35.71,BW06A-2026,53,48.92,,
52188-33030,4.67,a,3.82,BW08A-2026,14,#N/A,,
52197-16020,2.77,a,2.11,BW08A-2026,14,3.01,,
52198-53020,3.39,a,2.86,BW11A-2025,272,4.08,,
52201-0K010,39.60,a,33.53,BW06A-2026,53,43.26,,
52201-25020,20.88,a,17.42,BW08A-2026,14,20.97,,
52201-35100,57.14,a,46.47,BW08A-2026,14,56.30,,
52201-60050,65.56,a,50.47,BW08A-2026,14,69.01,,
52201-60110,90.09,a,59.99,BW08A2-2026,0,100.11,,
52201-60130,74.80,a,59.59,BW07UC-2026,26,79.55,,
52202-35090,36.50,a,29.99,BW08A2-2026,0,#N/A,,
52202-60050,31.51,a,25.77,BW08A-2026,14,30.81,,
52202-60100,41.36,a,33.81,BW08A-2026,14,46.42,,
52203-35200,61.73,a,46.69,BW08A2-2026,0,#N/A,,
52203-35210,74.14,a,60.30,BW08A-2026,14,80.94,,
52203-35250,60.79,a,46.70,BW08A2-2026,0,62.03,,
52203-60060,116.92,a,93.37,BW08A2-2026,0,124.39,,
52203-60090,103.87,a,84.93,BW08A-2026,14,105.88,,
52204-0K010,41.58,a,33.82,BW06A-2026,53,48.51,,
52204-35100,28.48,a,24.66,BW01A-2026,204,33.31,,
52204-35120,65.83,a,53.51,BW08A-2026,14,71.83,,
52204-60030,30.01,a,24.06, BW04A-2026 ,131,28.50,,
52204-60061,28.71,a,23.33,BW01A-2026,223,32.46,,
52204-60090,78.35,a,60.60,BW08A2-2026,0,82.48,,
52205-35160,74.14,a,60.60,BW08A2-2026,0,73.71,,
52205-60020,74.38,a,57.54,BW08A-2026,14,76.90,,
52205-60030,113.89,a,95.50,BW08A2-2026,0,140.84,,
52205-60040,50.60,a,42.28,BW03A-2026,158,50.64,,
52206-35040,56.83,a,46.70,BW08A2-2026,0,62.47,,
52206-60020,55.68,a,45.75,BW08A2-2026,0,62.36,,
52206-60030,84.32,a,68.91,BW08A2-2026,0,93.54,,
52206-60040,38.35,a,32.00,BW08A-2026,14,37.39,,
52207-35050,65.48,a,53.80,BW08A2-2026,0,#N/A,,
52207-60060,63.65,a,50.73, BW08A2-2026 ,0,67.72,,
52207-60080,76.72,a,57.83,BW08A2-2026,0,88.51,,
52207-60090,113.20,a,78.52,BW08A2-2026,0,125.78,,
52208-35050,56.83,a,46.70,BW08A2-2026,0,67.54,,
52208-60010,17.30,a,14.74,BW12A-2025,236,0.00,,
52208-60031,27.71,a,21.20,BW06A2-2026,62,26.96,,
52208-60040,58.53,a,41.86,BW08A-2026,14,60.82,,
52208-60050,49.52,a,40.27,BW08A-2026,14,49.58,,
52209-35010,95.94,a,74.50,BW08A2-2026,0,101.32,,
52209-35011,99.53,a,75.10,BW08A-2026,14,100.70,,
52209-60020,18.38,a,14.83, BW01A-2026 ,223,20.09,,
52209-60071,148.86,a,108.18, BW08A2-2026 ,0,146.83,,
52216-35010,20.90,a,16.10, BW08A-2026 ,14,21.67,,
52216-60010,25.64,a,19.78, BW08A2-2026 ,0,26.99,,
52216-60030,48.73,a,37.74,BW08A2-2026,0,51.30,,
52217-0K010,16.15,a,11.82,BW08A-2026,14,17.00,,
52217-35040,28.19,a,23.16,BW08A2-2026,0,31.55,,
52217-35100,13.69,a,10.63,BW08A2-2026,0,#N/A,,
52217-35180,17.79,a,13.64, BW08A-2026 ,14,16.60,,
52217-60030,28.04,a,23.16,BW08A2-2026,0,28.24,,
52217-60040,43.07,a,33.41,BW08A2-2026,0,45.61,,
52217-60060,15.39,a,11.81,BW08A2-2026,0,15.79,,
52217-60100,4.74,a,3.60,BW07B-2026,47,4.41,,
52271-32010,97.45,a,80.08,BW08A2-2026,0,#N/A,,
52380-60040,241.24,a,196.21,BW08A-2026,14,233.61,,
52380-60070,187.80,a,145.58,BW08A2-2026,0,175.77,,
52380-60080,168.68,a,130.07, BW08A-2026 ,14,174.33,,
52380-60090,159.09,a,130.73, BW08A2-2026 ,0,156.19,,
52411-78010,343.87,a,286.93,BW07UC-2026,26,321.82,,
52413-42010,31.98,a,24.98,BW08A-2026,14,29.31,,
52422-35030,128.89,a,112.51,BW03A-2026,158,128.54,,
52437-42901,14.41,a,11.18,BW08A-2026,14,15.17,,
52438-42901,14.93,a,11.18, BW08A-2026 ,14,15.24,,
52506-60100,146.56,a,113.23,BW08A-2026,14,#N/A,,
52527-60030,31.87,a,26.10,BW07IE-2026,19,38.97,,
52535-33060,76.85,a,56.89,BW08A-2026,14,86.67,,
52535-42050,84.21,a,65.23,BW08A2-2026,0,134.78,,
52535-52012,45.64,a,35.62,BW08A-2026,14,47.15,,
52535-78010,96.20,a,81.38,BW11A2-2025,266,95.26,,
52536-42021,27.24,a,21.04, BW08A-2026 ,14,28.68,,
52536-42030,61.66,a,39.33,BW07UC-2026,26,60.74,,
52536-42050,109.99,a,89.07,BW04A-2026,131,108.01,,
52536-42080,79.38,a,65.23,BW08A2-2026,0,98.46,,
52562-33060,48.45,a,39.60,BW08A2-2026,0,45.65,,
52562-42020,52.54,a,42.95,BW08A2-2026,0,44.55,,
52563-33060,48.19,a,39.40,BW08A-2026,14,45.80,,
52563-60040,91.94,a,74.76,BW08A-2026,14,89.43,,
52575-07010,105.14,a,94.96,BW07A-2025,393,150.10,,
52576-48040,107.07,a,90.10,BW01A-2026,204,106.65,,
52576-48050,124.00,a,99.74,BW07IE-2026,19,124.64,,
52611-33300,71.02,a,53.20,BW08A-2026,14,77.20,,
52611-60130,57.25,a,46.81,BW08A-2026,14,#N/A,,
52614-42110,68.34,a,46.74,BW07UC-2026,26,67.32,,
52618-33060,123.40,a,97.48,BW08A-2026,14,129.90,,
52618-60010,88.08,a,67.07,BW05AS-2026,104,98.24,,
52721-52906,16.30,a,14.96,BW08A-2025,358,15.68,,
52791-33010,2.69,a,2.19, BW07B-2026 ,47,0.00,,
53101-60E70,950.58,a,858.72, BW08AW-2024 ,734,1240.31,,
53111-02790,196.23,a,170.64,BW09A-2025,329,673.17,,
53111-06905,222.10,Net Price,208.87,NMC-2025,903,207.90,,
53111-33440,754.31,a,674.58,BW05A2-2025,449,704.17,,
53111-33460,650.26,a,561.03, BW09A-2025 ,344,0.00,,
53111-60600,274.59,a,247.76,BW05A2-2025,449,295.75,,
53112-06230,153.22,a,134.93,BW05NE-2025,461,0.00,,
53112-42100,75.87,a,62.05,BW08A-2026,14,#N/A,,
53121-33080,256.20,a,207.35,BW05A-2026,109,269.34,,
53121-48130,405.23,a,329.60,BW07B-2026,47,407.28,,
53123-33050,42.93,a,35.11, BW08A-2026 ,14,41.21,,
53124-33070,42.93,a,35.11,BW08A-2026,14,#N/A,,
53128-33030,20.90,a,16.13,BW08A-2026,14,22.00,,
53128-33040,20.68,a,16.21,BW08A2-2026,0,22.00,,
53128-33130,19.09,a,15.59,BW08A2-2026,0,#N/A,,
53142-60120,23.88,a,19.51,BW08A2-2026,0,21.45,,
53181-02020,107.14,a,84.54,BW02A2-2026,175,123.47,,
53181-60040,140.45,a,117.22,BW08A-2026,14,150.17,,
53181-60050,147.84,a,117.12,BW06A-2026,74,160.34,,
53182-60040,143.75,a,117.54,BW08A-2026,14,138.82,,
53183-60071,72.27,a,59.41,BW03A-2026,158,76.35,,
53201-BZ300,312.27,a,253.57,BW04UC-2026,116,468.79,,
53201-KK060,1095.17,a,436.41,BW07UC-2026,27,1078.80,,
53214-12180,42.07,a,34.87,BW09A-2025,329,50.02,,
53246-60020,122.85,a,91.92,BW08A-2026,14,122.18,,
53259-20030,3.76,a,3.05, BW05AS-2026 ,104,3.31,,
53285-42090,18.35,a,14.31,BW08A-2026,14,19.32,,
53285-42120,13.22,a,10.32,BW06A-2026,74,13.92,,
53285-42930,19.41,a,15.87,BW08A-2026,14,19.32,,
53285-60041,155.94,a,139.70,BW06A2-2026,62,192.33,,
53292-60210,255.20,a,159.76,BW07UC-2026,26,251.38,,
53294-KK040,95.93,a,78.43, BW08A-2026 ,14,97.73,,
53295-33040,180.69,a,165.73,BW06AS-2025,442,250.32,,
53295-33130,147.89,a,114.10,BW08A-2026,14,155.68,,
53301-07070,1094.94,a,935.84,BW02AS-2026,174,1280.53,,
53301-48180,1997.23,a,1665.08,BW12IE-2025,252,1891.63,,
53301-60541,670.02,a,603.10,BW10A-2025,321,680.48,,
53301-60630,879.46,a,720.26,BW07IE-2026,19,793.99,,
53382-60011,25.65,a,19.16,BW07B-2026,47,22.99,,
53395-33030,49.68,a,37.86,BW06A-2026,53,50.90,,
53395-47020,43.94,a,40.07,BW10AS-2024,684,64.45,,
53395-47040,35.90,a,29.19,BW02A2-2026,175,40.36,,
53396-60030,27.46,a,22.00,BW04A-2026,131,25.96,,
53397-0K110,20.31,a,16.47,BW06A-2026,74,19.43,,
53410-0K370,48.30,a,38.12,BW08A-2026,14,49.80,,
53410-33180,52.92,a,39.92,BW08A2-2026,0,58.80,,
53410-42140,44.41,a,36.49,BW08A2-2026,0,48.81,,
53410-60080,46.87,a,38.31,BW08A2-2026,0,44.88,,
53410-60100,41.36,a,33.81,BW08A-2026,14,40.58,,
53410-60150,50.31,a,41.12,BW08A2-2026,0,49.10,,
53410-76030,46.19,a,41.64,BW02A2-2026,175,61.48,,
53420-0K100,33.50,a,28.93,BW12IE-2025,252,35.40,,
53420-33290,56.82,a,45.98,BW05A-2026,109,51.34,,
53420-42120,44.64,a,36.49, BW08A2-2026 ,0,43.74,,
53420-52360,34.37,Net Price,32.32, BW03A-2025 ,526,50.97,,
53420-60100,40.74,a,33.96,BW08A2-2026,0,38.08,,
53420-60120,46.38,a,37.76,BW06A2-2026,62,54.06,,
53420-YC020,34.00,a,29.39,BW11A-2025,283,25.34,,
53446-BZ040,25.14,a,20.42,BW04UC-2026,116,24.68,,
53452-12080,22.64,a,17.80,BW08A2-2026,0,#N/A,,
53455-14020,2.67,a,2.24,BW01A-2026,204,3.16,,
53510-60220,63.00,a,54.29,BW04A-2026,131,85.20,,
53510-60230,64.59,a,54.17,BW08A-2026,14,62.29,,
53510-60270,94.00,a,85.13,BW02A2-2026,175,100.22,,
53510-60390,94.49,a,77.26,BW08A-2026,14,91.89,,
53510-F4020,62.00,a,52.73,BW03A-2026,158,73.78,,
53540-30020,48.42,a,39.12,BW04A-2026,131,0.00,,
53540-60010,57.25,a,46.81,BW08A-2026,14,54.76,,
53630-33110,48.03,a,39.48,BW08A-2026,14,44.33,,
53630-42110,38.40,a,31.55,BW08A2-2026,0,54.83,,
53630-60010,53.07,a,44.72,BW04A-2026,131,62.03,,
53713-60070,55.73,a,36.40,BW07B-2026,47,61.15,,
53714-60020,56.11,a,36.00,BW07B-2026,47,59.46,,
53735-35151,28.06,a,22.82,BW08A-2026,14,33.24,,
53736-60131,44.51,a,28.28, BW07B-2026 ,47,35.77,,
53773-60020,23.20,a,19.17,BW02A2-2026,175,22.70,,
53781-60020,69.87,a,46.47,BW08A-2026,14,77.64,,
53801-33200,423.98,a,359.99, BW02A2-2026 ,175,525.76,,
53801-48120,763.89,a,532.74,BW07IE-2026,19,803.65,,
53801-60C20,989.95,a,823.08,BW02A-2026,194,1256.80,,
53801-60D80,848.08,a,667.96,BW07IE-2026,19,796.20,,
53802-F4010,485.37,a,392.32,BW02AS-2026,174,2961.17,,
53805-0C011,80.17,Net Price,75.40,NMC-2025,1112,135.55,,
53824-02150,25.83,a,21.01,BW06A-2026,53,30.11,,
53825-33060,55.68,a,45.53,BW08A-2026,14,52.15,,
53847-0K910,182.06,Net Price,170.70,BW04A-2025,491,267.14,,
53851-60200,44.77,a,36.63,BW08A-2026,14,43.56,,
53851-90A00,21.98,a,16.89,BW08A-2026,14,23.14,,
53858-60050,4.29,a,3.29,BW08A-2026,14,4.52,,
53866-60090,24.08,a,19.23,BW08A-2026,14,23.10,,
53867-60040,24.67,a,20.04,BW06A2-2026,62,22.95,,
53867-60090,22.98,a,19.22,BW06A2-2026,62,22.70,,
53875-33190,137.92,a,113.96, BW03A-2026 ,158,151.97,,
53875-60021,164.42,a,135.16, BW12A-2025 ,236,166.14,,
53876-33171,114.64,Net Price,107.82,BW07A08A-2024,770,182.89,,
53876-60070,334.98,a,265.07,BW05A-2026,109,#N/A,,
53876-60080,154.56,a,125.41,BW07B-2026,47,153.22,,
53876-60140,347.26,a,281.04,BW05A-2026,109,354.54,,
53879-30050,9.78,a,8.08, BW11A-2025 ,272,9.55,,
53879-33030,8.89,a,7.02,BW08A2-2026,0,11.09,,
53879-58010,5.90,a,4.77,BW05AS-2026,104,5.84,,
53882-16030,1.37,a,1.05,BW04A-2026,124,0.00,,
53885-60030,30.11,a,25.12,BW08A-2026,14,30.15,,
53886-35020,38.40,a,31.39,BW08A-2026,14,37.53,,
53911-60030,129.11,a,106.59,BW06A-2026,74,120.64,,
55413-90K00,33.91,a,27.26, BW08A2-2026 ,0,32.10,,
55539-32010-C0,5.50,a,4.57,BW11A2-2025,266,5.51,,
56115-30100-1,2.37,Net Price,2.21,NMC-2025,1941,0.00,,
56117-KK060,23.18,a,18.85,BW08A-2026,14,#N/A,,
56121-60120,221.99,a,181.75,BW05AS-2026,104,217.89,,
56121-60140,116.00,a,94.36, BW06A2-2026 ,62,113.08,,
56165-60010,8.87,a,7.17,BW05AS-2026,104,9.36,,
58302-42020,371.37,a,283.51,BW08A-2026,14,390.94,,
58976-YA011,25.13,a,20.58,BW12AS-2025,246,26.96,,
61691-0K907,47.49,a,42.84, BW01A-2025 ,592,61.37,,
61783-60071,22.45,a,19.28,BW05A2-2025,449,36.54,,
61875-60020-B0,12.57,a,9.39,BW07B-2026,47,13.15,,
62955-50010,4.03,a,3.45,BW05AS-2026,104,3.34,,
63492-60021,102.84,a,84.55,BW01A-2026,223,99.67,,
63492-60110,66.31,a,53.03,BW02A-2026,194,63.24,,
63493-48020,41.88,a,35.29,BW03A-2026,158,55.97,,
63493-60120,80.18,a,64.85,BW06A-2026,53,77.78,,
64401-33760,933.61,a,752.85,BW07IE-2026,19,905.01,,
64607-12790,51.22,a,42.56,BW06A-2026,53,51.67,,
64607-12811,45.98,a,35.57,BW08A2-2026,0,#N/A,,
64607-33130,56.84,a,47.68,BW08A-2026,14,56.48,,
64610-02050,41.92,Net Price,38.35,BW08A-2024,717,21.19,,
64772-60020-A1,20.12,a,16.89,BW10A2-2025,295,19.87,,
65706-60021,33.91,a,27.58,BW08A-2026,14,33.35,,
65780-0K010,55.65,a,42.20,BW08A-2026,14,60.49,,
66110-0K011,38.60,a,32.76,BW01A-2026,223,43.81,,
66153-60010,17.89,a,14.87,BW09A-2025,329,0.00,,
66170-0K020,45.13,a,32.53,BW07IE-2026,19,49.40,,
66280-37010,50.83,a,41.56,BW08A-2026,14,50.13,,
66321-90K00,18.89,a,15.29,BW04A-2026,131,25.49,,
67003-60560,1523.08,a,1060.64,BW08A2-2026,0,1692.40,,
67610-60221-B2,220.45,a,180.25,BW08A-2026,14,226.04,,
67620-60221-B2,203.57,a,177.64,BW12A-2025,236,203.57,,
67771-12050-1,0.56,Net Price,0.53,NMC-2025,992,0.00,,
67861-0K013,55.10,a,35.63,BW04UC-2026,116,114.62,,
67861-60020,108.33,a,82.48,BW07B-2026,47,104.78,,
67861-60110,127.64,a,102.29,BW08A2-2026,0,138.75,,
67861-60150,137.56,a,114.25,BW04A-2026,131,154.06,,
67862-60110,114.95,a,100.59,BW06A2-2026,62,121.34,,
67864-50030,85.28,a,71.16,BW07UC-2026,26,95.60,,
67872-60080,186.89,a,144.94,BW08A2-2026,0,245.32,,
67881-60040,60.99,a,49.39,BW04A-2026,131,66.73,,
67887-60020,33.74,a,27.88,BW12A-2025,236,38.23,,
67895-60030,40.53,a,26.59,BW07IE-2026,19,44.36,,
68029-26070,81.63,a,49.83,BW08A-2026,14,86.93,,
68124-06220,45.50,a,41.09,BW01A-2025,592,9.22,,
68142-60011,141.01,a,108.89,BW08A-2026,14,148.44,,
68151-60032,132.85,a,108.62, BW08A-2026 ,14,125.12,,
68160-52150,54.40,a,44.91, BW06A-2026 ,74,77.97,,
68160-90K00,47.62,a,41.42, BW04A-2026 ,131,48.62,,
68160-90K01,51.20,a,41.86,BW08A-2026,14,49.54,,
68171-0K010,31.46,a,15.23,BW04UC-2026,116,39.52,,
68171-60070,84.28,a,63.87,BW08A-2026,14,86.89,,
68172-0K020,32.90,a,18.88, BW04UC-2026 ,116,55.75,,
68172-60060,86.00,a,63.95,BW08A-2026,14,115.83,,
68174-60050,97.27,a,64.99,BW08A-2026,14,108.08,,
68180-52100,55.44,a,48.78,BW03A4AW-2025,515,70.84,,
68180-52130,35.58,a,30.47,BW09A-2025,344,35.92,,
68210-52110,61.93,a,50.27,BW07B-2026,47,70.84,,
68210-52150,53.03,a,44.88,BW10A2-2025,295,52.37,,
68230-52130,38.40,a,31.40,BW08A-2026,14,#N/A,,
68610-33132,137.84,a,109.43,BW08A2-2026,0,143.59,,
68610-42051,111.96,a,91.50,BW08A2-2026,0,#N/A,,
68610-60040,105.26,a,89.69,BW03A-2026,158,107.05,,
68610-60140,133.56,a,107.20,BW04A-2026,124,118.33,,
68617-20011,4.06,a,3.57,BW12AS-2025,246,5.14,,
68620-60112,133.17,a,107.28,BW02A2-2026,175,132.43,,
68630-60150,134.02,a,113.92,BW06AS-2025,442,86.23,,
68640-60130,127.06,a,113.92, BW06AS-2025 ,442,86.23,,
68650-09010,331.60,a,254.75,BW10A-25 6A2-26,295,305.15,,
68710-12151,58.78,a,47.62,BW12A-2025,236,58.76,,
68720-22071,82.80,a,66.71,BW04A-2026,131,81.49,,
68730-12120,66.23,a,53.63,BW04A-2026,131,63.42,,
68740-12120,66.58,a,54.44,BW08A-2026,14,65.63,,
68750-60080,66.58,a,54.72,BW08A2-2026,0,#N/A,,
68750-60090,49.20,Net Price,46.27,NMC-2025,1112,34.74,,
68760-60071,74.90,a,61.55,BW08A2-2026,0,#N/A,,
68801-42041,103.65,a,75.39,BW06A2-2026,62,102.39,,
68801-90K00,183.11,a,155.55,BW06A2-2026,62,214.44,,
68810-42070,42.93,a,35.10,BW08A-2026,14,#N/A,,
69005-60C20,489.92,a,387.58,BW06A-2026,53,498.98,,
69023-48010,99.70,a,91.97,BW10A11A-2024,677,85.72,,
69040-42241,425.11,a,347.59,BW08A-2026,14,409.41,,
69057-60211,152.71,a,124.86,BW08A-2026,14,146.39,,
69058-60170,95.70,a,78.22,BW08A2-2026,0,95.60,,
69059-60220,74.84,a,57.23,BW08A-2026,14,78.78,,
69090-0K040,95.75,a,85.18,BW12A-2025,236,102.21,,
69205-10040-33,31.08,a,25.40,BW08A2-2026,0,27.76,,
69205-10040-B7,23.00,a,19.77,BW12A-2025,236,24.20,,
69205-20040-B1,35.35,a,28.14,BW08A2-2026,0,37.61,,
69206-20040-B1,35.40,a,28.82,BW03A-2026,158,38.27,,
69207-26010-B1,61.11,a,45.53,BW08A-2026,14,62.36,,
69210-60061,163.62,a,133.77,BW08A-2026,14,158.62,,
69210-60170-C0,198.88,a,132.03,BW07IE-2026,19,164.71,,
69210-60270,308.48,a,252.21,BW08A-2026,14,304.52,,
69211-60090-A1,87.25,a,55.67,BW08A2-2026,0,96.18,,
69211-60090-C0,67.74,a,55.38,BW08A-2026,14,93.28,,
69212-60030,19.41,a,17.14,BW02A2-2026,175,19.57,,
69215-60020,12.22,a,9.99,BW08A2-2026,0,#N/A,,
69220-90300,109.99,a,93.73,BW09A-2025,329,156.38,,
69220-90K00,104.63,a,82.31,BW07IE-2026,19,66.51,,
69230-26070,128.30,a,107.36,BW06A-2026,53,125.97,,
69230-26080,128.99,a,107.30,BW06A2-2026,62,126.96,,
69230-60071,164.50,a,133.79,BW06A-2026,53,175.51,,
69240-60030,138.93,a,107.36, BW06A-2026 ,53,126.22,,
69240-60071,162.75,a,132.81,BW04A-2026,131,157.00,,
69260-10040-B7,21.19,a,17.18,BW07IE-2026,19,20.24,,
69277-60010-03,23.88,a,18.92,BW06A-2026,53,24.97,,
69278-60010-03,26.54,a,18.59,BW08A-2026,14,29.23,,
69291-60030,28.15,a,23.01,BW08A2-2026,0,26.59,,
69310-60070,198.69,a,161.45,BW04A-2026,131,197.62,,
69320-60070,194.72,a,161.23,BW01A-2026,204,212.53,,
69320-60091,211.40,a,163.32,BW08A-2026,14,197.21,,
69350-26122,194.42,a,158.90,BW08A2-2026,0,190.27,,
69350-36030,110.57,a,94.27,BW12A-2025,236,109.44,,
69350-60141,364.12,a,297.60,BW08A2-2026,0,339.41,,
69380-60071,522.57,a,450.24,BW06A2-2026,62,524.95,,
69390-60051,132.85,a,108.61,BW08A-2026,14,130.96,,
69430-95J00,65.61,a,55.52,BW12A-2025,236,54.98,,
69450-60030,50.63,a,43.83,BW09A-2025,329,0.00,,
69460-60030,50.63,a,43.78, BW07AS-2025 ,386,0.00,,
69515-30320,73.50,a,64.63,BW10A-2025,302,75.21,,
69750-60030,44.84,a,28.90,BW07IE-2026,19,46.49,,
69820-60300,163.39,a,135.31,BW06IE-2026,69,163.10,,
69820-60310,133.88,a,109.43,BW08A2-2026,0,129.75,,
69971-35020,18.02,a,14.99,BW01A-2026,223,20.46,,
74232-52550-C0,45.16,Net Price,42.47,BW11A-2024,635,47.78,,
74403-60240,39.91,a,32.39, BW07B-2026 ,47,45.14,,
74453-60060,34.85,a,25.44, BW07IE-2026 ,19,36.14,,
74596-53010,6.32,a,4.87,BW08A-2026,14,6.65,,
74610-13011-B1,34.75,a,28.41,BW08A-2026,14,34.08,,
74610-52020-E0,28.01,a,22.89,BW08A2-2026,0,20.93,,
74611-60071-B0,89.59,a,68.86,BW06A-2026,53,89.57,,
74612-60131-B0,85.92,a,69.05,BW06A-2026,74,85.75,,
75056-60010,25.92,a,21.19,BW08A-2026,14,#N/A,,
75061-78011,77.61,a,61.78,BW03A-2026,158,73.71,,
75074-42040,219.15,a,166.81,BW07UC-2026,26,215.87,,
75301-12380,58.39,a,46.79,BW04A-2026,131,54.68,,
75310-06010,70.38,a,57.12,BW06A-2026,53,77.89,,
75311-33100,54.91,a,44.13,BW06A-2026,53,52.59,,
75311-48070,56.54,a,45.79,BW05AS-2026,104,50.09,,
75311-52140,47.71,a,39.96, BW03A-2026 ,158,48.55,,
75312-0D080,28.32,a,23.79,BW10A2-2025,316,35.73,,
75315-90A02,52.42,a,38.12,BW06A-2026,53,53.51,,
75331-12130,49.81,a,40.94,BW01A-2026,223,50.24,,
75370-60020,50.34,a,39.40,BW08A-2026,14,51.01,,
75374-47062,32.77,a,29.27,BW03A-2025,526,42.23,,
75393-60030,1.95,a,1.60,BW08A2-2026,0,1.95,,
75441-60071,41.69,a,32.80,BW08A2-2026,0,#N/A,,
75441-60520,59.20,a,42.45,BW06IE-2026,69,73.93,,
75442-33450,45.33,a,39.50,BW08A-2025,358,55.60,,
75442-60180,75.51,a,60.01,BW04A-2026,124,71.14,,
75455-0C070,37.12,a,33.56,BW10AS-2024,670,46.53,,
75473-60030,53.35,a,41.22, BW06A2-2026 ,62,52.96,,
75473-60040,37.43,a,30.93,BW04A-2026,131,42.23,,
75495-42010,1.87,a,1.47,BW07B-2026,47,1.69,,
75534-60021,243.86,a,201.60,BW06A-2026,74,240.88,,
75551-52160,52.03,a,41.59,BW07IE-2026,19,49.76,,
75551-60110,33.61,a,23.54,BW08A2-2026,0,32.54,,
75552-52180,42.79,a,35.21,BW05AS-2026,104,50.97,,
75555-60010,47.29,a,38.05,BW04A-2026,131,44.95,,
75555-60020,50.08,a,40.28,BW06IE-2026,69,48.40,,
75561-33030,2.02,a,1.44,BW08A2-2026,0,2.24,,
75561-52020,1.90,a,1.47,BW07UC-2026,26,2.64,,
75561-60031,3.14,a,2.58,BW08A2-2026,0,3.05,,
75573-60030,94.57,a,70.22,BW08A2-2026,0,103.45,,
75596-35030,12.64,a,10.44,BW08A2-2026,0,12.16,,
75601-48040,155.82,a,125.00,BW06IE-2026,69,150.13,,
75601-48060,164.56,a,121.87,BW06IE-2026,69,196.19,,
75606-78010,91.36,a,77.39,BW09A12A-25 03IE-26,351,89.21,,
75710-60051,93.79,a,75.64,BW06IE-2026,69,89.87,,
75710-60070,57.03,a,48.80,BW06A-2026,74,56.70,,
75711-60080,94.49,a,77.27,BW08A-2026,14,88.21,,
75712-60061,60.53,a,49.49,BW08A-2026,14,57.81,,
75720-60051,92.44,a,77.13,BW07UC-2026,26,89.94,,
75721-60061,75.63,a,60.60,BW04A-2026,131,72.39,,
75722-60061,75.23,a,61.51,BW08A-2026,14,72.24,,
75730-60031,99.34,a,79.87,BW06IE-2026,69,89.98,,
75730-60050,57.20,a,48.32,BW03A-2026,158,57.00,,
75740-60010,98.38,a,76.62, BW08A-2026 ,14,101.43,,
75740-60031,95.42,a,76.69,BW03A-2026,158,89.87,,
75740-60070,115.94,a,92.62,BW07IE-2026,19,113.08,,
75761-60090,34.62,Net Price,32.56,NMC-2025,992,0.00,,
75881-60020,2.49,a,2.02,BW06A2-2026,62,2.68,,
76626-60240,63.27,a,50.43,BW06IE-2026,69,58.06,,
76647-60040,2.57,a,1.66, BW08A-2026 ,14,2.86,,
76801-47060-B1,440.23,Net Price,387.71,BW06AS-2025,442,0.00,,
76829-60020,0.93,a,0.76,BW08A2-2026,0,0.92,,
76924-12030,3.25,a,2.62,BW06IE-2026,69,2.94,,
77020-0K140,608.01,a,490.32,BW06IE-2026,69,515.77,,
77020-0K150,575.33,a,481.45,BW06IE-2026,69,523.88,,
77020-60320,864.68,a,686.68,BW07IE-2026,19,873.25,,
77020-60441,803.26,a,649.30,BW02AS-2026,174,759.11,,
77023-32040,16.13,a,13.25,BW08A2-2026,0,#N/A,,
77023-36010,12.61,a,10.42,BW02A2-2026,175,12.56,,
77023-60040,14.48,a,11.81,BW04A-2026,131,15.39,,
77024-06213,149.62,a,124.14,BW06A2-2026,62,136.47,,
77024-12170,142.65,a,118.69,BW04A-2026,124,140.80,,
77024-30160,196.97,a,161.31,BW07IE-2026,19,173.27,,
77024-33090,152.63,a,120.60,BW08A2-2026,0,156.04,,
77024-42110,252.81,a,203.88,BW06IE-2026,69,224.43,,
77024-47080,143.97,a,116.61,BW05AS-2026,104,139.48,,
77024-48050,160.54,a,129.99,BW02A2-2026,175,163.28,,
77024-50021,265.93,a,216.18,BW07IE-2026,19,253.66,,
77144-48020,53.78,a,42.43,BW06A2-2026,62,51.27,,
77169-52010,14.46,a,11.87,BW04UC-2026,116,13.96,,
77169-52040,34.77,a,27.60, BW08A2-2026 ,0,35.48,,
77204-60070,39.58,a,32.36,BW08A2-2026,0,#N/A,,
77240-60490,68.63,a,54.33,BW07B-2026,47,75.98,,
77289-52090,13.16,a,8.99,BW06A-2026,53,13.15,,
77300-12020,52.40,a,43.29,BW08A2-2026,0,45.61,,
77300-28010,57.47,a,45.22,BW06A-2026,53,54.10,,
77300-47010,87.76,a,69.58,BW07IE-2026,19,91.00,,
77300-52030,53.04,a,41.01,BW08A2-2026,0,48.99,,
77300-52040,57.00,a,40.78,BW08A2-2026,0,67.90,,
77300-53010,85.98,a,69.96,BW07IE-2026,19,82.23,,
77360-33030,4.69,a,3.71,BW06IE-2026,69,5.14,,
77710-60160,292.34,a,238.95,BW08A2-2026,0,280.51,,
77720-60150,209.00,a,164.87, BW08A-2026 ,14,197.87,,
77740-60500,494.51,a,395.65,BW08A2-2026,0,537.54,,
78104-60010,12.78,a,10.09,BW08A-2026,14,13.04,,
78110-0K030,224.24,a,182.39,BW06A-2026,53,232.87,,
78110-60061,224.24,a,183.28,BW08A2-2026,0,214.77,,
78110-60170,223.46,a,183.63,BW08A2-2026,0,216.86,,
78110-60180,234.33,a,182.81,BW08A-2026,14,243.34,,
78180-60600,154.74,a,126.47,BW08A2-2026,0,150.57,,
81080-22040,19.88,a,15.82,BW08A2-2026,0,20.71,,
81126-48020,24.52,Net Price,23.05,NMC-2025,956,23.32,,
81130-36610,443.26,Net Price,416.86, BW07A-2024 ,763,0.00,,
81135-24160,22.50,a,15.29,BW03A-2026,158,18.14,,
81135-53750,18.40,Net Price,17.30,NMC-2025,1021,29.49,,
81145-07130,3078.79,a,1731.81,BW06A-2026,74,3565.08,,
81166-48020,24.62,Net Price,22.65,NMC-2025,956,19.21,,
81193-12050,10.64,Net Price,10.00,NMC-2025,847,3.27,,
81194-12050,12.29,Net Price,11.62,BW06A-2024,806,0.00,,
81194-48030,23.73,Net Price,22.32,NMC-2025,1390,23.80,,
81195-60020,26.74,a,23.25,BW09A-2025,329,0.00,,
81210-06071,232.00,Net Price,219.87,BW09A-2025,329,215.28,,
81210-AA030,306.60,Net Price,285.12, BW11A2-2025 ,266,282.97,,
81211-42061,159.57,Net Price,142.82,BW10AS-2024,670,224.50,,
81220-0D042,253.69,a,207.35,BW08A2-2026,0,236.84,,
81220-60120,310.70,a,254.05,BW08A-2026,14,299.31,,
81221-52120,39.74,a,31.74,BW08A-2026,14,48.92,,
81230-30200,21.83,a,19.77, BW12A-2025 ,236,32.72,,
81231-33010,12.88,a,10.65,BW02A-2026,194,12.30,,
81240-60050,45.03,a,36.88,BW07IE-2026,19,42.23,,
81270-33081,56.98,a,37.90, BW06A-2026 ,53,51.86,,
81270-60380,210.39,a,159.48,BW08A2-2026,0,212.53,,
81271-42050,12.50,a,10.21,BW08A2-2026,0,#N/A,,
81271-60332,31.82,a,25.88,BW08A-2026,14,31.11,,
81311-33010,13.17,a,10.37, BW06IE-2026 ,69,15.35,,
81480-60050,255.65,a,208.97,BW08A2-2026,0,212.53,,
81481-10030,3.74,a,3.06, BW08A-2026 ,14,#N/A,,
81481-48160,107.40,a,86.18,BW03A-2026,158,130.85,,
81482-48160,126.19,a,87.58, BW07IE-2026 ,19,121.12,,
81496-52020,1.79,a,1.22, BW07UC-2026 ,26,1.76,,
81510-0K010,98.34,Net Price,92.48,BW07A10A-2024,763,152.67,,
81521-60360,143.28,a,110.33, BW06A-2026 ,53,166.25,,
81536-60C30,62.94,a,46.47,BW05A-2026,109,53.43,,
81550-33690,795.37,a,650.09,BW08A2-2026,0,768.98,,
81551-60B51,559.79,a,460.23,BW02A-2026,194,540.41,,
81555-13510,25.05,a,19.76,BW06A2-2026,62,23.36,,
81555-60700,24.30,a,19.85,BW08A2-2026,0,23.32,,
81560-02751,180.48,Net Price,169.73,NMC-2025,1390,0.00,,
81560-60342,239.55,a,187.93,BW07UC-2026,26,243.27,,
81561-0K200,140.49,a,125.77,BW09A-2025,351,207.75,,
81561-26201,230.99,a,212.47,BW12AS-2025,246,238.31,,
81561-60381,96.26,a,77.84,BW05AS-2026,104,89.39,,
81561-60C30,655.46,a,458.59, BW08A2-2026 ,0,728.33,,
81565-60620,25.23,a,20.15,BW03A-2026,158,22.95,,
81570-0K080,178.24,a,140.43,BW08A-2026,14,187.63,,
81570-60062,486.13,a,380.08,BW06A-2026,53,635.56,,
81590-60141,198.04,a,160.61,BW05AS-2026,104,289.32,,
81730-0D121,37.34,a,27.39,BW07UC-2026,26,47.23,,
81730-52100,37.96,a,31.67,BW07UC-2026,26,36.32,,
81730-53011,37.51,a,30.40,BW08A-2026,14,45.06,,
81731-17051,24.90,a,20.35, BW08A2-2026 ,0,#N/A,,
81740-58010,86.17,a,65.08,BW03A-2026,158,91.70,,
81740-60100,164.54,a,138.69,BW12IE-2025,252,163.79,,
81741-14160,33.48,Net Price,31.48,BW10AS-2024,670,49.65,,
81859-60490,12.50,a,10.33,BW01A-2026,223,12.05,,
81920-33020,42.56,a,34.97,BW08A2-2026,0,34.56,,
81952-22010,1.61,a,1.31,BW06IE-2026,69,1.95,,
82219-33030,76.15,a,62.45,BW08A-2026,14,76.53,,
82219-35010,18.64,a,13.26,BW06IE-2026,69,0.00,,
82219-35020,35.00,a,31.82,BW02A2-2026,175,53.21,,
82611-90301,39.09,a,31.85,BW10A-2025,302,0.00,,
82620-07050,33.31,a,27.04,BW04A-2026,131,33.38,,
82620-60030,67.83,a,56.77,BW06A-2026,53,68.16,,
82675-60020,14.00,a,12.18,BW04A-2026,124,16.75,,
82741-42020,99.20,Net Price,93.30,NMC-2025,881,86.63,,
82823-22050,6.01,a,5.17,BW04A-2026,131,6.83,,
83320-0C080,119.36,a,94.96,BW07B-2026,47,132.87,,
83320-60440,145.22,a,117.52,BW05AS-2026,104,138.12,,
83320-69335,145.13,a,120.26, BW06IE-2026 ,69,143.30,,
83320-69345,244.50,a,195.90,BW04A-2026,131,212.89,,
83320-69555,199.99,a,172.81,BW05A-2026,109,228.28,,
83320-69585,141.54,a,112.82,BW07IE-2026,19,144.37,,
83320-80398,128.41,a,115.93,BW11A-2024,635,136.84,,
83420-20020,54.72,a,44.25, BW05AS-2026 ,104,54.28,,
83520-60051,102.12,a,82.13,BW07UC-2026,26,94.75,,
83530-60020,46.64,a,36.82,BW08A2-2026,0,45.32,,
83710-90K06,123.74,a,96.54,BW06A-2026,53,129.35,,
84140-20560,116.60,a,94.37,BW05A-2026,109,108.74,,
84210-52010,52.69,a,41.33,BW06A-2026,53,54.35,,
84222-12010,116.84,a,95.02,BW08A-2026,14,104.12,,
84222-60081,80.51,a,63.97,BW08A2-2026,0,87.52,,
84231-95J02,31.39,a,25.45,BW07UC-2026,26,35.26,,
84306-52100,334.67,a,272.16,BW08A-2026,14,307.46,,
84306-60080,334.67,a,267.97,BW05A-2026,109,312.86,,
84307-30090,594.69,Net Price,545.14,BW02A03A-2025,539,657.12,,
84312-0K030,52.49,a,44.01,BW01A-2026,223,53.14,,
84312-20011,9.49,a,7.59,BW08A2-2026,0,10.10,,
84312-32010,15.11,a,12.36,BW08A-2026,14,14.32,,
84340-19026,40.32,a,31.87,BW07UC-2026,26,38.05,,
84340-30130,78.50,a,63.86,BW07UC-2026,26,80.46,,
84340-42010,38.57,a,31.22, BW05AS-2026 ,104,38.19,,
84340-47020,95.33,a,77.24,BW07B-2026,47,94.31,,
84540-71010,213.89,a,175.76,BW08A2-2026,0,249.36,,
84725-60020,77.76,a,57.91,BW07B-2026,47,92.84,,
84810-02030,31.50,a,28.58,BW12AW-2024,622,0.00,,
84999-10250,8.00,a,6.96,BW02A2-2026,175,9.66,,
84999-70007,13.66,a,11.16,BW08A2-2026,0,12.93,,
85031-30020,70.95,a,49.59,BW05AS-2026,104,59.75,,
85044-33070-B0,25.43,Net Price,23.42,BW10AS-2024,670,24.17,,
85044-42090-A0,24.25,a,20.04,BW03A-2026,158,28.90,,
85044-42150-A1,27.27,a,21.92,BW04A-2026,131,25.89,,
85045-42110-A1,25.10,a,21.51,BW05AS-2026,104,30.00,,
85045-42110-C1,26.87,a,21.61,BW12A-2025,236,26.26,,
85110-60201,680.17,a,600.01,BW02A-2026,194,701.92,,
85110-60600,567.76,a,475.74,BW12A-2025,236,580.84,,
85130-60220,692.90,a,516.08,BW07B-2026,47,735.45,,
85134-53010,8.41,a,6.90,BW08A2-2026,0,#N/A,,
85150-60321,266.16,a,207.61,BW08A-2026,14,274.41,,
85207-60140,103.65,a,76.91,BW08A-2026,14,105.77,,
85208-60060,356.91,a,294.99,BW02A2-2026,175,347.35,,
85212-13031,49.43,a,38.74, BW08A2-2026 ,0,53.73,,
85212-35091,38.98,a,31.86,BW08A2-2026,0,36.03,,
85212-36030,62.10,Net Price,58.40,BW07A08A-2024,770,79.66,,
85212-60021,43.17,a,39.68,BW05AW-2025,470,56.34,,
85212-60171,72.35,a,64.33,BW03AW-2025,515,75.21,,
85212-60191,64.99,a,58.86,BW02A-2026,539,70.22,,
85212-60210,75.64,a,62.15, BW08A2-2026 ,0,66.25,,
85212-60250,91.94,a,75.14,BW08A2-2026,0,86.89,,
85212-78011,64.92,a,46.42,BW07IE-2026,19,57.33,,
85214-0K010,12.08,a,10.16,BW04A-2026,131,12.45,,
85214-10100,14.42,a,13.03,BW12A-2025,236,14.91,,
85214-42040,13.45,a,10.37,BW08A2-2026,0,14.62,,
85214-42060,10.95,a,9.05,BW02A-2026,194,10.54,,
85214-68030,13.18,a,11.03,BW08A-2026,14,13.15,,
85214-78020,25.64,a,22.97,BW02A-2026,539,25.52,,
85221-60290,112.70,a,77.00,BW08A2-2026,0,92.00,,
85222-12750,81.27,a,74.27,BW02A-2026,539,80.68,,
85222-26120,71.50,a,64.40,BW02A-2026,539,74.29,,
85222-33270,112.00,a,97.47,BW06AS-2025,442,111.42,,
85222-42110,98.88,a,85.32,BW03A-2026,158,90.78,,
85222-42120,123.25,a,100.73, BW08A2-2026 ,0,95.93,,
85222-48040,75.72,a,64.49,BW08A-2025,382,75.95,,
85222-53071,90.93,a,72.51,BW03A-2026,158,84.72,,
85241-28100,47.09,a,38.87,BW06A-2026,74,45.80,,
85241-60070,83.59,a,68.33,BW08A-2026,14,#N/A,,
85241-60190,57.25,a,46.81, BW08A-2026 ,14,#N/A,,
85242-60050,40.00,Net Price,37.51,BW01A-2026,223,41.39,,
85242-60090,44.16,a,38.03,BW04A-2026,131,44.55,,
85242-60110,30.49,a,27.12,BW03AW-2025,515,31.11,,
85242-72010,34.50,a,28.52,BW02A-2026,194,34.74,,
85244-52010,6.74,a,6.14,BW11AW-2024,628,0.00,,
85272-20060,4.13,a,3.36,BW07B-2026,47,4.00,,
85292-0F010,6.29,a,3.38,BW07B-2026,47,6.35,,
85315-60330,102.03,a,83.56,BW07IE-2026,19,95.37,,
85316-02090,9.33,a,6.16,BW08A-2026,14,8.59,,
85321-28020,18.87,a,15.68, BW02A2-2026 ,175,18.91,,
85330-0D100,168.05,a,140.15,BW12AS-2025,246,164.90,,
85330-47010,170.67,a,139.77,BW07IE-2026,19,162.07,,
85330-60190,178.07,a,145.97,BW06A2-2026,62,169.01,,
85330-71010,177.74,a,143.58,BW06A-2026,53,229.75,,
85348-12250,1.82,a,1.40,BW08A-2026,14,1.98,,
85353-60060-C1,17.82,a,14.52,BW06IE-2026,69,21.89,,
85353-60110-A1,9.98,a,8.16,BW08A-2026,14,#N/A,,
85353-60900,11.51,a,10.44, BW09NE-2024 ,705,0.00,,
85354-60900,11.46,a,10.44,BW12IE-2024,602,0.00,,
85355-60180,166.96,a,136.47,BW08A2-2026,0,164.90,,
85375-10260,2.70,a,2.22,BW06A-2026,74,2.97,,
85381-0K010,24.95,a,20.29,BW06A-2026,53,24.28,,
85381-12060,31.85,a,26.19,BW06A2-2026,62,31.03,,
85381-12400,24.91,a,20.36,BW08A-2026,14,22.99,,
85381-28220,26.10,a,20.21,BW08A-2026,14,27.47,,
85381-34030,24.95,a,20.29,BW08A-2026,14,24.90,,
85381-AA042,39.59,a,25.73,BW08A-2026,14,39.52,,
85383-36010,1.36,a,1.06,BW08A-2026,14,1.40,,
85710-60031,422.42,a,341.93,BW07UC-2026,26,451.50,,
86510-0E040,85.00,a,68.35,BW07AS-2025,386,94.71,,
86650-60060,182.03,a,114.27,BW07UC-2026,26,194.86,,
87097-36020,42.94,a,38.31,BW12AS-2025,246,45.14,,
87103-0C051,549.72,a,433.56,BW06A2-2026,62,570.12,,
87103-26111,428.61,a,364.99,BW06A2-2026,62,376.65,,
87103-33170,597.75,Net Price,562.15,NMC-2025,1112,423.33,,
87103-50101,875.70,a,631.94,BW07IE-2026,19,887.35,,
87103-60560,596.40,a,471.42,BW08A2-2026,0,634.50,,
87106-30570,214.56,a,165.06,BW08A2-2026,0,263.21,,
87106-48170,230.62,a,189.51,BW08A2-2026,0,#N/A,,
87106-48200,203.87,a,167.52,BW08A2-2026,0,#N/A,,
87106-50390,297.59,a,209.25,BW08A2-2026,0,313.74,,
87106-50550,231.32,a,152.37,BW08A2-2026,0,249.99,,
87106-60270,229.24,a,152.37,BW08A2-2026,0,239.41,,
87124-35040,3.56,a,2.92,BW08A2-2026,0,#N/A,,
87138-26160,36.54,a,30.21,BW12A-2025,236,35.88,,
87138-90K00,69.84,a,53.84,BW08A-2026,14,70.07,,
87139-26010,92.99,a,75.95,BW06IE-2026,69,61.11,,
87139-28010,113.49,a,92.94,BW07IE-2026,19,46.60,,
87139-30100,216.26,a,176.67,BW07IE-2026,19,105.91,,
87139-BZ040,123.00,a,47.99,BW07UC-2026,27,121.16,,
87139-YZZ24,85.20,a,68.52,BW10A12A-25 03A07A-26,308,78.37,,
87139-YZZ25,86.32,a,69.12,BW03A-2026,158,81.82,,
87139-YZZ26,175.71,a,114.97, BW07IE-2026 ,19,182.19,,
87209-60C01,89.01,a,72.77,BW08A2-2026,0,85.06,,
87910-0KD01,295.49,a,264.26,BW05A2-2025,449,297.44,,
87915-0D260,40.12,a,36.59,BW01A-2025,592,0.00,,
87915-0F911,28.29,a,23.13,BW08A2-2026,0,26.33,,
87915-60050-C0,93.58,a,76.10, BW02A2-2026 ,175,89.46,,
87915-60050-C1,94.08,a,76.92, BW08A-2026 ,14,92.44,,
87931-0F120,91.61,a,79.66,BW06AS-2025,442,0.00,,
87931-6A320,128.26,a,103.86,BW07UC-2026,26,0.00,,
87940-60372,222.29,a,180.45,BW07B-2026,47,152.41,,
87940-60B81,1520.14,a,1263.44,BW03A-2026,158,0.00,,
87945-33030-A1,85.51,a,64.55,BW08A-2026,14,86.38,,
87945-42090,15.85,a,13.84,BW04A-2026,131,0.00,,
88320-0K170,1338.60,a,1141.12,BW07UC-2026,27,0.00,,
88440-26090,174.62,a,143.48,BW08A2-2026,0,168.20,,
88440-60040,234.87,a,200.22,BW01A-2026,204,269.93,,
88440-60090,189.22,a,155.48,BW08A2-2026,0,#N/A,,
88446-60030,8.74,a,7.45, BW02A2-2026 ,175,10.36,,
88450-26120,1169.54,a,932.37,BW06A2-2026,62,1226.65,,
884A0-33010,1124.90,a,946.28,BW10A-25 08A-2026,295,1097.16,,
88501-26270,784.68,a,611.85,BW07IE-2026,19,772.95,,
88501-48281,801.46,a,656.37,BW07IE-2026,19,744.31,,
88515-0D300,187.14,a,159.52,BW12A-2025,236,209.26,,
88515-28160,173.35,a,154.83, BW08A-2025 ,375,89.46,,
88515-60170,189.44,a,134.37,BW08A2-2026,0,204.30,,
88550-34010,739.35,a,503.25, BW08A2-2026 ,0,786.58,,
88550-36041,448.36,a,391.40,BW09A-2025,344,461.93,,
88550-60130,257.04,Net Price,241.74,BW06A-2024,806,262.69,,
88561-BZ440,18.99,a,16.68,BW05AW-2025,474,104.96,,
88590-60101,607.91,a,518.32,BW11A2-2025,266,722.56,,
88625-26090,18.27,a,15.70, BW02A2-2026 ,175,21.48,,
88710-06360,358.70,Net Price,337.34,NMC-2025,1082,317.38,,
88710-6B580,489.99,a,440.73, BW04A-2025 ,491,607.43,,
88711-60750,234.99,a,202.33, BW02A2-2026 ,175,273.64,,
88711-60800,340.24,a,275.40,BW05AS-2026,104,379.30,,
88712-6A380,320.45,a,255.54,BW08A2-2026,0,340.92,,
88718-52280,21.35,a,15.41,BW08A2-2026,0,23.72,,
88719-33020,273.11,a,218.87, BW04A-2026 ,124,354.03,,
88899-3A080,20.85,a,16.45,BW05A-2026,109,19.98,,
89070-60794,429.12,a,386.55, BW10AS-2024 ,670,0.00,,
89070-BZ551,408.85,a,341.15,BW07UC-2026,26,398.03,,
89305-47010,2.07,a,1.63,BW08A2-2026,0,2.13,,
89341-42060-C2,225.36,a,184.20,BW08A2-2026,0,#N/A,,
89341-48040-C3,225.36,a,184.19,BW08A2-2026,0,#N/A,,
89348-28090-C0,7.25,a,5.93,BW08A-2026,14,#N/A,,
89348-33040-A0,6.38,a,5.22,BW02A2-2026,175,6.17,,
89348-33060-C0,6.62,a,5.28,BW08A2-2026,0,7.20,,
89348-44010,4.48,a,3.66,BW08A-2026,14,4.44,,
89348-71010-A2,6.96,a,6.22,BW05A2-2025,449,7.16,,
89411-50010,137.46,a,117.32,BW04A-2026,124,196.88,,
89422-20010,86.18,a,70.46,BW08A-2026,14,82.78,,
89422-33030,89.93,a,71.54,BW08A2-2026,0,107.57,,
89422-35010,86.64,a,70.81,BW08A2-2026,0,82.52,,
89465-33360,354.91,a,299.81,BW12IE-2025,252,339.96,,
89465-33420,322.12,a,291.93,BW05A-2025,459,354.29,,
89465-60150,405.10,a,328.43,BW03A-2026,158,388.99,,
89467-35110,349.63,a,276.96,BW08A2-2026,0,360.46,,
89467-48011,499.44,a,404.20,BW05A-2026,109,503.39,,
89467-48130,392.76,a,329.07,BW12AS-2025,246,392.08,,
89467-60130,356.44,a,275.55,BW08A-2026,14,344.04,,
89467-71020,427.86,a,342.85, BW04A-2026 ,131,398.65,,
89491-60100,391.78,Net Price,368.45, BW07A-2024 ,763,246.20,,
89516-60080,125.73,a,102.82,BW08A-2026,14,119.69,,
89543-42050,333.13,a,272.28,BW08A2-2026,0,312.05,,
89543-60030,329.79,a,268.19,BW08A-2026,14,323.18,,
89543-60050,321.38,a,260.49,BW07UC-2026,26,312.75,,
89545-0K240,331.35,a,270.93,BW08A-2026,14,309.11,,
89546-60050,342.70,a,268.51,BW08A-2026,14,360.75,,
89615-22030,218.58,a,176.72,BW07B-2026,47,468.06,,
89615-30050,216.49,a,175.38, BW07UC-2026 ,26,217.30,,
89615-52010,222.67,a,182.97,BW08A2-2026,0,273.60,,
89615-60010,234.33,a,183.28,BW08A2-2026,0,228.39,,
89674-71021,355.84,a,290.93,BW08A-2026,14,353.44,,
89752-BZ340,45.66,a,38.10,BW07UC-2026,26,0.00,,
89871-25010,658.00,a,535.24,BW06A-2026,53,622.71,,
89878-71050,585.00,a,389.46,BW08A2-2026,0,650.03,,
89878-71070,537.94,a,442.06,BW08A2-2026,0,#N/A,,
89904-60D70,410.68,a,359.12,BW06A-2026,53,492.19,,
90010-01122,6.45,a,5.37,BW06A-2026,53,0.00,,
90010-03055,5.95,a,4.76,BW04A-2026,131,5.36,,
90010-05101,2.65,a,2.29,BW04A-2026,131,2.68,,
90010-06006,3.59,a,2.68,BW07B-2026,47,5.29,,
90032-09032,3.41,a,2.23,BW07B-2026,47,3.16,,
90038-12004,6.88,a,5.66,BW02A-2026,194,7.90,,
90043-11336,13.77,a,11.20,BW05A-2026,109,12.89,,
90043-85174,2.63,a,1.92,BW07B-2026,47,2.79,,
90044-68378,1.00,Net Price,0.94,NMC-2025,1111,1.07,,
90075-17009,11.94,a,9.76,BW08A2-2026,0,#N/A,,
90075-99106,12.84,a,9.94,BW08A-2026,14,13.74,,
90080-36098,126.81,a,101.72,BW08A2-2026,0,130.74,,
90080-91206,58.37,a,47.32,BW06A2-2026,62,64.82,,
90099-10192,34.24,a,27.98,BW08A2-2026,0,37.94,,
90099-10219,37.40,a,24.38,BW08A2-2026,0,#N/A,,
90099-10226,25.61,a,16.81,BW08A-2026,14,#N/A,,
90099-14091,6.34,a,5.13,BW03A-2026,158,5.84,,
90099-14118,2.97,a,2.42,BW06A-2026,53,3.31,,
90099-14121,3.86,a,3.13,BW07B-2026,47,3.27,,
90099-14127,7.06,a,5.69,BW06IE-2026,69,6.54,,
90099-33080,9.55,a,8.30, BW04A-2026 ,131,13.00,,
90101-08082,1.78,a,1.36,BW08A2-2026,0,1.87,,
90101-12144,4.71,a,2.68,BW07B-2026,47,0.00,,
90101-12167,2.00,a,1.76, BW01A-2026 ,223,2.46,,
90101-18010,16.59,a,13.56,BW08A-2026,14,15.64,,
90105-08374,2.67,a,2.05, BW08A2-2026 ,0,3.23,,
90105-10085,2.13,a,1.78,BW08A2-2026,0,3.12,,
90105-10103,3.75,a,3.00, BW08A2-2026 ,0,4.08,,
90105-10388,1.76,a,1.40, BW08A-2026 ,14,1.98,,
90105-10404,1.72,a,1.40,BW08A2-2026,0,#N/A,,
90105-10424,1.66,a,1.39,BW04A-2026,124,1.65,,
90105-10521,2.86,a,2.34,BW08A-2026,14,#N/A,,
90105-11044,2.24,a,1.78, BW08A-2026 ,14,2.57,,
90105-11H00,4.41,a,3.61, BW08A2-2026 ,0,4.08,,
90105-12287,6.41,a,4.94,BW07B-2026,47,6.43,,
90105-14089,5.89,a,5.14,BW04A-2026,131,5.77,,
90105-14099,12.56,a,8.84, BW08A-2026 ,14,13.96,,
90105-14186,8.32,a,6.00,BW08A2-2026,0,9.25,,
90105-17003,7.94,a,7.17,BW02AW-2025,563,0.00,,
90109-06383,1.30,a,1.13,BW02AS-2026,174,1.40,,
90109-06388,1.50,a,1.01, BW04A-2026 ,124,1.84,,
90109-08188,1.58,a,1.38,BW02A-2026,194,1.54,,
90109-08295,1.37,a,1.16,BW06AS-2025,442,0.00,,
90109-08301,1.90,a,1.66, BW09A-2025 ,344,2.79,,
90109-10132,8.51,a,6.53, BW08A2-2026 ,0,8.85,,
90109-W0006,2.86,a,2.35, BW08A2-2026 ,0,#N/A,,
90110-06010,1.60,a,1.34,BW04A-2026,124,0.00,,
90112-08073,2.11,a,1.65, BW03A-2026 ,158,0.00,,
90114-11124,2.25,a,2.05,BW11A2-2025,266,2.50,,
90116-08233,1.77,a,1.47, BW09A-2025 ,329,1.76,,
90116-10075,1.80,a,1.60,BW05A2-2025,449,1.87,,
90116-10088,2.02,a,1.62, BW06A-2026 ,53,2.17,,
90116-10117,2.85,a,2.28,BW03A-2026,158,2.61,,
90116-10175,2.07,a,1.76,BW01A-2026,223,2.09,,
90116-10201,2.12,a,1.78,BW08A2-2026,0,2.09,,
90117-14032,40.71,a,33.28,BW08A-2026,14,39.00,,
90117-14052,52.50,a,45.02,BW02AS-2026,174,52.66,,
90117-14059,41.60,a,35.57,BW02AS-2026,174,50.50,,
90117-14073,43.39,a,35.84, BW07UC-2026 ,26,42.56,,
90117-T0002,36.28,a,29.22,BW04A-2026,131,37.86,,
90119-06355,1.72,a,1.47, BW09A-2025 ,329,0.00,,
90119-08560,2.08,a,1.70,BW08A-2026,14,#N/A,,
90119-10205,1.99,a,1.73,BW02A2-2026,175,1.98,,
90119-10536,2.60,a,2.27,BW12A-2025,236,3.23,,
90119-10921,1.83,a,1.39, BW07UC-2026 ,26,2.24,,
90119-12312,2.27,a,1.97, BW07A-2025 ,393,2.42,,
90119-12371,5.45,a,4.79,BW10IE-2025,308,5.73,,
90119-14062,9.15,a,7.55,BW08A-2026,14,10.36,,
90119-16003,7.21,a,5.95,BW03A-2026,158,7.16,,
90126-10014,6.44,a,4.57,BW08A-2026,14,7.16,,
90151-60013,1.26,a,1.05,BW04A-2026,124,1.25,,
90159-50311,1.48,a,1.06,BW08A-2026,14,1.65,,
90159-50353,1.24,a,1.02, BW04A-2026 ,131,1.29,,
90159-50388,1.19,a,0.98,BW03A-2026,158,1.14,,
90159-60215,2.07,a,1.73,BW04A-2026,131,2.13,,
90159-60383,1.42,a,1.20,BW09A-2025,329,1.36,,
90159-60416,2.01,a,1.47,BW07B-2026,47,2.20,,
90159-60476,1.30,a,1.06, BW08A2-2026 ,0,#N/A,,
90159-60477,1.29,a,1.06,BW08A2-2026,0,#N/A,,
90159-60488,1.30,a,1.06,BW06IE-2026,69,1.29,,
90159-60500,1.34,a,1.07,BW07IE-2026,19,1.36,,
90159-60590,1.25,a,1.02,BW08A-2026,14,1.18,,
90159-T2010,0.49,a,0.45,BW12AW-2024,622,0.00,,
90166-60003,1.25,a,1.03,BW08A2-2026,0,1.21,,
90170-08204,1.44,a,1.20,BW07UC-2026,26,1.54,,
90170-10039,1.49,a,1.20,BW07B-2026,47,1.47,,
90170-12021,2.01,a,1.64, BW02A-2026 ,194,2.90,,
90170-16023,2.53,a,1.78,BW08A-2026,14,2.57,,
90170-18007,1.99,a,1.76,BW04A-2026,131,2.39,,
90170-19185,4.88,a,3.94,BW04A-2026,124,4.63,,
90170-22058,3.76,a,3.01,BW04A-2026,131,4.30,,
90178-10016,1.58,a,1.38,BW05A2-2025,449,2.46,,
90178-11001,2.51,a,1.40,BW08A-2026,14,1.98,,
90178-16001,2.98,a,1.78,BW08A-2026,14,2.57,,
90178-16006,2.97,a,2.33,BW08A-2026,14,3.23,,
90178-T0081,2.25,a,1.90,BW09A-2025,329,2.24,,
90179-06127,1.29,a,1.06,BW08A-2026,14,1.62,,
90179-08014,2.03,a,1.67,BW08A2-2026,0,#N/A,,
90179-08040,2.25,a,1.62, BW08A-2026 ,14,2.39,,
90179-08153,1.49,a,1.21,BW12AS-2025,246,0.00,,
90179-12070,2.85,a,2.60, BW11AS-2024 ,650,2.97,,
90179-12127,1.76,a,1.44,BW08A2-2026,0,#N/A,,
90179-12144,1.72,a,1.41,BW08A2-2026,0,#N/A,,
90179-14019,2.99,a,2.19, BW07B-2026 ,47,2.72,,
90179-14025,2.74,a,2.27, BW04A-2026 ,124,2.75,,
90179-14068,2.33,a,1.78, BW08A-2026 ,14,2.13,,
90179-14069,2.18,a,1.78,BW08A2-2026,0,2.13,,
90179-20018,4.41,a,3.63, BW07B-2026 ,47,4.37,,
90179-22022,6.60,a,5.96,BW06AS-2025,414,8.74,,
90189-04024,1.35,a,1.06,BW06IE-2026,69,1.25,,
90189-05142,1.43,a,1.17,BW08A-2026,14,1.40,,
90189-06029,1.53,a,1.31,BW04A-2026,131,0.00,,
90189-06193,1.39,a,1.13,BW07UC-2026,26,1.40,,
90189-06220,1.46,a,1.07,BW08A2-2026,0,1.62,,
90189-06242,1.19,a,0.89,BW04A-2026,131,1.40,,
90189-T0014,1.16,a,1.04,BW11A2-2025,266,1.14,,
90201-08042,3.85,a,3.15,BW07IE-2026,19,3.60,,
90201-10075,1.82,a,1.40,BW08A-2026,14,1.98,,
90201-10203,3.07,a,2.34,BW08A-2026,14,3.23,,
90201-11013,1.24,a,1.01,BW03A-2026,158,1.80,,
90201-11032,1.94,a,1.60,BW03A-2026,158,2.31,,
90201-11034,1.83,a,1.40, BW08A2-2026 ,0,2.31,,
90201-12078,7.62,a,6.23,BW08A-2026,14,7.53,,
90201-12452,2.30,a,1.74,BW06A-2026,53,2.46,,
90208-44001,6.19,a,5.06,BW08A-2026,14,6.02,,
90208-49001,6.76,a,5.14,BW08A-2026,14,#N/A,,
90209-10021,1.27,a,1.06,BW06A-2026,53,1.36,,
90210-06010,1.77,a,1.42,BW06IE-2026,69,1.65,,
90210-08019,3.65,a,2.98,BW08A-2026,14,4.19,,
90210-09016,4.01,a,2.45, BW07B-2026 ,47,0.00,,
90210-25002,1.85,a,1.55,BW08A-2026,14,1.87,,
90213-07018,1.78,a,1.36,BW08A-2026,14,1.87,,
90214-42030,5.22,a,4.38,BW08A-2026,14,5.22,,
90215-42025,3.72,a,3.04,BW08A2-2026,0,3.56,,
90240-06016,3.11,a,2.45,BW07B-2026,47,0.00,,
90252-03015,1.61,a,1.33, BW10A-2025 ,295,1.62,,
90269-03002,2.36,a,1.74,BW08A-2026,14,2.57,,
90269-04051,0.96,a,0.79,BW07UC-2026,26,0.95,,
90269-04053,1.36,a,0.95, BW08A2-2026 ,0,1.51,,
90269-A0005,2.20,Net Price,2.06, BW08A-2025 ,375,2.20,,
90301-07037,4.16,a,3.41,BW08A-2026,14,4.04,,
90301-08020,4.85,a,3.97,BW08A-2026,14,4.70,,
90301-20005,3.85,a,3.35,BW05A2-2025,449,4.66,,
90301-20012,5.04,a,3.96,BW06A-2026,53,6.43,,
90301-21017,6.79,a,3.87,BW07B-2026,47,6.50,,
90301-22013,5.25,a,4.26,BW07B-2026,47,5.22,,
90301-29006,6.41,a,5.19,BW04A-2026,131,6.98,,
90301-32010,4.78,a,4.06, BW08A2-2026 ,0,4.08,,
90301-37005,3.76,a,3.02,BW04A-2026,131,3.60,,
90301-40008,5.95,a,3.97,BW08A-2026,14,6.35,,
90301-49003,4.65,a,3.39,BW07B-2026,47,5.47,,
90301-57003,4.63,a,3.56,BW06A-2026,53,4.77,,
90301-61003,8.38,a,7.00,BW04A-2026,131,8.34,,
90301-67004,6.24,a,5.10,BW08A-2026,14,5.40,,
90301-85004,6.49,a,5.13,BW08A2-2026,0,6.57,,
90301-T0016,7.17,a,5.05,BW06A2-2026,62,7.35,,
90310-16001,6.50,a,5.44,BW08A-2026,14,3.89,,
90310-25004,6.79,a,5.55,BW08A-2026,14,6.54,,
90310-25013,8.51,Net Price,8.00,NMC-2025,1111,8.59,,
90310-38033,8.01,a,6.86,BW06A2-2026,62,5.84,,
90310-50006,13.77,a,11.46,BW06IE-2026,69,12.63,,
90310-58004,16.03,a,13.11,BW08A-2026,14,17.19,,
90310-63001,21.62,a,17.77,BW08A2-2026,0,20.86,,
90310-A0004,16.22,a,13.26,BW08A-2026,14,#N/A,,
90311-12002,7.85,a,6.57,BW08A2-2026,0,7.01,,
90311-13001,7.03,a,5.77,BW06IE-2026,69,6.94,,
90311-18013,7.58,a,6.20,BW08A-2026,14,4.99,,
90311-20006,9.33,a,7.67,BW03A-2026,158,8.37,,
90311-22009,6.91,a,5.81,BW08A2-2026,0,6.79,,
90311-24010,9.70,a,8.75,BW12AW-2024,615,6.28,,
90311-25008,8.60,Net Price,8.09,NMC-2025,1082,0.00,,
90311-25032,13.10,a,10.31,BW08A-2026,14,12.41,,
90311-30014,11.58,a,9.89,BW03A-2026,158,11.20,,
90311-32012,14.31,a,11.64,BW05A-2026,109,11.42,,
90311-32019,12.64,a,10.25,BW06A-2026,53,12.01,,
90311-32022,12.98,a,11.31, BW04A-2026 ,131,9.07,,
90311-32025,14.03,a,11.41, BW06A-2026 ,53,12.82,,
90311-34016,13.33,a,10.75,BW06IE-2026,69,9.66,,
90311-34021,15.30,a,12.53, BW07IE-2026 ,19,12.67,,
90311-34039,18.00,a,11.71,BW06A-2026,53,12.38,,
90311-34042,18.77,a,15.34,BW08A2-2026,0,16.64,,
90311-34045,13.98,a,11.43, BW08A2-2026 ,0,13.26,,
90311-34057,15.49,a,12.91, BW06A-2026 ,53,14.40,,
90311-35023,9.31,a,7.94, BW08A2-2026 ,0,8.96,,
90311-35032,18.46,a,15.52,BW08A-2026,14,17.15,,
90311-35035,15.72,a,12.83, BW06A-2026 ,53,9.40,,
90311-35065,11.38,a,8.83,BW06A-2026,53,9.95,,
90311-35069,10.06,a,8.70,BW06A-2026,53,9.92,,
90311-35075,12.50,a,10.07,BW06A-2026,53,11.79,,
90311-36005,9.03,a,7.48,BW02A2-2026,175,5.07,,
90311-36006,20.67,a,16.67, BW06IE-2026 ,69,17.52,,
90311-38032,15.76,a,13.18,BW06A-2026,53,14.32,,
90311-38034,14.03,a,11.91,BW04A-2026,131,13.59,,
90311-38047,11.47,a,9.70,BW06IE-2026,69,11.53,,
90311-38064,15.57,a,13.10,BW08A2-2026,0,14.54,,
90311-38066,16.20,a,13.80,BW02A-2026,194,13.48,,
90311-38067,18.02,a,14.54,BW06IE-2026,69,12.89,,
90311-38075,11.51,a,9.41, BW08A-2026 ,14,10.32,,
90311-38087,18.77,a,15.34,BW08A2-2026,0,13.63,,
90311-38090,16.72,a,13.49,BW06IE-2026,69,11.46,,
90311-38096,16.03,a,13.11, BW08A-2026 ,14,14.54,,
90311-38098,17.80,a,13.18, BW08A2-2026 ,0,19.35,,
90311-38101,11.38,a,9.30,BW08A2-2026,0,11.57,,
90311-40001,17.05,a,13.58,BW06A-2026,53,14.10,,
90311-40031,12.14,a,10.20,BW06IE-2026,69,10.76,,
90311-40041,12.23,a,10.05,BW08A-2026,14,11.05,,
90311-40047,15.65,Net Price,14.52,BW05A2-2025,449,11.68,,
90311-40048,15.11,a,13.06,BW06A-2026,53,8.01,,
90311-41017,13.44,a,12.40,BW12AW-2024,615,13.70,,
90311-41018,24.48,a,19.90,BW08A-2026,14,26.18,,
90311-41019,16.23,a,12.88,BW06A-2026,53,17.44,,
90311-41020,15.31,a,11.93,BW06A2-2026,62,13.66,,
90311-42010,14.66,a,12.07,BW06A-2026,53,14.32,,
90311-42048,11.52,a,9.37,BW08A-2026,14,11.13,,
90311-42052,11.98,a,9.90,BW02A2-2026,175,11.42,,
90311-43008,16.31,a,13.33,BW08A2-2026,0,12.82,,
90311-43010,20.92,a,15.30,BW08A2-2026,0,23.25,,
90311-43013,11.38,a,9.30,BW08A2-2026,0,10.69,,
90311-44004,28.91,a,24.80,BW07B-2026,47,13.96,,
90311-44005,25.60,a,20.16,BW06IE-2026,69,17.37,,
90311-44008,26.29,a,21.31,BW05AS-2026,104,19.24,,
90311-45027,18.52,a,15.23,BW08A-2026,14,17.08,,
90311-45032,18.62,a,15.30, BW08A2-2026 ,0,16.23,,
90311-45036,25.26,a,21.92,BW04A-2026,131,17.15,,
90311-46006,50.37,a,40.50,BW08A-2026,14,46.35,,
90311-46007,33.87,a,24.37,BW08A2-2026,0,37.64,,
90311-47026,28.91,a,25.02,BW04A-2026,124,24.61,,
90311-48016,12.55,a,10.23,BW05A-2026,109,9.70,,
90311-48025,12.68,a,10.37,BW08A2-2026,0,12.08,,
90311-49002,13.25,a,10.27,BW08A-2026,14,13.48,,
90311-50039,24.54,a,20.06, BW08A-2026 ,14,15.50,,
90311-50050,21.44,a,17.53,BW08A-2026,14,17.92,,
90311-50051,22.01,a,18.77,BW05A-2026,109,15.68,,
90311-50058,25.52,a,20.02,BW08A2-2026,0,21.48,,
90311-50065,25.13,a,19.91,BW08A-2026,14,19.98,,
90311-51009,22.11,a,17.77,BW08A2-2026,0,22.33,,
90311-51010,15.23,a,11.54,BW08A2-2026,0,16.56,,
90311-52022,32.05,a,26.82,BW08A-2026,14,15.57,,
90311-55002,14.63,a,11.80,BW06IE-2026,69,13.11,,
90311-55005,24.10,a,20.06,BW08A-2026,14,22.26,,
90311-58007,20.98,a,17.15,BW08A-2026,14,16.49,,
90311-58011,28.01,a,22.20,BW06A-2026,53,18.11,,
90311-65003,30.00,a,25.12,BW04A-2026,131,22.07,,
90311-70011,44.09,a,35.30,BW07UC-2026,26,31.44,,
90311-73005,37.25,a,30.47,BW02A2-2026,175,35.51,,
90311-78002,79.76,a,65.19,BW08A2-2026,0,60.96,,
90311-85007,49.07,a,40.12,BW08A-2026,14,43.67,,
90311-89014,48.45,a,40.82,BW08A2-2026,0,44.69,,
90311-89015,38.85,a,31.45,BW08A-2026,14,36.17,,
90311-90010,53.19,a,44.28,BW08A-2026,14,50.72,,
90311-95013,59.60,a,48.57,BW07IE-2026,19,52.96,,
90311-99009,81.76,a,68.42,BW08A-2026,14,43.89,,
90311-A0008,53.17,a,31.28,BW08A-2026,14,35.59,,
90311-T0015,15.61,a,12.70,BW06A-2026,53,14.21,,
90311-T0034,18.15,a,15.09,BW01A-2026,223,17.96,,
90311-T0065,22.65,a,18.86,BW06A2-2026,62,22.00,,
90311-T0069,11.46,a,9.81,BW07A11A2-2025,393,12.41,,
90311-T0108,30.01,a,24.66, BW06A2-2026 ,62,24.72,,
90312-96001,20.13,a,16.24,BW06IE-2026,69,14.32,,
90312-A0002,25.60,a,20.79,BW06A-2026,53,23.39,,
90313-13001,6.46,a,5.23,BW04A-2026,131,4.11,,
90313-13002,16.13,a,13.14,BW03A-2026,158,13.26,,
90316-48003,17.28,a,14.12,BW08A2-2026,0,16.49,,
90316-72001,41.00,a,36.79,BW02A-2026,194,40.40,,
90333-25003,2.24,a,1.88,BW07AS-2025,386,2.53,,
90341-12034,6.54,a,4.90,BW08A2-2026,0,7.12,,
90341-18006,6.42,a,4.87, BW08A-2026 ,14,7.68,,
90341-18023,6.87,a,5.39,BW08A2-2026,0,#N/A,,
90341-18032,8.45,a,6.88,BW06A-2026,53,8.41,,
90341-18040,10.49,a,8.57,BW08A-2026,14,9.88,,
90341-18051,5.99,a,4.90,BW08A2-2026,0,#N/A,,
90341-18057,13.82,a,11.30,BW08A-2026,14,14.47,,
90341-24014,15.80,a,10.83,BW07IE-2026,19,16.38,,
90341-26002,17.67,a,13.02,BW08A2-2026,0,18.03,,
90361-08004,2.21,a,1.75, BW08A2-2026 ,0,2.28,,
90361-09002,11.04,a,4.87,BW07B-2026,47,6.87,,
90363-12010,17.51,a,14.32,BW08A2-2026,0,16.23,,
90363-12018,10.87,a,8.95,BW08A-2026,14,10.98,,
90363-12020,10.52,a,8.80,BW08A-2026,14,10.10,,
90363-12024,11.00,a,8.99,BW08A-2026,14,10.50,,
90363-15017,48.31,a,39.29,BW08A-2026,14,41.72,,
90363-18011,13.14,a,11.17,BW11A-2025,272,15.72,,
90363-33007,58.47,a,45.15,BW08A-2026,14,59.27,,
90363-35063,134.16,a,106.05,BW08A-2026,14,136.91,,
90363-35067,36.48,a,33.41,BW11AW-2024,637,0.00,,
90363-43001,35.67,a,29.55,BW05A-2026,109,34.34,,
90363-T0009,85.26,a,72.68,BW07UC-2026,27,69.01,,
90364-25012,31.26,a,26.28,BW06IE-2026,69,31.44,,
90364-36006,32.80,a,30.10,BW11AS-2024,650,41.13,,
90365-30028,96.05,a,76.62,BW08A2-2026,0,98.02,,
90365-34005,52.81,a,42.76,BW03A-2026,158,50.83,,
90366-17007,57.87,a,48.17,BW06A-2026,53,36.80,,
90366-20003,45.29,a,36.59,BW07UC-2026,26,43.04,,
90366-30105,89.10,a,72.12,BW07UC-2026,26,84.80,,
90366-35053,107.03,a,86.68,BW05AS-2026,104,99.71,,
90366-35096,44.04,a,35.98,BW08A-2026,14,41.06,,
90366-35105,85.25,a,69.33,BW08A-2026,14,82.37,,
90366-42009,65.25,a,55.47,BW05A06A-2025,449,63.13,,
90366-45038,56.09,a,42.74,BW07UC-2026,26,59.71,,
90366-60008,84.97,a,75.99,BW06AS-2025,428,77.34,,
90366-75001,53.83,a,44.01,BW08A-2026,14,52.19,,
90366-T0044,87.69,a,74.28,BW06A2-2026,62,88.18,,
90366-T0061,189.00,a,161.11,BW07UC-2026,27,157.07,,
90368-45087,86.08,a,70.39,BW08A-2026,14,77.75,,
90368-50006,74.45,a,61.53,BW02A2-2026,175,71.80,,
90369-45003,121.71,a,98.98,BW08A-2026,14,114.58,,
90369-48001,237.07,a,195.85,BW08A2-2026,0,206.58,,
90369-T0007,108.21,a,92.66,BW01A-2026,223,100.15,,
90374-62008,24.82,a,20.24,BW06A-2026,53,23.98,,
90374-62009,26.51,a,20.50,BW08A2-2026,0,27.18,,
90381-30006,28.51,a,23.43,BW08A2-2026,0,27.69,,
90381-32001,15.34,a,12.60,BW08A2-2026,0,14.69,,
90385-11003,3.30,a,1.71,BW08A2-2026,0,2.46,,
90385-12012,2.46,a,1.70,BW08A-2026,14,2.42,,
90385-18008,5.82,a,4.76,BW08A-2026,14,5.62,,
90385-18009,9.61,a,7.86,BW06A-2026,53,9.25,,
90385-18021,7.84,a,6.23,BW08A2-2026,0,10.36,,
90385-19009,3.81,a,3.16,BW11A-2025,272,3.86,,
90385-20005,4.25,a,3.46,BW03A-2026,158,4.26,,
90385-23037,9.01,a,6.99,BW06A-2026,53,0.00,,
90385-24002,8.79,a,7.45,BW01A-2026,223,8.81,,
90385-T0010,4.97,a,4.04,BW08A-2026,14,4.74,,
90385-T0014,3.47,a,2.68,BW08A-2026,14,3.23,,
90385-T0016,3.06,a,2.56,BW07UC-2026,26,0.00,,
90385-T0017,2.71,a,2.12,BW08A-2026,14,2.79,,
90385-T0020,5.97,a,4.64, BW06A2-2026 ,62,6.39,,
90386-13020,3.58,a,2.88,BW04A-2026,131,3.08,,
90389-14037,15.04,a,12.62,BW08A-2026,14,15.02,,
90389-18002,12.75,a,10.43,BW08A-2026,14,11.90,,
90389-T0005,33.48,a,26.41,BW08A-2026,14,30.74,,
90389-T0009,26.07,a,20.59,BW08A-2026,14,26.88,,
90430-12008,1.62,a,1.32,BW08A-2026,14,1.58,,
90430-18008,1.77,a,1.33,BW08A2-2026,0,1.62,,
90430-18023,1.80,a,1.56,BW05A2-2025,449,1.76,,
90430-37004,2.65,a,2.13,BW06IE-2026,69,2.39,,
90430-37140,2.26,a,1.85,BW08A-2026,14,2.53,,
90430-T0008,1.21,a,0.98,BW06A-2026,53,1.10,,
90440-16019,21.77,a,16.93,BW08A-2026,14,22.44,,
90440-17021,19.29,a,15.39,BW03A-2026,158,21.41,,
90445-17117,41.48,a,33.58,BW05AS-2026,104,0.00,,
90445-18130,70.07,a,47.92,BW08A2-2026,0,77.86,,
90460-62006,9.24,a,7.56,BW08A-2026,14,9.07,,
90466-16004,3.44,a,2.79, BW07B-2026 ,47,3.49,,
90467-05164-B0,1.88,a,1.06, BW08A-2026 ,14,2.09,,
90467-06020-C0,2.14,a,1.88,BW07AS-2025,386,2.79,,
90467-07076-B7,1.63,a,1.33,BW08A2-2026,0,#N/A,,
90467-07166,1.72,a,1.40,BW06A-2026,53,1.65,,
90467-07192,2.28,a,1.78, BW08A-2026 ,14,0.00,,
90467-07193,2.73,a,1.77,BW06A-2026,53,0.00,,
90467-07201,2.11,a,1.75,BW04A-2026,124,1.65,,
90467-07211,1.67,a,1.36,BW06A-2026,53,1.54,,
90467-07214,1.61,a,1.32,BW08A-2026,14,1.54,,
90467-08195,2.30,a,1.78,BW06A-2026,53,2.46,,
90467-09050,1.72,a,1.39,BW06A2-2026,62,1.65,,
90467-09185,1.67,a,1.38, BW11A2-2025 ,266,1.62,,
90467-09198,1.99,a,1.75,BW02A2-2026,175,2.20,,
90467-10005-C0,2.30,a,2.05,BW12A-2025,236,0.00,,
90467-10183,1.62,a,1.32,BW08A-2026,14,1.47,,
90467-10210,3.04,a,2.09,BW08A2-2026,0,3.34,,
90467-12020,1.53,a,1.35,BW01A-2026,223,1.87,,
90467-12073,3.07,a,2.56,BW06A-2026,74,3.64,,
90467-17026-A0,2.23,a,1.67,BW08A2-2026,0,2.42,,
90467-21010,5.50,a,4.50,BW08A-2026,14,#N/A,,
90467-T0023,2.51,a,2.05,BW01A-2026,223,2.90,,
90468-05034,1.82,a,1.36,BW08A-2026,14,1.98,,
90468-05060,1.49,a,1.21, BW07B-2026 ,47,1.51,,
90468-08035,2.77,a,1.74, BW08A-2026 ,14,2.97,,
90468-12015,3.69,a,3.05, BW03A-2026 ,158,3.16,,
90468-12025,2.30,a,1.78,BW08A-2026,14,2.50,,
90468-16029,1.29,a,0.98,BW08A-2026,14,1.40,,
90480-13005,4.02,a,1.44,BW08A2-2026,0,4.37,,
90480-15296,4.41,a,3.61, BW08A2-2026 ,0,4.33,,
90501-35035,6.42,a,5.28,BW08A2-2026,0,6.17,,
90501-35037,6.79,a,5.28,BW08A2-2026,0,8.15,,
90506-12051,3.76,a,3.06, BW06A-2026 ,53,3.38,,
90520-01274,1.61,a,1.41,BW03A-2026,158,2.06,,
90520-31005,3.16,a,2.56,BW07B-2026,47,3.16,,
90520-31006,3.25,a,2.59,BW02AS-2026,174,3.05,,
90520-31007,2.91,a,2.24, BW08A2-2026 ,0,3.16,,
90520-36045,2.65,a,2.15,BW07B-2026,47,2.61,,
90520-46014,3.86,a,3.12,BW05A-2026,109,3.64,,
90520-84001,7.81,a,6.11,BW08A-2026,14,7.82,,
90520-99110,4.52,a,3.50,BW07B-2026,47,5.69,,
90520-99158,7.55,Net Price,7.10,NMC-2025,1377,7.09,,
90520-T0033,2.80,a,2.23,BW08A-2026,14,2.86,,
90541-06036,1.78,a,1.37, BW08A2-2026 ,0,2.24,,
90560-27005,2.54,a,2.08, BW08A-2026 ,14,#N/A,,
90560-33003,2.37,a,1.62,BW08A-2026,14,0.00,,
90560-40008,2.51,a,2.05,BW08A2-2026,0,#N/A,,
90901-19047,3.45,a,2.58, BW08A2-2026 ,0,#N/A,,
90903-89012,30.15,a,23.74,BW06IE-2026,69,26.88,,
90904-30008,9.29,a,7.56,BW08A-2026,14,9.11,,
90910-02094,15.10,a,10.56,BW08A-2026,14,0.00,,
90910-02101,7.71,a,6.27, BW06A-2026 ,53,7.27,,
90910-02112,18.25,a,15.36,BW03A-2026,158,20.93,,
90910-02120,7.34,a,6.03,BW12A-2025,236,7.01,,
90910-02145,13.13,a,10.48,BW07IE-2026,19,12.96,,
90910-02146,15.34,a,12.54,BW08A-2026,14,14.58,,
90910-02162,12.61,a,10.31,BW08A-2026,14,11.79,,
90910-02164,14.44,a,10.18,BW02A2-2026,175,12.08,,
90910-02170,10.21,a,8.35,BW08A-2026,14,9.84,,
90910-02187,9.92,a,8.20,BW02A2-2026,175,9.62,,
90910-05206,10.95,a,8.50,BW08A-2026,14,11.53,,
90910-12275,120.58,a,79.68,BW08A-2026,14,110.06,,
90913-02051,12.67,a,11.41,BW01A-2025,592,16.27,,
90913-02090,8.93,a,7.37,BW11A-2025,272,8.74,,
90913-02095,15.81,a,12.13, BW08A-2026 ,14,16.42,,
90913-02101,11.59,a,9.54, BW03A-2026 ,158,6.83,,
90913-02105,14.57,a,12.19, BW08A2-2026 ,0,9.77,,
90913-02112,12.10,a,9.80,BW04A-2026,131,10.98,,
90913-02113,12.78,a,10.49,BW03A-2026,158,7.82,,
90913-02116,11.89,a,9.72,BW08A2-2026,0,15.68,,
90913-02118,12.17,Net Price,11.38,BW01A03A-2025,592,16.01,,
90913-02121,11.53,a,9.67,BW08A-2026,14,10.83,,
90913-02124,10.30,a,9.49,BW02A2-2026,175,6.83,,
90913-03021,3.77,a,3.05,BW02A2-2026,175,3.64,,
90915-10009,30.36,a,24.95,BW08A2-2026,0,29.93,,
90915-10010,31.17,a,25.48,BW08A2-2026,0,30.33,,
90915-20005,32.50,a,28.67,BW01A-2026,223,32.54,,
90915-YZZD4,14.12,a,11.32,BW04A-2026,131,12.52,,
90915-YZZM3,31.93,a,18.06,BW06A2-2026,62,27.40,,
90916-02500,63.02,a,53.72,BW02A-2026,194,68.16,,
90916-02523,92.00,a,84.54,BW05NE-2025,461,55.56,,
90916-02569,66.86,a,54.93,BW08A2-2026,0,63.31,,
90916-02589,133.24,a,112.36,BW06A2-2026,62,130.15,,
90916-02606,92.67,a,78.93,BW09A-2025,348,126.19,,
90916-02637,195.02,a,162.18,BW06A2-2026,62,157.18,,
90916-02667,108.01,a,87.83,BW08A-2026,14,98.42,,
90916-02679,108.01,a,87.84,BW08A-2026,14,103.01,,
90916-02705,72.96,a,59.95,BW08A2-2026,0,62.73,,
90916-02706,105.28,a,88.10,BW08A-2026,14,127.77,,
90916-02708,207.15,a,168.47,BW08A-2026,14,192.81,,
90916-02711,37.43,a,30.75, BW08A2-2026 ,0,35.40,,
90916-03090,48.31,a,39.71,BW08A-2026,14,46.31,,
90916-03093,40.99,a,32.50,BW08A2-2026,0,38.16,,
90916-03100,39.02,a,31.90,BW08A2-2026,0,37.50,,
90916-03102,41.18,a,33.73,BW07IE-2026,19,37.46,,
90916-03117,49.06,a,40.10,BW08A2-2026,0,47.67,,
90916-03118,38.08,a,31.90,BW08A2-2026,0,38.45,,
90916-03119,61.19,a,39.41,BW08A-2026,14,54.35,,
90916-03120,48.79,a,39.90,BW08A-2026,14,46.68,,
90916-03129,38.61,a,31.59,BW08A-2026,14,37.24,,
90916-03136,38.81,a,31.89,BW08A2-2026,0,34.60,,
90916-03138,73.35,a,67.03,BW06IE-2026,69,62.91,,
90916-03140,40.32,a,31.89,BW08A2-2026,0,36.84,,
90916-03144,38.81,a,31.73,BW08A-2026,14,35.95,,
90916-03151,48.00,a,31.55,BW08A2-2026,0,52.22,,
90916-T2029,36.78,a,29.87,BW04UC-2026,116,65.81,,
90916-T2047,93.18,a,79.44,BW07UC-2026,27,92.03,,
90917-06039,4.60,a,3.71, BW06IE-2026 ,69,4.19,,
90917-06059,9.11,a,7.44,BW08A2-2026,0,8.78,,
90917-06061,9.88,a,8.09,BW07IE-2026,19,9.14,,
90917-11036,45.77,a,31.31,BW06IE-2026,69,35.18,,
90919-01194,34.46,a,28.59,BW06A2-2026,62,33.27,,
90919-01198,7.26,a,5.91,BW08A2-2026,0,7.38,,
90919-01243,48.99,a,39.70,BW06A-2026,74,46.16,,
90919-01276,61.22,a,50.31,BW08A2-2026,0,60.67,,
90919-01285,69.82,a,54.60, BW06A-2026 ,53,63.24,,
90919-01287,49.22,a,40.03,BW08A2-2026,0,47.71,,
90919-01289,56.38,a,42.24,BW08A2-2026,0,61.29,,
90919-01301,55.03,a,44.99,BW08A-2026,14,#N/A,,
90919-02256,185.48,a,145.88,BW08A2-2026,0,194.68,,
90919-02259,196.01,a,160.25,BW08A-2026,14,193.14,,
90919-02260,178.48,a,145.15,BW08A-2026,14,171.73,,
90919-02276,183.75,a,146.25,BW08A2-2026,0,195.49,,
90919-05007,206.81,a,159.62,BW08A-2026,14,217.71,,
90919-05025,144.45,a,119.39,BW02A-2026,194,96.00,,
90919-05035,191.95,a,153.32,BW06IE-2026,69,175.18,,
90919-05057,108.89,a,87.81,BW06IE-2026,69,100.48,,
90919-05060,163.29,a,129.86,BW08A-2026,14,139.19,,
90919-05087,106.57,a,84.40,BW04A-2026,124,83.51,,
90919-11009,18.48,a,15.05,BW08A-2026,14,17.96,,
90919-15532,69.59,a,56.90,BW08A-2026,14,67.61,,
90919-15534,80.35,a,58.78,BW08A-2026,14,79.80,,
90919-15570,64.40,a,57.59,BW05A2-2025,449,86.93,,
90919-yzzad,5.51,a,4.42,BW03A-2026,158,4.81,,
90919-YZZAE,5.57,a,4.46,BW06A2-2026,62,5.29,,
90919-YZZAF,5.39,a,4.36,BW05AS-2026,104,4.92,,
90930-03097,16.58,a,13.42,BW04A-2026,124,16.75,,
90942-01007,3.90,a,3.19,BW08A2-2026,0,3.64,,
90942-01021,5.81,a,4.80,BW02A-2026,194,5.69,,
90942-01077,10.91,a,9.38,BW05A2-2025,449,12.85,,
90942-01081,7.92,a,6.55,BW03A-2026,158,8.30,,
90942-01093,12.01,Net Price,11.03,BW10AS-2024,670,17.44,,
90942-01101,7.67,a,6.26,BW08A2-2026,0,7.53,,
90942-01103,16.55,a,13.20,BW04A-2026,131,15.68,,
90942-02052,8.89,a,6.91,BW08A-2026,14,9.99,,
90942-02071,12.50,a,11.13,BW03A-2026,158,13.37,,
90942-02072,13.43,a,11.13,BW04A-2026,131,13.26,,
90942-02079,8.18,a,6.33,BW06IE-2026,69,7.46,,
90942-02081,4.51,a,3.74,BW05A-2026,109,4.48,,
90942-02083,5.99,a,4.90,BW08A2-2026,0,5.80,,
90947-02A14,64.49,a,52.77,BW07B-2026,47,74.00,,
90947-02C49,48.92,Net Price,46.01,NMC-2025,1082,70.99,,
90948-01003,3.05,a,2.49,BW08A-2026,14,2.94,,
90948-01060,8.27,a,6.66,BW06A-2026,53,7.49,,
90948-01064,11.06,a,8.99,BW08A-2026,14,10.80,,
90948-01077,16.36,a,10.39,BW08A-2026,14,17.41,,
90948-01096,29.41,a,23.46,BW08A2-2026,0,27.32,,
90948-02141,11.18,a,9.14,BW08A-2026,14,10.72,,
90948-02170,12.87,a,10.52,BW08A2-2026,0,#N/A,,
90948-02173,12.80,a,10.52, BW08A2-2026 ,0,14.65,,
90948-02184,13.48,a,10.52,BW08A2-2026,0,14.65,,
90948-03024,10.61,a,6.99, BW08A-2026 ,14,9.66,,
90948-T1013,8.83,a,6.69,BW08A-2026,14,9.29,,
90950-01398,1.72,a,1.39,BW02AS-2026,174,1.73,,
90950-01983,3.11,a,2.82,BW02AW-2025,563,2.39,,
90959-01577,11.38,a,9.30,BW08A2-2026,0,#N/A,,
90975-02071,40.56,a,33.14,BW08A2-2026,0,38.38,,
90980-11162,11.23,a,8.92,BW07UC-2026,26,11.49,,
90980-11246,7.97,a,7.28,BW11AW-2024,637,8.15,,
90980-11885,11.06,a,8.46,BW08A-2026,14,11.64,,
90980-12831,11.73,Net Price,10.73,BW02AW-2025,563,11.75,,
90981-08H14,29.97,a,25.37,BW11A-2025,283,33.35,,
90981-13047,34.98,a,27.96,BW06IE-2026,69,31.51,,
90981-13075,34.89,a,28.13,BW06IE-2026,69,31.66,,
90981-13085,33.73,a,27.57,BW08A2-2026,0,30.81,,
90981-AD006,31.28,a,26.81,BW07A-2025,386,37.57,,
90982-05035,24.59,a,19.91,BW03A-2026,158,23.91,,
90982-05069,33.20,a,28.52,BW03A-2026,158,23.76,,
90982-06024,16.49,a,13.48,BW08A2-2026,0,15.94,,
90982-08203,13.51,a,11.17,BW11A-2025,272,16.82,,
90982-08295,16.36,a,15.00,BW03A-2025,516,15.17,,
90982-09014,7.16,a,5.86,BW08A-2026,14,6.87,,
90987-02006,59.47,a,43.83,BW07IE-2026,19,51.60,,
90999-73115,18.33,a,15.78,BW10A2-2025,316,19.10,,
90999-73135,33.91,a,25.97,BW08A2-2026,0,35.84,,
90999-73144,4.69,a,3.71,BW06IE-2026,69,4.41,,
90999-73156,12.00,a,10.16,BW03A-2026,158,11.75,,
91511-B0825,1.67,a,1.37,BW08A2-2026,0,#N/A,,
91512-81035,1.81,a,1.40, BW06A-2026 ,53,1.91,,
91552-L1480,6.24,a,5.13,BW08A2-2026,0,0.00,,
91611-G0820,2.28,a,1.85,BW06IE-2026,69,2.20,,
91651-B0814,1.97,a,1.24,BW07B-2026,47,2.06,,
91674-E1028,2.13,a,1.74,BW08A-2026,14,#N/A,,
91674-K1240,3.32,a,2.31,BW03A-2026,158,3.05,,
93520-54010,1.40,a,1.05,BW03A-2026,158,0.00,,
94115-71200,1.90,a,1.49,BW06IE-2026,69,1.80,,
94151-21201,1.78,a,1.40,BW08A-2026,14,1.65,,
94151-21241,2.10,a,1.40,BW08A2-2026,0,2.46,,
94151-21401,2.14,a,1.75,BW08A2-2026,0,2.20,,
94151-21601,3.34,a,1.92,BW07B-2026,47,3.27,,
94184-01001,2.51,a,2.05, BW02A-2026 ,194,2.35,,
94184-61001,2.61,a,1.10,BW07IE-2026,19,5.03,,
94185-61000,1.84,a,1.48,BW07IE-2026,19,1.91,,
94188-01201,2.91,a,2.00,BW08A-2026,14,2.86,,
95161-30416,2.79,a,2.27,BW08A-2026,14,#N/A,,
95161-30516,2.08,a,1.70,BW08A-2026,14,2.06,,
95381-04045,1.30,a,1.06,BW08A2-2026,0,#N/A,,
96411-43500,7.40,a,5.77,BW08A2-2026,0,8.04,,
96411-45000,7.53,a,5.93,BW08A-2026,14,7.93,,
96451-00600,2.82,a,2.14,BW02AS-2026,174,2.57,,
96711-24030,4.18,a,3.39,BW07B-2026,47,4.55,,
96721-24015,4.27,a,3.45,BW06IE-2026,69,3.97,,
96721-24020,2.97,a,2.42, BW06A-2026 ,53,3.38,,
96723-35028,5.20,a,3.94,BW07B-2026,47,4.77,,
96761-24040,5.76,a,4.42,BW06A-2026,53,5.33,,
99132-11230-76,4.18,a,3.05, BW07B-2026 ,47,4.92,,
99132-21230-76,8.22,a,4.31,BW07B-2026,47,7.09,,
99332-10910-8T,15.42,a,12.79,BW06A2-2026,62,14.69,,
99332-11300,45.11,a,36.87,BW08A2-2026,0,41.39,,
99366-C2200,167.84,a,143.79,BW08A-2026,14,162.32,,
99366-H1680,140.71,a,114.51, BW08A-2026 ,14,131.44,,
99366-H1810,155.49,a,127.14,BW08A-2026,14,147.30,,
99367-31350,138.58,a,112.72,BW06A2-2026,62,129.75,,
99367-H2120,198.14,a,162.01,BW08A-2026,14,190.42,,
99367-K1550,149.46,a,124.42,BW08A-2026,14,135.29,,
99914-11214,13.86,a,12.40,BW05A2-2025,449,11.05,,
SU003-00394,67.79,a,52.50,BW06IE-2026,69,73.34,,
SU003-04554,274.81,Net Price,258.45,NMC-2025,911,364.20,,
04111-11026,273.09,a,250.21,5102-4000,371,#N/A,,
04111-20630,845.74,a,683.14, 5102-4000 ,174,#N/A,,
04111-74592,444.97,a,384.63,5102-4000,204,#N/A,,
04152-38020,35.67,a,27.41,5102-4000,74,#N/A,,
04152-YZZA7,14.98,a,13.64,5102-4000,223,#N/A,,
04311-35080,27.04,Net Price,26.90,5102-4000,1765,#N/A,,
04313-60190,19.34,Net Price,19.25,5102-4000,1575,#N/A,,
04375-60070,85.42,Net Price,84.99, 5102-4000 ,1377,#N/A,,
04412-0K510,80.61,Net Price,80.41,5102-4000,1258,#N/A,,
04428-02A90,184.14,Net Price,183.68,5102-4000,1204,#N/A,,
04428-02B00,184.52,Net Price,183.77,5102-4000,1324,#N/A,,
04438-06410,148.69,Net Price,147.95,5102-4000,1701,#N/A,,
04445-26141,111.17,a,106.23, 5102-4000 ,202,#N/A,,
04445-35180,268.67,a,236.79,5102-4000,358,#N/A,,
04445-50040,247.82,a,209.94, 5102-4000 ,753,#N/A,,
04465-05090,163.53,Net Price,163.12,5102-4000,2310,#N/A,,
04465-0K130,159.30,Net Price,157.12,5102-4000,865,#N/A,,
04465-0K420,177.19,a,157.47,5102-4000,124,#N/A,,
04465-28520,231.69,a,199.22,5102-4000,158,#N/A,,
04465-30320,122.65,Net Price,122.04,5102-4000,973,#N/A,,
04465-30340,196.46,a,166.01,5102-4000,14,191.04,,
04465-33210,147.10,Net Price,146.36,5102-4000,1898,#N/A,,
04465-37220,205.93,Net Price,205.93,5102-4000,1324,#N/A,,
04465-37340,263.19,Net Price,262.53,5102-4000,1352,#N/A,,
04465-47070,146.46,a,131.93,5102-4000,131,#N/A,,
04465-50070,261.72,a,242.34,5102-4000,677,#N/A,,
04465-BZ170,127.58,a,119.39,5102-4000,777,#N/A,,
04465-YZZAB,76.92,Net Price,80.96,5102-4000,1701,#N/A,,
04465-YZZF4,98.44,Net Price,98.38,5102-4000,1399,#N/A,,
04465-YZZQ9,177.73,a,148.37,5102-4000,491,#N/A,,
04466-47101,114.33,a,99.44,5102-4000,175,#N/A,,
04466-YZZAA,112.61,a,105.38,5102-4000,770,#N/A,,
04466-YZZAN,85.15,a,75.68,5102-4000,69,#N/A,,
04474-35100,42.65,a,39.50,5102-4000,635,#N/A,,
04478-22040,46.64,a,43.19,5102-4000,677,#N/A,,
04478-33160,85.16,a,65.11,5102-4000,118,#N/A,,
04493-0K010,104.75,a,50.52,5102-4000,202,#N/A,,
04495-0K120,177.32,a,144.78,5102-4000,62,163.50,,
04495-26250,172.30,a,148.49,5102-4000,158,172.72,,
04495-42080,124.08,a,104.56,5102-4000,47,#N/A,,
04906-35140,18.19,Net Price,18.10,5102-4000,1703,#N/A,,
04945-02250,58.22,Net Price,58.07,5102-4000,1225,#N/A,,
04947-02150,48.94,Net Price,48.78,5102-4000,1324,#N/A,,
04947-22050,43.06,a,38.00,5102-4000,124,#N/A,,
08813-80013,35.31,a,29.43, 5102-4000 ,62,#N/A,,
08823-80270,16.17,a,13.46,5102-4000,272,#N/A,,
08885-02906,66.25,a,50.89,5102-4000,53,#N/A,,
08886-02806,29.84,a,28.31,5102-4000,553,#N/A,,
08886-80807,25.30,Net Price,25.17,5102-4000,371,#N/A,,
08886-81250,45.18,a,43.43,5102-4000,666,#N/A,,
09116-60020,20.02,Net Price,19.92,5102-4000,635,#N/A,,
11115-11071,88.08,a,54.20,5102-4000,202,#N/A,,
11115-13050,22.87,Net Price,22.76,5102-4000,736,#N/A,,
11115-30032-B0,117.99,a,89.13,5102-4000,371,#N/A,,
11115-64190-05,124.60,a,99.65,5102-4000,175,#N/A,,
11115-75010,54.86,a,26.19,5102-4000,202,#N/A,,
11115-75020,61.19,a,40.28,5102-4000,202,#N/A,,
11115-75090,125.85,a,102.64,5102-4000,223,114.73,,
11126-15020,12.77,Net Price,12.74,5102-4000,2310,#N/A,,
11132-31010,9.31,Net Price,9.26,5102-4000,1898,#N/A,,
1115A-75010,6.26,a,5.06, 5102-4000 ,158,#N/A,,
11188-62010,17.95,a,14.36,5102-4000,13,18.51,,
11201-75073,300.73,Net Price,300.98,5102-4000,1575,#N/A,,
11214-75012,20.13,a,17.52,5102-4000,14,19.57,,
11310-38060,1191.26,a,1003.20,5102-4000,53,#N/A,,
11320-30021,344.10,Net Price,344.10,5102-4000,677,#N/A,,
11410-79025,3406.75,Net Price,3398.23,5102-4000,1204,#N/A,,
11497-21010,5.93,a,3.01,5102-4000,202,#N/A,,
11551-31011,7.62,Net Price,7.59,5102-4000,1303,#N/A,,
11701-58010-02,37.50,a,33.80,5102-4000,484,#N/A,,
11801-17010,15.13,a,14.01,5102-4000,491,#N/A,,
12204-38010,29.11,a,22.17, 5102-4000 ,26,#N/A,,
12261-66021,25.04,a,20.81,5102-4000,428,#N/A,,
12262-20020,26.09,a,21.65,5102-4000,316,#N/A,,
12262-66030,21.51,a,18.01,5102-4000,62,#N/A,,
12305-22361,314.17,a,253.77,5102-4000,175,#N/A,,
12309-0H071,133.21,a,120.83,5102-4000,375,#N/A,,
12361-17040,160.08,a,137.23,5102-4000,124,#N/A,,
12361-30143,216.54,a,179.20,5102-4000,53,#N/A,,
12363-31040,128.74,a,121.31,5102-4000,705,#N/A,,
12372-21150,208.72,a,179.90,5102-4000,124,#N/A,,
12372-28280,194.14,a,160.12,5102-4000,124,#N/A,,
12372-36040,251.14,a,207.80,5102-4000,194,#N/A,,
13011-22221,244.17,a,206.39,5102-4000,236,#N/A,,
13011-23073,243.33,a,203.29,5102-4000,194,#N/A,,
13011-58090,628.46,a,390.85,5102-4000,26,445.69,,
13011-75120,216.89,Net Price,217.07,5102-4000,2310,#N/A,,
13011-77041,670.30,Net Price,702.05, 5102-4000 ,1834,#N/A,,
13013-13030,192.03,Net Price,191.55,5102-4000,2310,#N/A,,
13013-16280,116.54,a,111.35,5102-4000,202,#N/A,,
13041-30020-03,25.38,a,23.14, 5102-4000 ,484,#N/A,,
13070-36011,455.68,a,377.05,5102-4000,246,#N/A,,
13101-21160,39.36,Net Price,39.16,5102-4000,736,#N/A,,
13101-22170,94.76,a,87.42,5102-4000,615,102.46,,
13101-54101-02,369.04,a,338.65,5102-4000,470,#N/A,,
13101-64200-02,86.29,a,82.45,5102-4000,202,#N/A,,
13103-73010,92.93,Net Price,92.47,5102-4000,1377,#N/A,,
13103-74160,92.88,Net Price,92.65,5102-4000,2310,#N/A,,
13103-75041,144.90,a,126.72,5102-4000,371,#N/A,,
13105-54070,194.62,Net Price,194.14,5102-4000,2310,#N/A,,
13506-73010,86.70,Net Price,86.27,5102-4000,1617,#N/A,,
13507-0E011,184.04,a,152.29,5102-4000,272,#N/A,,
13711-24011,19.14,Net Price,19.04,5102-4000,944,#N/A,,
13715-15010,36.58,Net Price,36.40,5102-4000,1868,#N/A,,
13751-46040,20.51,a,17.96,5102-4000,175,23.83,,
13753-64490,13.50,a,12.25,5102-4000,601,#N/A,,
15100-27030,277.52,a,229.63,5102-4000,329,#N/A,,
15100-28040,153.21,Net Price,154.41,5102-4000,628,#N/A,,
15100-44020,133.99,Net Price,136.74,5102-4000,1725,#N/A,,
15100-70030,114.96,a,109.84,5102-4000,202,#N/A,,
15100-97401,112.01,a,74.26,5102-4000,202,#N/A,,
15115-31040,38.58,a,29.87,5102-4000,47,35.26,,
15147-46010,3.98,a,3.39,5102-4000,124,#N/A,,
15188-38030,17.84,a,16.54,5102-4000,484,#N/A,,
15330-46011,201.45,a,166.69,5102-4000,283,#N/A,,
15407-67010,45.39,a,36.66,5102-4000,174,#N/A,,
15678-28010,9.14,a,8.17, 5102-4000 ,300,9.33,,
15710-31090,841.69,Net Price,841.59,5102-4000,1191,#N/A,,
16031-24011,62.45,a,47.41,5102-4000,131,#N/A,,
16100-29085,328.67,a,276.46,5102-4000,47,321.78,,
16110-19106,115.42,Net Price,114.74,5102-4000,1703,#N/A,,
16261-48040,15.41,Net Price,15.36,5102-4000,1324,#N/A,,
16264-66030,11.66,a,10.25,5102-4000,122,#N/A,,
16307-64022,201.05,a,192.10,5102-4000,202,#N/A,,
16363-0V370,257.44,Net Price,257.41,5102-4000,1160,#N/A,,
16363-75020,414.33,a,362.29,5102-4000,124,#N/A,,
16401-31822,27.07,Net Price,26.94,5102-4000,1825,#N/A,,
16571-38101,42.97,a,39.07,5102-4000,158,#N/A,,
16577-22H01,53.40,a,37.34,5102-4000,174,#N/A,,
16593-25030,10.48,Net Price,10.43,5102-4000,944,#N/A,,
16601-28050,112.42,a,93.43,5102-4000,194,#N/A,,
16620-0W093,272.72,a,233.57,5102-4000,124,#N/A,,
16711-0N041,121.42,Net Price,120.81, 5102-4000 ,1279,#N/A,,
16711-0V200,150.15,Net Price,148.95,5102-4000,1260,#N/A,,
16711-28300,155.30,Net Price,154.52,5102-4000,1748,#N/A,,
17109-31015,596.49,a,496.06,5102-4000,158,#N/A,,
17176-31130,30.39,a,22.86,5102-4000,202,#N/A,,
17378-51010,7.25,a,5.92,5102-4000,175,#N/A,,
17451-67010,25.55,a,17.27,5102-4000,202,#N/A,,
17801-0Y070,46.92,Net Price,46.92,5102-4000,1191,#N/A,,
17801-11090,36.93,Net Price,36.75,5102-4000,1798,#N/A,,
17801-30050,83.90,Net Price,87.87,5102-4000,1534,#N/A,,
17801-54100-8T,73.39,Net Price,73.02,5102-4000,1701,#N/A,,
17801-BZ150,55.90,a,47.16,5102-4000,116,53.03,,
19145-26060,18.30,a,15.34,5102-4000,124,18.11,,
19850-26010,52.77,a,47.83, 5102-4000 ,223,#N/A,,
22100-0E020,2338.76,a,2142.53,5102-4000,442,#N/A,,
22104-6A290,41.47,Net Price,41.28,5102-4000,428,#N/A,,
22176-54020,33.64,Net Price,33.47, 5102-4000 ,847,#N/A,,
22271-21060,7.51,a,5.78,5102-4000,69,#N/A,,
22271-75031,5.29,a,4.23,5102-4000,124,#N/A,,
22790-17840,498.93,a,421.09,5102-4000,204,#N/A,,
23030-79035,88.65,Net Price,88.21,5102-4000,1609,#N/A,,
23100-BZ220,271.29,Net Price,285.57,5102-4000,1559,#N/A,,
23220-0C211,296.14,Net Price,294.66,5102-4000,1559,#N/A,,
23220-31430,547.97,a,498.31,5102-4000,175,564.79,,
23239-21010,1.60,a,1.55,5102-4000,491,#N/A,,
23270-28052,196.35,a,82.09,5102-4000,202,#N/A,,
23300-31110,70.27,a,67.14,5102-4000,202,#N/A,,
27357-17080,151.23,Net Price,150.85, 5102-4000 ,1225,#N/A,,
27444-21190,1.45,Net Price,1.44, 5102-4000 ,1303,#N/A,,
28100-31141,884.89,a,739.13,5102-4000,26,#N/A,,
28140-0L260,50.89,Net Price,50.64, 5102-4000 ,1448,#N/A,,
28142-70020,5.42,a,4.33, 5102-4000 ,124,#N/A,,
31204-35050,30.07,a,25.74,5102-4000,204,#N/A,,
31210-12053,102.03,a,97.49,5102-4000,202,#N/A,,
31210-22101,275.28,Net Price,273.91,5102-4000,747,#N/A,,
31230-60260,166.99,a,151.42, 5102-4000 ,202,#N/A,,
31250-05021,216.62,Net Price,216.08,5102-4000,2310,#N/A,,
31250-33032,243.66,a,222.56,5102-4000,470,#N/A,,
31250-35374,345.42,a,328.74, 5102-4000 ,973,#N/A,,
31250-52080,119.79,a,109.00,5102-4000,202,#N/A,,
31250-60452,420.50,a,351.02,5102-4000,74,#N/A,,
31470-0K051,137.44,a,110.17,5102-4000,14,149.40,,
33346-0K020,14.75,Net Price,14.68,5102-4000,1801,#N/A,,
33365-35021,4.36,Net Price,4.34,5102-4000,1617,#N/A,,
33366-35041,3.83,Net Price,3.81,5102-4000,1575,#N/A,,
33394-36020,5.97,a,5.25,5102-4000,295,#N/A,,
33421-26110,696.56,a,562.64,5102-4000,175,#N/A,,
35168-B1020,49.19,a,37.51,5102-4000,813,#N/A,,
35469-0K050,19.14,Net Price,19.05,5102-4000,1324,#N/A,,
35682-73020,23.08,Net Price,22.97,5102-4000,1324,#N/A,,
35743-33040,962.37,Net Price,957.56,5102-4000,1324,#N/A,,
36221-60090,789.59,a,731.12,5102-4000,539,#N/A,,
41231-40011,39.08,a,32.66,5102-4000,266,#N/A,,
41651-30070,72.38,a,69.16,5102-4000,185,#N/A,,
41653-24050,13.97,Net Price,13.85,5102-4000,956,#N/A,,
42321-36060,11.69,a,9.78,5102-4000,204,#N/A,,
42423-60030,18.55,a,16.94,5102-4000,131,#N/A,,
42430-39145,1680.89,Net Price,1672.49,5102-4000,1494,#N/A,,
42450-60050,460.91,a,407.25,5102-4000,104,560.06,,
42450-60070,502.91,a,412.47,5102-4000,14,513.20,,
42602-06130,107.28,Net Price,107.01,5102-4000,1260,#N/A,,
42602-0D380,95.02,Net Price,95.02,5102-4000,1258,#N/A,,
42611-12A10,223.33,Net Price,222.77,5102-4000,2310,#N/A,,
43204-60032,69.22,a,55.87,5102-4000,69,#N/A,,
43330-39165,156.64,Net Price,156.62,5102-4000,2310,#N/A,,
43330-39506,100.18,a,95.72,5102-4000,202,#N/A,,
43330-39835,93.71,a,89.54,5102-4000,202,#N/A,,
43401-60100,409.37,a,344.97,5102-4000,26,#N/A,,
43502-60190,239.71,a,210.00,5102-4000,175,#N/A,,
43512-0K070,268.80,Net Price,267.46,5102-4000,984,#N/A,,
43512-0K090,275.83,a,233.67,5102-4000,348,#N/A,,
43512-47040,143.04,Net Price,142.32,5102-4000,736,#N/A,,
43512-60151,424.65,a,355.41,5102-4000,53,#N/A,,
44310-26390,820.37,Net Price,820.27,5102-4000,1251,#N/A,,
44320-35610,1232.75,a,1054.73,5102-4000,202,#N/A,,
44320-60220,1044.81,a,967.44,5102-4000,650,#N/A,,
44348-26250,90.18,a,73.99,5102-4000,316,#N/A,,
44348-33070,122.50,a,97.17, 5102-4000 ,14,126.30,,
44410-60751,850.11,a,686.67,5102-4000,175,#N/A,,
45046-69135,86.99,a,76.05, 5102-4000 ,131,#N/A,,
45260-60100,564.97,a,515.72, 5102-4000 ,158,#N/A,,
45292-35050,24.64,a,21.09,5102-4000,236,#N/A,,
45490-39456,157.01,a,150.02,5102-4000,202,#N/A,,
45503-19125,148.53,Net Price,147.79,5102-4000,2060,#N/A,,
45503-29836,172.58,a,156.09,5102-4000,26,#N/A,,
45503-69015,291.37,a,244.09,5102-4000,53,#N/A,,
45535-13010,20.97,a,18.93,5102-4000,272,#N/A,,
45535-22080,22.44,Net Price,22.33,5102-4000,684,#N/A,,
45535-24040,34.23,a,28.54,5102-4000,158,#N/A,,
46410-60830,86.96,a,80.52,5102-4000,470,#N/A,,
46420-42070,80.48,Net Price,80.08,5102-4000,1491,#N/A,,
46420-60030,74.04,a,71.03,5102-4000,515,#N/A,,
46430-35571,94.58,a,87.83, 5102-4000 ,538,#N/A,,
47050-60043,4889.23,a,4527.17,5102-4000,553,#N/A,,
47062-60290,97.75,a,75.10,5102-4000,62,#N/A,,
47510-36180,115.95,Net Price,115.93,5102-4000,2310,#N/A,,
47715-22080,8.49,a,8.12,5102-4000,202,#N/A,,
47716-33110,7.25,Net Price,7.22,5102-4000,1544,#N/A,,
47730-0K071,790.96,Net Price,787.01, 5102-4000 ,1760,#N/A,,
47730-48130,586.03,Net Price,584.57,5102-4000,2310,#N/A,,
47730-60280,740.19,a,682.94,5102-4000,304,#N/A,,
47743-33340,5.79,a,3.79,5102-4000,158,#N/A,,
47748-60280,4.72,a,4.09,5102-4000,175,#N/A,,
48046-60100,77.61,a,71.86,5102-4000,539,#N/A,,
48061-60040,62.94,a,56.84,5102-4000,175,#N/A,,
48068-05080,247.21,Net Price,243.51,5102-4000,512,#N/A,,
48090-35011,431.73,a,217.21,5102-4000,202,#N/A,,
48212-6A040,230.04,Net Price,228.89,5102-4000,1933,#N/A,,
48231-60E10,168.99,a,151.49,5102-4000,175,#N/A,,
48231-6B040,264.99,a,247.31,5102-4000,726,#N/A,,
48306-0K040,50.59,a,39.12,5102-4000,53,52.11,,
48306-37030,67.44,Net Price,67.27,5102-4000,2231,#N/A,,
48510-09R30,482.21,a,415.62,5102-4000,62,#N/A,,
48510-69645,470.40,a,359.96,5102-4000,175,#N/A,,
48510-A9280,295.26,Net Price,295.26,5102-4000,2310,#N/A,,
48511-12290,105.94,Net Price,105.41,5102-4000,1418,#N/A,,
48511-80165,125.65,a,109.88,5102-4000,131,#N/A,,
48530-49215,477.39,Net Price,475.00,5102-4000,1418,#N/A,,
48530-59335,275.93,Net Price,274.55,5102-4000,974,#N/A,,
48530-69516,135.14,a,117.71,5102-4000,104,#N/A,,
48531-0K070,99.25,Net Price,99.00,5102-4000,1169,#N/A,,
48540-09590,395.38,Net Price,394.39,5102-4000,2310,#N/A,,
48602-39025,902.32,a,857.84,5102-4000,715,#N/A,,
48609-42040,138.59,a,119.13,5102-4000,124,#N/A,,
48654-50010,71.91,a,63.78,5102-4000,459,#N/A,,
48655-0K090,91.88,a,77.68,5102-4000,26,129.24,,
48655-33040,30.29,a,28.94,5102-4000,202,#N/A,,
48655-34010,134.52,a,103.84,5102-4000,26,#N/A,,
48702-60120,76.92,a,57.79,5102-4000,26,#N/A,,
48815-02230,16.41,a,14.00,5102-4000,53,#N/A,,
48815-26120,18.12,a,17.32,5102-4000,202,#N/A,,
48815-33090,17.31,a,8.10,5102-4000,202,#N/A,,
48815-42040,7.82,a,7.48,5102-4000,202,#N/A,,
48815-50112,12.86,a,12.29,5102-4000,202,#N/A,,
48818-12160,9.69,Net Price,9.55,5102-4000,551,#N/A,,
48910-60021,2057.81,a,1905.42, 5102-4000 ,553,#N/A,,
51442-33070,136.45,Net Price,135.77,5102-4000,973,#N/A,,
52030-58010,128.72,Net Price,128.39,5102-4000,2310,#N/A,,
52112-0K230,394.92,a,327.02,5102-4000,62,#N/A,,
52112-78060,172.06,Net Price,171.63,5102-4000,1377,#N/A,,
52114-06280,93.13,Net Price,93.12,5102-4000,1260,#N/A,,
52115-35153,72.18,a,66.52,5102-4000,461,#N/A,,
52119-60988,363.24,a,291.74,5102-4000,551,#N/A,,
52127-12903,10.54,a,10.13,5102-4000,1377,#N/A,,
52130-0K021,48.18,Net Price,47.94,5102-4000,1448,#N/A,,
52156-60070,86.82,a,70.13,5102-4000,158,#N/A,,
52207-60040,75.46,a,69.87,5102-4000,734,#N/A,,
52217-60070,17.36,a,13.86,5102-4000,131,#N/A,,
52512-35100-A0,40.62,a,37.14,5102-4000,428,#N/A,,
52534-0K040,23.40,a,22.13,5102-4000,979,#N/A,,
52536-42070,103.46,a,63.98,5102-4000,202,#N/A,,
53122-0K190,55.73,Net Price,55.59,5102-4000,1127,#N/A,,
53122-0K390,72.55,Net Price,72.32,5102-4000,1279,#N/A,,
53207-36090,146.91,Net Price,146.42,5102-4000,1703,#N/A,,
53285-42931,11.94,a,11.17,5102-4000,25,#N/A,,
53420-42140,46.82,a,37.82,5102-4000,175,#N/A,,
53450-0W071,171.92,Net Price,171.07,5102-4000,1664,#N/A,,
53801-60D50,629.97,a,426.92,5102-4000,202,#N/A,,
53802-12A80,363.44,Net Price,362.53,5102-4000,2310,#N/A,,
55447-60030-C0,13.96,Net Price,13.89,5102-4000,1534,#N/A,,
55962-36020-B0,6.38,a,6.10,5102-4000,202,#N/A,,
56116-22050,2.63,a,2.55,5102-4000,551,#N/A,,
61684-60020,14.07,Net Price,14.04,5102-4000,1169,#N/A,,
61698-12905,79.59,Net Price,79.19,5102-4000,973,#N/A,,
67620-90304,158.75,a,151.69,5102-4000,202,#N/A,,
67867-12150,0.69,a,0.65,5102-4000,118,#N/A,,
68152-60050,90.31,a,80.04,5102-4000,265,102.39,,
68172-02140,60.62,Net Price,60.45,5102-4000,1156,#N/A,,
68220-90K00,57.82,a,55.09,5102-4000,509,#N/A,,
68310-26020,78.73,a,75.23,5102-4000,202,#N/A,,
68390-26040,99.25,a,80.17,5102-4000,202,#N/A,,
68610-33091,109.13,a,87.46,5102-4000,202,#N/A,,
68760-60090,48.71,Net Price,48.59,5102-4000,1204,#N/A,,
68780-60060,48.71,Net Price,48.59,5102-4000,1204,#N/A,,
68801-60030,156.22,a,128.51,5102-4000,344,#N/A,,
69005-6C461,386.43,a,369.23,5102-4000,202,#N/A,,
69202-06050,64.60,Net Price,64.28,5102-4000,1494,#N/A,,
69210-33070,75.83,a,65.54,5102-4000,109,#N/A,,
69350-60061,68.03,a,65.00,5102-4000,202,#N/A,,
69410-87001,17.92,a,14.67,5102-4000,62,#N/A,,
75077-60050,19.20,Net Price,19.15,5102-4000,2323,#N/A,,
75311-33130,54.29,a,50.17,5102-4000,393,#N/A,,
75444-12B20,23.15,Net Price,23.03,5102-4000,1638,#N/A,,
75547-51021,5.91,a,3.47,5102-4000,551,#N/A,,
75710-33140,58.88,a,57.16,5102-4000,202,#N/A,,
75720-60070,58.51,a,49.98,5102-4000,158,#N/A,,
75730-60041,50.15,a,46.93,5102-4000,160,#N/A,,
75732-33110-A0,77.47,Net Price,77.08,5102-4000,1494,#N/A,,
75741-0K903,95.86,Net Price,95.38,5102-4000,1494,#N/A,,
76180-35031-A0,208.07,a,189.16,5102-4000,371,#N/A,,
77020-0K050,396.20,Net Price,396.15,5102-4000,1217,#N/A,,
77020-33511,660.73,Net Price,650.85,5102-4000,449,#N/A,,
77024-33340,125.28,Net Price,125.29,5102-4000,1225,#N/A,,
77024-35070,154.00,a,140.31,5102-4000,491,#N/A,,
77201-33282,221.93,a,147.88,5102-4000,202,265.89,,
77300-60010,25.71,a,24.57,5102-4000,202,#N/A,,
77350-12410,92.18,Net Price,91.72,5102-4000,1494,#N/A,,
77601-60230,54.86,a,45.90,5102-4000,295,#N/A,,
77651-0D070,9.07,Net Price,9.04,5102-4000,1260,#N/A,,
81106-0K010,118.22,Net Price,117.63,5102-4000,1418,#N/A,,
81111-20280,24.56,Net Price,24.44,5102-4000,973,#N/A,,
81130-60C82,32.16,a,30.73,5102-4000,202,#N/A,,
81131-52010,139.38,Net Price,138.68,5102-4000,973,#N/A,,
81170-0K370,339.37,Net Price,337.67,5102-4000,747,#N/A,,
81170-47181,382.07,Net Price,381.12, 5102-4000 ,2310,#N/A,,
81270-60201,137.26,a,123.18,5102-4000,175,#N/A,,
81278-95J07,32.48,a,28.92,5102-4000,329,#N/A,,
81551-90K09,150.46,a,134.26,5102-4000,344,157.48,,
81561-90K09,142.99,a,132.59,5102-4000,246,#N/A,,
81581-30490,344.08,Net Price,342.36,5102-4000,1933,#N/A,,
81730-51011,34.69,a,29.63,5102-4000,131,#N/A,,
81910-48020,57.00,a,54.46, 5102-4000 ,202,#N/A,,
82214-60050,32.34,a,27.40,5102-4000,358,#N/A,,
82662-06170,51.66,Net Price,51.40,5102-4000,974,#N/A,,
83320-0K010,92.12,a,57.63,5102-4000,202,90.31,,
83852-6D660,89.43,a,75.28,5102-4000,26,#N/A,,
84250-33190-C0,342.39,Net Price,342.39,5102-4000,1217,#N/A,,
85044-33090-A0,25.19,a,23.82,5102-4000,1106,#N/A,,
85044-60090-A2,18.72,Net Price,18.63,5102-4000,944,#N/A,,
85212-60032,39.70,Net Price,39.05,5102-4000,236,35.73,,
85214-50100,10.41,a,9.95,5102-4000,202,#N/A,,
85241-60110,44.16,a,42.20,5102-4000,202,#N/A,,
85321-30080,2.47,a,2.36,5102-4000,202,#N/A,,
85330-36160,79.30,a,75.77,5102-4000,202,#N/A,,
85349-89122,2.24,a,2.17,5102-4000,615,#N/A,,
85530-42010,42.86,a,40.34,5102-4000,295,#N/A,,
85535-33060,13.01,a,11.95,5102-4000,344,#N/A,,
85720-50080,637.90,a,603.23,5102-4000,1037,#N/A,,
86392-35032,16.95,a,15.01,5102-4000,266,#N/A,,
86510-50170,97.93,Net Price,97.44,5102-4000,1494,#N/A,,
86520-26200,65.15,Net Price,66.20,5102-4000,1160,#N/A,,
87139-30110,145.73,Net Price,147.13,5102-4000,956,#N/A,,
87930-60090,147.65,Net Price,146.43,5102-4000,670,#N/A,,
87961-60B00,54.23,a,50.75,5102-4000,1068,#N/A,,
87961-60B20,62.37,a,47.02,5102-4000,175,#N/A,,
88410-33150,346.19,a,330.78,5102-4000,202,#N/A,,
88501-12500,615.62,Net Price,614.08,5102-4000,2248,#N/A,,
88718-1E150,16.53,a,14.31,5102-4000,53,#N/A,,
89170-50170,948.88,Net Price,944.14,5102-4000,1494,#N/A,,
89173-59335,136.77,Net Price,136.78,5102-4000,1127,#N/A,,
89293-60081,392.59,Net Price,390.63,5102-4000,1494,#N/A,,
89348-71010-A1,5.02,a,4.63,5102-4000,295,#N/A,,
89407-60040,472.39,a,397.26,5102-4000,131,#N/A,,
89491-36080,520.28,Net Price,519.78,5102-4000,1377,#N/A,,
89904-20030,352.63,Net Price,369.34,5102-4000,1463,#N/A,,
89904-48E90,394.93,Net Price,395.17,5102-4000,1160,#N/A,,
89960-42100,232.92,Net Price,231.76,5102-4000,1933,#N/A,,
90080-19017,170.42,Net Price,169.99,5102-4000,2042,#N/A,,
90080-36217,62.79,a,59.99,5102-4000,202,#N/A,,
90084-98062,6.62,a,3.62,5102-4000,202,#N/A,,
90113-10003,1.22,a,1.08,5102-4000,194,#N/A,,
90116-10171,1.96,a,1.83,5102-4000,126,#N/A,,
90117-14181,42.34,a,36.38,5102-4000,194,#N/A,,
90119-12314,6.04,a,5.01,5102-4000,236,#N/A,,
90170-14026,1.60,a,1.41,5102-4000,449,#N/A,,
90170-20003,2.80,a,2.51,5102-4000,414,#N/A,,
90171-28006,8.96,Net Price,8.92,5102-4000,1834,#N/A,,
90179-10128,2.56,a,2.40,5102-4000,50,#N/A,,
90179-15006,2.05,a,1.74,5102-4000,358,#N/A,,
90210-08020,3.84,a,3.56,5102-4000,615,#N/A,,
90301-34004,1.96,a,1.88,5102-4000,202,#N/A,,
90301-43002,3.73,a,3.47, 5102-4000 ,615,#N/A,,
90301-T0014,5.86,a,3.44,5102-4000,371,#N/A,,
90304-80002,56.98,a,49.44,5102-4000,245,57.73,,
90310-26023,7.40,a,4.96,5102-4000,202,#N/A,,
90310-35010,11.87,a,10.87,5102-4000,449,#N/A,,
90311-34023,13.05,a,11.84,5102-4000,223,#N/A,,
90311-34044,15.35,a,12.17, 5102-4000 ,69,#N/A,,
90311-34047,14.42,a,11.65, 5102-4000 ,158,#N/A,,
90311-35017,12.60,Net Price,12.54,5102-4000,806,#N/A,,
90311-35056,11.80,a,10.38, 5102-4000 ,236,#N/A,,
90311-38068,13.66,a,12.65,5102-4000,539,#N/A,,
90311-40038,15.20,a,13.52, 5102-4000 ,62,#N/A,,
90311-47027,18.68,a,17.48,5102-4000,777,#N/A,,
90311-48022,18.35,a,14.75,5102-4000,202,#N/A,,
90311-48023,15.89,a,14.87,5102-4000,911,#N/A,,
90311-50005,10.53,a,9.58,5102-4000,371,#N/A,,
90311-50044,27.98,Net Price,27.55,5102-4000,705,#N/A,,
90311-54006,17.99,a,10.07,5102-4000,202,#N/A,,
90311-76002,64.48,a,53.87,5102-4000,69,#N/A,,
90311-89010,56.63,a,46.79,5102-4000,69,43.12,,
90311-99020,123.66,Net Price,123.35,5102-4000,2310,#N/A,,
90311-T0098,43.03,a,41.30,5102-4000,487,#N/A,,
90339-16001,5.48,a,4.72,5102-4000,74,#N/A,,
90341-10011,3.82,a,3.33,5102-4000,194,#N/A,,
90341-12012,6.14,a,5.13,5102-4000,47,#N/A,,
90361-07013,2.45,Net Price,2.44,5102-4000,979,#N/A,,
90363-25035,62.12,Net Price,61.81,5102-4000,1494,#N/A,,
90363-40022,33.55,a,32.06,5102-4000,202,#N/A,,
90366-62004,34.47,a,32.94,5102-4000,202,#N/A,,
90369-40009,89.59,a,75.30,5102-4000,104,#N/A,,
90369-T0003,137.48,a,121.85,5102-4000,236,#N/A,,
90385-18068,3.23,a,2.82,5102-4000,449,#N/A,,
90385-19003,4.62,a,4.01,5102-4000,222,4.77,,
90385-19006,5.66,a,4.88,5102-4000,272,#N/A,,
90385-23002,6.47,a,5.91,5102-4000,628,#N/A,,
90386-18002,3.67,Net Price,3.65,5102-4000,973,#N/A,,
90387-10162,7.41,a,7.07,5102-4000,491,#N/A,,
90430-12026,1.57,a,1.35,5102-4000,382,#N/A,,
90430-35001,2.29,a,1.85,5102-4000,175,#N/A,,
90445-17128,22.24,a,20.81,5102-4000,1068,#N/A,,
90467-07195,2.13,a,1.82,5102-4000,236,#N/A,,
90504-49001,9.13,a,8.45,5102-4000,491,#N/A,,
90904-30006,4.22,a,3.49,5102-4000,47,#N/A,,
90910-02121,6.89,a,6.25,5102-4000,175,#N/A,,
90910-02181,12.81,a,10.73,5102-4000,158,#N/A,,
90913-02088,4.82,a,4.61,5102-4000,202,#N/A,,
90913-02089,8.19,a,5.60,5102-4000,202,#N/A,,
90916-02059,54.78,Net Price,54.51,5102-4000,1494,#N/A,,
90916-02209-8T,20.25,a,17.41,5102-4000,124,#N/A,,
90916-02566,57.21,Net Price,56.92,5102-4000,1701,#N/A,,
90917-11022,34.03,a,31.38,5102-4000,449,#N/A,,
90919-01220,8.21,a,7.84,5102-4000,202,#N/A,,
90919-02258,175.57,a,150.58,5102-4000,74,#N/A,,
90947-02905,65.95,Net Price,65.63,5102-4000,1463,#N/A,,
90947-02F53,45.68,a,11.92,5102-4000,202,#N/A,,
90975-02127,37.94,a,32.02,5102-4000,329,#N/A,,
90981-17022,51.63,Net Price,51.63,5102-4000,1251,#N/A,,
90982-09016,5.72,Net Price,5.69,5102-4000,449,#N/A,,
90982-09025,1.32,Net Price,1.32,5102-4000,1112,#N/A,,
94512-00800,1.26,a,1.10,5102-4000,62,1.47,,
96711-24019,5.21,a,4.60,5102-4000,123,5.40,,
99132-12100-1,3.00,Net Price,2.98,5102-4000,1828,#N/A,,
99366-H1840,117.98,Net Price,117.69,5102-4000,2310,#N/A,,
214961LA0A,34.58,a,31.76,NI-0125,568,35.73,,
440838J010,2.28,a,2.17,NI-0125,568,2.39,,
14056VB004,16.88,a,15.49,NI-11U25,266,18.84,,
16701R8100,3.01,a,2.76,NI-0125,568,3.08,,
210104M526,105.25,a,96.49,NI-0625,441,136.47,,
112203XA0B,103.77,a,95.23,NI-0125,568,125.82,,
132700M301,30.69,a,28.19,NI-0125,568,32.43,,
562600W001,40.30,a,37.00,NI-0625,441,50.02,,
B1010W36XF,92.91,a,85.64,NI-0125,568,92.00,,
1203031U61,15.47,a,14.21,NI-0125,568,16.89,,
41083C7112,4.61,a,4.23,NI-0125,568,1.69,,
2245003J10,49.28,a,45.26,NI-0125,568,95.63,,
546132Y002,9.02,a,7.95,NI-0125,568,13.37,,
546134P007,11.47,a,10.53,NI-0125,568,10.50,,
808391LA1A,62.18,a,57.11,NI-0125,568,75.84,,
N50425DA2B,5.70,a,5.42,NI-0125,568,11.27,,
285E3EH12A,185.70,a,170.28,NI-0125,568,233.31,,
3314233G10,12.25,Net Price,11.49,NI-0125,570,10.39,,
4861126J00,117.86,a,108.24,NI-0125,568,150.87,,
0155301A50,0.97,Net Price,0.92,NI-0125,570,0.99,,
1446543G21,5.98,a,5.49,NI-0125,568,6.06,,
1192060UXA,22.23,a,20.42,NI-0425 0625,487,20.97,,
260606CA0A,601.97,a,506.21,NI-0226,201,617.57,,
16546JR50A,71.05,a,62.49,NI-0226,201,65.77,,
289131HA3A,2.74,a,2.35,NI-0226,201,3.82,,
301004M4X5,109.13,a,91.76,NI-0226,201,111.17,,
E43033TA1B,381.74,a,329.70,NI-0226,201,360.86,,
15066ZL80C,5.35,a,4.92,NI-02U25,544,2.46,,
15208BN30A,19.67,a,18.04,NI-02U25,545,17.55,,
16635J5570,1.57,a,1.44,NI-0425,481,1.58,,
21506EB70A,10.28,a,9.44,NI-0425,487,10.69,,
622273TA0A,12.27,a,11.27,NI-0425,481,16.38,,
1203306J11,335.57,a,308.19,NI-11U25,266,479.33,,
288901HA3D,17.66,Net Price,16.86,NI-0724,771,38.49,,
552267S001,17.08,Net Price,16.31,NI-1124,630,17.48,,
285E39UF7B,227.34,Net Price,215.98,NI-1124,630,,,
40225WJ100,9.43,Net Price,8.96,NI-0624,796,9.81,,
54667VW000,37.70,Net Price,35.99,NI-0624,796,50.94,,
33216CG01A,35.95,Net Price,34.32,NI-0624,799,35.73,,
550384JU0A,3.93,Net Price,3.74,NI-0624,796,3.12,,
11220JR50C,124.00,Net Price,117.80,NI-0624,796,108.93,,
623309HS0A,308.09,Net Price,292.68,NI-0624,799,361.41,,
38189N3112,30.59,Net Price,29.06,NI-0624,799,29.89,,
4413595F0A,1.87,Net Price,1.78,NI-0624,796,1.76,,
1661841B10,4.30,a,3.89,NI-0625,426,5.91,,
40224JK00A,8.20,a,7.06,NI-0625,417,7.75,,
12033EN20B,140.60,a,129.13,NI-0625,417,131.48,,
806713TA0D,35.05,Net Price,33.83,NI-0625,417,51.01,,
46211ZV01C,51.36,a,47.17,NI-0625,441,55.60,,
1640041BX0,30.86,a,27.79,NI-0625,441,62.73,,
32202B950A,7.00,a,6.43,NI-0625,426,6.94,,
N50425DA1B,5.84,Net Price,5.55,NMC-2025,945,2.20,,
850223BN1H,139.34,Net Price,132.37,NI-0724,771,226.89,,
117206N2X0,61.79,Net Price,58.70,NI-0125,569,71.06,,
66895EL000,37.16,a,34.13,NI-0725,413,48.11,,
14035ED000,61.14,a,57.90,NI-11U25,266,64.86,,
13270AU300,23.27,Net Price,22.06,NI-1224,616,25.78,,
727524CC0B,121.52,a,111.61,NI-0824,743,116.46,,
11950VB20A,27.81,Net Price,25.54,NI-0924,690,31.07,,
1327031U02,18.19,Net Price,17.28,NI-0724,749,17.89,,
4106MEB3X6,110.94,a,101.88,NI-0824,743,132.61,,
22401ED814,34.94,a,32.15,NI-0824,743,31.51,,
D406M1JZXA,80.08,a,73.61,NI-1224,616,78.37,,
5461801G0A,33.90,Net Price,32.36,NI-0724,749,47.71,,
1403653F01,8.70,Net Price,8.30,NI-0724,749,9.62,,
1203003J01,14.02,Net Price,13.32,NI-0724 0125,749,10.98,,
27220VJ400,372.77,a,342.41,NI-0125,568,428.47,,
1640306J0A,56.35,Net Price,51.67,NI-0824,743,68.64,,
620726FL0A,103.15,a,95.06,NI-0924,690,106.65,,
119208N2X0,26.36,Net Price,24.25,NI-0824,743,33.24,,
2069265J00,17.09,a,15.70,NI-0824,743,20.49,,
224011KT1B,59.58,Net Price,54.83,NI-0824,743,60.60,,
491213XM0B,50.31,Net Price,47.07,NI-1224,616,49.69,,
1226140F00,11.80,Net Price,10.98,NI-0924,690,11.53,,
12215CK800,5.74,Net Price,5.34,NI-1224,616,5.62,,
E61103S125,66.72,Net Price,62.07,NI-0924,690,71.36,,
132708P311,18.26,Net Price,16.98,NI-1224,616,19.94,,
622574BA0A,81.64,Net Price,75.96,NI-0924,690,117.59,,
32855H1010,4.36,a,4.00,NI-1224,616,2.28,,
628901KA0A,55.54,Net Price,51.21,NI-0924,690,58.39,,
13271EY00A,20.01,Net Price,18.81,NI-1224,616,21.78,,
1203040F0A,13.94,a,12.84,NI-0924,690,13.85,,
1305031U00,6.19,a,5.70,NI-1224,616,7.31,,
13270EN200,22.76,Net Price,21.18,NI-0924,690,23.76,,
D106M1HAXC,100.08,a,91.80,NI-1224,616,96.55,,
D106MJD0XA,120.08,Net Price,111.85,NI-0425,481,135.52,,
402064CE0A,207.22,Net Price,192.97,NI-0924,690,225.64,,
49122VZ00A,82.43,Net Price,76.76,NI-0924,690,73.71,,
12215BC20A,5.74,Net Price,5.35,NI-0924,690,6.24,,
14056VJ204,14.90,a,14.16,NI-11U25,266,16.49,,
1327070F01,25.73,a,23.68,NI-0924,690,26.48,,
1327170F00,9.56,Net Price,9.00,NI-0924,690,8.34,,
55269AG00E,2.48,a,2.29,NI-1225,256,2.61,,
13270JG30A,25.38,Net Price,23.63,NI-0924,690,24.28,,
54330ED000,8.54,a,7.84,NI-0125,568,9.92,,
132714M501,5.72,a,5.25,NI-1024,664,5.36,,
22401ED71B,63.02,Net Price,59.26,NI-1024,664,60.08,,
22401JA01B,58.96,Net Price,55.43,NI-0225,552,57.81,,
140366N200,24.07,Net Price,22.40,NI-1024,664,23.14,,
30223JA00A,1.22,Net Price,1.15,NI-1024,664,1.14,,
015532109E,6.40,Net Price,5.95,NI-1024,664,5.66,,
B8893CT18E,21.59,Net Price,20.09,NI-1024,664,19.06,,
16175JA00A,15.35,Net Price,14.29,NI-1024,664,16.49,,
16546T3400,58.52,Net Price,54.84,NI-02U25,544,43.15,,
3010095F0B,161.24,Net Price,148.30,NI-11U24,649,165.15,,
482030W025,52.99,Net Price,50.05,NI-11U24,649,57.07,,
224656N215,18.80,a,17.27,NI-11U24,649,17.30,,
631009HS0A,620.58,Net Price,587.34,NI-11U24,649,459.61,,
288951LA0A,19.29,a,17.74,NI-02U25,545,22.59,,
2240120J05,5.44,a,5.00,NI-1225,257,5.95,,
112201J50A,113.80,a,101.44,NI-11U25,266,123.98,,
54524JK000,296.51,a,264.31,NI-11U25,266,310.25,,
623104HB1B,408.60,a,364.24,NI-11U25,266,418.55,,
628901AA0A,50.43,a,44.96,NI-11U25,266,64.75,,
12303AD201,256.27,a,228.45,NI-11U25,266,250.17,,
A667006J0A,76.15,a,67.89,NI-11U25,266,62.43,,
441400V700,17.18,a,15.32,NI-11U25,266,17.26,,
1220831U00,11.32,a,10.09,NI-11U25,266,11.94,,
2069138U00,12.25,a,10.53,NI-11U25,266,13.99,,
622221KA0A,16.10,a,14.35,NI-11U25,266,19.10,,
1320795F0B,7.18,a,6.01,NI-11U25,266,7.86,,
21542CA000,15.77,a,14.06,NI-11U25,266,16.27,,
1520853J0A,13.44,a,11.98,NI-11U25,266,13.44,,
1351053J01,15.98,a,14.24,NI-11U25,266,12.27,,
54464CY00C,16.06,a,14.32,NI-11U25,266,13.37,,
164000W0X0,33.29,a,29.67,NI-11U25,266,38.97,,
1661810V05,5.67,a,4.90,NI-11U25,266,5.80,,
A3270JK20B,18.41,Net Price,17.37,NI-1224,617,20.38,,
92412EA500,221.64,Net Price,208.93,NI-1224,620,207.50,,
A3270JK20A,19.01,a,17.86,NI-1224,616,18.29,,
44140JA01A,18.79,a,17.26,NI-1224,617,18.66,,
620225RB0J,463.89,Net Price,427.47,NI-1224,620,211.90,,
622203XA0B,97.08,a,89.16,NI-1224,616,139.56,,
65722ED01A,4.20,a,3.86,NI-1224,616,4.96,,
66895ED50A,44.20,a,40.59,NI-0125,568,59.79,,
B8913JK00A,4.68,a,4.45,NI-0625,441,6.98,,
546682Y00A,28.49,a,26.17,NI-1224,616,70.14,,
9240059G00,17.27,a,15.86,NI-1224,616,20.57,,
5611036GXE,53.91,a,49.51,NI-1124,630,,,
E61AA1CB1C,297.41,Net Price,281.53,NI-1224,616,297.22,,
44139EB30A,21.49,a,20.11,NI-1124,630,21.74,,
54613JK06C,9.00,Net Price,8.50,NI-1224,617,9.55,,
11062ED01A,4.04,Net Price,3.84,NI-0125,568,4.00,,
4406001JX5,159.33,Net Price,150.44,NI-1224,620,208.82,,
441004M410,98.25,a,90.23,NI-1124,630,99.97,,
288904CC0C,60.30,a,55.42,NI-1124,630,59.02,,
14036EA200,45.08,a,42.44,NI-11U25,266,47.78,,
622203TA0A,12.15,a,11.16,NI-1224,616,15.31,,
3137531X01,4.09,a,3.76,NI-0625,441,4.30,,
54320AU701,107.95,a,99.14,NI-1224,616,132.76,,
13028JF00A,243.60,a,223.91,NI-1124,630,,,
285E31AA7A,187.37,Net Price,175.36,NI-1224,616,87.37,,
132704M500,21.97,a,20.18,NI-0125,568,23.32,,
56218CG020,17.90,a,16.48,NI-0625,441,20.31,,
1211731U10,10.38,a,9.53,NI-1224,616,10.21,,
22401ED816,34.62,a,31.80,NI-1224,616,35.48,,
A2010EA09C,87.64,a,80.49,NI-1224,616,183.26,,
D4100WK585,43.90,a,40.27,NI-0125,568,61.70,,
12117EA200,9.39,a,8.07,NI-1225,256,10.06,,
3050269F1A,51.30,a,45.52,NI-1225,256,51.97,,
807211CA0C,161.55,a,137.18,NI-1225,257,132.32,,
2536019P00,32.41,a,28.19,NI-1225,256,,,
255609GA8D,897.55,a,781.41,NI-1225,257,1069.51,,
638403JA0A,112.89,a,98.57,NI-1225,257,145.76,,
850181LA0H,132.62,a,112.55,NI-1225,256,149.62,,
305021W718,57.10,a,51.08,NI-0824,743,62.07,,
799161KA3A,11.77,a,10.60,NI-1225,256,6.21,,
113209N00A,222.84,a,195.75,NI-1225,255,244.18,,
D8680VS41A,450.95,a,394.22,NI-1225,256,384.55,,
11220JA10A,112.86,a,97.97,NI-1225,255,103.75,,
620766JF0C,179.62,a,154.26,NI-1225,255,206.54,,
11220JK31B,184.17,a,161.06, NI-1225 ,257,185.50,,
113203XA0A,158.78,a,141.94,NI-1225,257,165.41,,
82420VW000,141.34,a,122.87,NI-1225,255,173.20,,
1757106J01,4.98,a,4.32,NI-1225,255,5.99,,
226305X00D,143.65,a,117.80,NI-1225,256,181.53,,
1192585G0A,167.77,a,141.96,NI-1225,255,209.15,,
14056VW600,18.16,a,15.77,NI-1225,255,17.15,,
4972001J63,221.09,a,193.34,NI-1225,257,222.70,,
543213SH0C,109.10,a,95.41, NI-1225 ,257,117.45,,
921313XC0A,218.62,a,189.77, NI-1225 ,255,217.82,,
E45022S485,165.58,a,143.73,NI-1225,255,192.22,,
E45032S485,165.58,a,143.73, NI-1225 ,255,190.38,,
E4524VK385,243.51,a,212.32,NI-1225,257,264.79,,
21304JA11A,7.57,a,6.59,NI-1225,255,7.31,,
38320J2023,41.51,a,36.29,NI-1225,256,53.55,,
545253XA2A,375.96,a,326.83,NI-1225,257,360.20,,
620769PF0A,237.80,a,201.99,NI-1225,257,322.74,,
54034EA00A,27.92,Net Price,24.96,NI-1225,257,27.36,,
1194503G0A,163.54,a,143.02,NI-1225,257,208.01,,
63848VD24A,2.55,a,2.22,NI-1225,255,3.53,,
545001AA0C,430.42,a,352.96,NI-1225,256,525.83,,
54501JG00B,245.24,a,210.98,NI-1225,256,245.25,,
12117JK20A,8.97,a,8.04,NI-1225,256,10.87,,
545422S610,57.17,a,49.62,NI-1225,255,62.98,,
27276JN20A,10.92,a,9.56,NI-1225,256,13.44,,
12315JF70A,9.29,a,8.13,NI-1225,257,13.40,,
D8510VK90A,222.61,a,196.01, NI-1225 ,257,251.02,,
0145100841,1.83,a,1.64,NI-1225,257,1.84,,
430835JG0A,2.50,a,2.23,NI-1225,257,4.04,,
C97411LB0J,85.07,a,73.84,NI-1225,255,79.22,,
G2G1689900,37.96,a,33.20,NI-1225,257,38.67,,
1640502NX001,74.69,a,67.06,NI-1225,257,90.53,,
01125N0111,3.77,a,2.48,NI-5102,552,3.89,,
11720VJ2X0,19.21,Net Price,18.30,NI-5102,552,20.93,,
11927VC800,109.16,a,100.14,NI-5102,267,136.58,,
1211853F00,7.97,a,7.49,NI-5102,552,8.59,,
214104CG0A,876.17,Net Price,815.47,NI-5102,569,824.15,,
383421LB0A,18.23,Net Price,18.24,NMC-2025,869,17.48,,
11026HG00F,8.48,a,8.09,NI-5102,569,9.22,,
2150801G02,4.49,a,4.07,NI-5102,569,5.14,,
0155309241,2.56,Net Price,2.55, NMC-2025 ,869,2.64,,
112101HS3B,200.50,a,185.01,NI-5102,1107,299.93,,
11955JA10D,221.42,a,212.48,NI-5102,870,207.83,,
224015M014,36.35,Net Price,37.13,NMC-2025,841,31.14,,
02117245XC,19.57,Net Price,19.78,NMC-2025,945,21.56,,
11720EA200,101.29,a,95.90,NI-5102,796,152.89,,
1172030WXM,16.82,Net Price,16.82, NMC-2025 ,945,18.77,,
16546JK20B,44.80,a,42.68,NI-5102,744,42.05,,
02117010XC,18.84,Net Price,18.69,NI-5102,1065,20.24,,
02117935XC,17.02,Net Price,17.02, NMC-2025 ,945,22.62,,
12111AD20B,11.63,Net Price,10.46, NI-5102 ,842,11.97,,
B2401JA01JNW,63.84,Net Price,63.43, NI-5102 ,999,45.06,,
D40601UY6A,130.17,Net Price,123.66, NI-0624 ,799,137.06,,
117203WS0B,58.24,a,48.19,NI-1225,256,59.68,,
226807S00A,305.63,a,266.01,NI-5102,267,315.80,,
411343U800,18.88,a,15.62, NI-11U25 ,266,14.98,,
622224CL0A,21.66,a,20.06,NI-1224,616,24.68,,
16546EB70A,31.25,Net Price,29.68,NMC-2025,936,30.33,,
3285803E00,14.68,Net Price,14.09,NMC-2025,841,14.91,,
E6110EB74B,165.12,Net Price,158.45,NMC-2025,908,143.01,,
622103JA0A,70.94,Net Price,67.39,NMC-2025,945,117.04,,
3062056G0A,78.53,Net Price,74.60,NMC-2025,945,79.18,,
852263ST1A,15.30,Net Price,14.67,NMC-2025,876,27.87,,
132701CA0B,31.60,Net Price,30.02,NMC-2025,945,26.63,,
2626189965,6.36,Net Price,6.10,NMC-2025,908,5.88,,
C97DAJA00K,82.33,Net Price,79.81,NI-0125,570,84.17,,
1172043GXA,36.90,Net Price,35.06,NMC-2025,945,45.39,,
41060EE30J,166.42,Net Price,156.15,NMC-2025,257,209.77,,
D4060JA00J,126.98,Net Price,120.63,NMC-2025,945,112.64,,
44060EA026,155.38,Net Price,149.11,NMC-2025,841,153.44,,
0151500Q0C,2.48,Net Price,2.36,NMC-2025,945,2.94,,
2240192C1N,54.12,Net Price,51.93,NMC-2025,841,58.72,,
1195067SX1,18.25,Net Price,17.51,NMC-2025,908,50.72,,
D1060ZP00C,193.83,Net Price,186.00,NMC-2025,841,185.61,,
479505JG0A,115.20,Net Price,110.54,NMC-2025,945,188.14,,
852204CE0A,35.82,Net Price,34.03,NMC-2025,945,35.99,,
D40604EA0B,133.79,Net Price,128.39,NMC-2025,945,143.26,,
8085089922,1.42,Net Price,1.35,NMC-2025,945,1.36,,
27274EB725,100.31,Net Price,96.26, NMC-2025 ,876,84.06,,
622114CL0A,60.72,Net Price,58.26,NMC-2025,841,62.10,,
132708H301,23.63,Net Price,22.68,NMC-2025,936,24.17,,
132708J112,20.25,Net Price,19.42,NMC-2025,936,18.95,,
27274EB700,50.96,Net Price,48.90,NMC-2025,908,38.74,,
119202Y501,57.36,Net Price,55.04,NMC-2025,936,55.49,,
089129421A,1.48,Net Price,1.41, NMC-2025 ,945,1.14,,
22401V5016,4.76,Net Price,4.57,NMC-2025,869,3.27,,
224011P115,34.57,Net Price,33.18, NMC-2025 ,841,29.71,,
2240150Y06,6.10,Net Price,5.80, NMC-2025 ,908,5.47,,
0W20 SP-12X1L,166.99,a,110.60,OIL & LUB,,,,
0W20 SP-4X4L,199.99,a,141.80,OIL & LUB,,,,
10W40 SN - 208L,1849.91,a,1348.00,OIL & LUB,,,,
10W40 SN/CF - BULK,6.44,a,5.20, OIL & LUB ,,,,
15W40 CF-4 -4X4L,115.78,a,95.80,OIL & LUB,,,,
15W40 CI-4 - 208L,1849.91,a,1394.37,OIL & LUB,,,,
15W40 CI-4 - 20L,166.99,a,120.10,OIL & LUB,,,,
15W40 CI-4-4X5L,172.49,a,122.00, OIL & LUB ,,,,
15W40 CJ-4 - 208L,2140.98,a,1645.00, OIL & LUB ,,,,
15W40 CK-4 - 208L,1849.91,a,1320.52,OIL & LUB,,,,
15W40 CK-4 - 4X4L,138.50,a,114.60,OIL & LUB,,,,
20W50 CH-4 -208L,1449.93,a,1041.80,OIL & LUB,,,,
20W50 CH-4 -20L,139.99,a,104.00,OIL & LUB,,,,
20W50 CH-4 -4X5L,146.99,a,110.00,OIL & LUB,,,,
20W50 SL - 12X1L,111.49,a,71.00,OIL & LUB,,,,
5W30 SN - 12X1L,136.99,a,87.91,OIL & LUB,,,,
5W30 SN - 208L,2055.90,a,1507.00,OIL & LUB,,,,
5W30 SN - 4X4L,175.99,a,120.59,OIL & LUB,,,,
5W40 SN - 4X4L,177.99,a,113.20, OIL & LUB ,,,,
5W40 SN-12X1L,138.99,a,89.71,OIL & LUB,,,,
80W90 GL5-208L,1899.90,a,1437.00,OIL & LUB,,,,
85W140 GL-5 -208L,1899.90,a,1413.70,OIL & LUB,,,,
85W140 GL-5 -4X4L,177.99,a,101.80,OIL & LUB,,,,
85W90 GL-5 - 4X4L,166.99,a,106.60,OIL & LUB,,,,
ATF DEX III - 1X12L,98.86,a,81.80,OIL & LUB,,,,
ATF DEX III - 4X4L,133.49,a,97.00,OIL & LUB,,,,
BAT-KE115D31L,320.06,a,227.73,OIL & LUB,,,,
BAT-KE115D31R,320.06,a,227.73,OIL & LUB,,,,
BAT-KE55D23R,184.69,a,131.41, OIL & LUB ,,,,
BAT-KE95D31L,295.56,a,210.30,OIL & LUB,,,,
BAT-KEDIN100L,333.86,a,237.55, OIL & LUB ,,,,
BAT-KEDIN44L,164.49,a,117.04, OIL & LUB ,,,,
BAT-KEDIN55L,204.64,a,145.60,OIL & LUB,,,,
BAT-KEDIN74L,251.86,a,179.20,OIL & LUB,,,,
BAT-KEDIN88L,308.63,a,219.59, OIL & LUB ,,,,
BAT-KENS60L(S),161.60,a,114.99, OIL & LUB ,,,,
BRAKEOIL D3 - 24X500,125.99,a,76.00,OIL & LUB,,,,
BRAKEOIL D4 - 24X500,133.49,a,82.00,OIL & LUB,,,,
CLNT BLUE50% EV-4X4L,104.99,a,76.17,OIL & LUB,,,,
CLNT GRN 33% - 4X4L,80.00,a,60.32, OIL & LUB ,,,,
CLNT GRN50%-1X20L,114.99,a,79.00,OIL & LUB,,,,
CLNT RED 33% - 4X4L,80.00,a,62.60,OIL & LUB,,,,
CVT OIL - 12X1L,129.11,a,99.20,OIL & LUB,,,,
FLUSHING OIL,99.99,a,71.40,OIL & LUB,,,,
GREASE Li EP2,1988.90,a,1367.00,OIL & LUB,,,,
GREASE Li EP3,2011.40,a,1393.38,OIL & LUB,,,,
HYDOIL - 46 AW -20L,134.99,a,87.71, OIL & LUB ,,,,
HYDOIL - 68 AW - 208,1299.93,a,1089.01,OIL & LUB,,,,
HYDOIL - 68 AW - 20L,134.99,a,90.00,OIL & LUB,,,,
,,,,,,,,
,,,,,,,,
,,,,,,,,
,,,,,,,,
,,,,,,,,
,,,,,,,,
,,,,,,,,
,,,,,,,,
,,,,,,,,
,,,,,,,,
,,,,,,,,
,,,,,,,,
,,,,,,,,
,,,,,,,,
,,,,,,,,
,,,,,,,,
,,,,,,,,
,,,,,,,,
,,,,,,,,
,,,,,,,,
,,,,,,,,
,,,,,,,,
,,,,,,,,
,,,,,,,,
,,,,,,,,
,,,,,,,,
,,,,,,,,
,,,,,,,,
,,,,,,,,
,,,,,,,,
,,,,,,,,
,,,,,,,,
,,,,,,,,
,,,,,,,,
,,,,,,,,
,,,,,,,,
,,,,,,,,
,,,,,,,,
,,,,,,,,
,,,,,,,,
,,,,,,,,
,,,,,,,,
,,,,,,,,
,,,,,,,,
,,,,,,,,
,,,,,,,,
,,,,,,,,
,,,,,,,,
,,,,,,,,
,,,,,,,,
,,,,,,,,
,,,,,,,,
,,,,,,,,
,,,,,,,,
,,,,,,,,
,,,,,,,,
,,,,,,,,
,,,,,,,,
,,,,,,,,
,,,,,,,,
,,,,,,,,
,,,,,,,,
,,,,,,,,
,,,,,,,,
,,,,,,,,
,,,,,,,,
,,,,,,,,
,,,,,,,,
,,,,,,,,
,,,,,,,,
,,,,,,,,
,,,,,,,,
,,,,,,,,
,,,,,,,,
,,,,,,,,
,,,,,,,,
,,,,,,,,
,,,,,,,,
,,,,,,,,
,,,,,,,,
,,,,,,,,
,,,,,,,,
,,,,,,,,
,,,,,,,,
,,,,,,,,
,,,,,,,,
,,,,,,,,
,,,,,,,,
,,,,,,,,
,,,,,,,,
,,,,,,,,
,,,,,,,,
,,,,,,,,
,,,,,,,,
,,,,,,,,
,,,,,,,,
,,,,,,,,
,,,,,,,,
,,,,,,,,
,,,,,,,,
,,,,,,,,
,,,,,,,,
,,,,,,,,
,,,,,,,,
,,,,,,,,
,,,,,,,,
,,,,,,,,
,,,,,,,,
,,,,,,,,
,,,,,,,,
,,,,,,,,
,,,,,,,,
,,,,,,,,
,,,,,,,,
,,,,,,,,
,,,,,,,,
,,,,,,,,
,,,,,,,,
,,,,,,,,
,,,,,,,,
,,,,,,,,
,,,,,,,,
,,,,,,,,
,,,,,,,,
,,,,,,,,
,,,,,,,,
,,,,,,,,
,,,,,,,,
,,,,,,,,
,,,,,,,,
,,,,,,,,
,,,,,,,,
,,,,,,,,
,,,,,,,,
,,,,,,,,
,,,,,,,,
,,,,,,,,
,,,,,,,,
,,,,,,,,
,,,,,,,,
,,,,,,,,
,,,,,,,,
,,,,,,,,
,,,,,,,,
,,,,,,,,
,,,,,,,,
,,,,,,,,
,,,,,,,,
,,,,,,,,
,,,,,,,,
,,,,,,,,
,,,,,,,,
,,,,,,,,
,,,,,,,,
,,,,,,,,
,,,,,,,,
,,,,,,,,
,,,,,,,,
,,,,,,,,
,,,,,,,,
,,,,,,,,
,,,,,,,,
,,,,,,,,
,,,,,,,,
,,,,,,,,
,,,,,,,,
,,,,,,,,
,,,,,,,,
,,,,,,,,
,,,,,,,,
,,,,,,,,
,,,,,,,,
,,,,,,,,
,,,,,,,,
,,,,,,,,
,,,,,,,,
,,,,,,,,
,,,,,,,,
,,,,,,,,
,,,,,,,,
,,,,,,,,
,,,,,,,,
,,,,,,,,
,,,,,,,,
,,,,,,,,
,,,,,,,,
,,,,,,,,
,,,,,,,,
,,,,,,,,
,,,,,,,,
,,,,,,,,
,,,,,,,,
,,,,,,,,
,,,,,,,,
,,,,,,,,
,,,,,,,,
,,,,,,,,
,,,,,,,,
,,,,,,,,
,,,,,,,,
,,,,,,,,
,,,,,,,,
,,,,,,,,
,,,,,,,,
,,,,,,,,
,,,,,,,,
,,,,,,,,
,,,,,,,,
,,,,,,,,
,,,,,,,,
,,,,,,,,
,,,,,,,,
,,,,,,,,
,,,,,,,,
,,,,,,,,
,,,,,,,,
,,,,,,,,
,,,,,,,,
,,,,,,,,
,,,,,,,,
,,,,,,,,
,,,,,,,,
,,,,,,,,
,,,,,,,,
,,,,,,,,
,,,,,,,,
,,,,,,,,
,,,,,,,,
,,,,,,,,
,,,,,,,,
,,,,,,,,
,,,,,,,,
,,,,,,,,
,,,,,,,,
,,,,,,,,
,,,,,,,,
,,,,,,,,
,,,,,,,,
,,,,,,,,
,,,,,,,,
,,,,,,,,
,,,,,,,,
,,,,,,,,
,,,,,,,,
,,,,,,,,
,,,,,,,,
,,,,,,,,
,,,,,,,,
,,,,,,,,
,,,,,,,,
,,,,,,,,
,,,,,,,,
,,,,,,,,
,,,,,,,,
,,,,,,,,
,,,,,,,,
,,,,,,,,
,,,,,,,,
,,,,,,,,
,,,,,,,,
,,,,,,,,
,,,,,,,,
,,,,,,,,
,,,,,,,,
,,,,,,,,
,,,,,,,,
,,,,,,,,
,,,,,,,,
,,,,,,,,
,,,,,,,,
,,,,,,,,
,,,,,,,,
,,,,,,,,
,,,,,,,,
,,,,,,,,
,,,,,,,,
,,,,,,,,
,,,,,,,,
,,,,,,,,
,,,,,,,,
,,,,,,,,
,,,,,,,,
,,,,,,,,
,,,,,,,,
,,,,,,,,
,,,,,,,,
,,,,,,,,
,,,,,,,,
,,,,,,,,
,,,,,,,,
,,,,,,,,
,,,,,,,,
,,,,,,,,
,,,,,,,,
,,,,,,,,
,,,,,,,,
,,,,,,,,
,,,,,,,,
,,,,,,,,
,,,,,,,,
,,,,,,,,
,,,,,,,,
,,,,,,,,
,,,,,,,,
,,,,,,,,
,,,,,,,,
,,,,,,,,
,,,,,,,,
,,,,,,,,
,,,,,,,,
,,,,,,,,
,,,,,,,,
,,,,,,,,
,,,,,,,,
,,,,,,,,
,,,,,,,,
,,,,,,,,
,,,,,,,,
,,,,,,,,
,,,,,,,,
,,,,,,,,
,,,,,,,,
,,,,,,,,
,,,,,,,,
,,,,,,,,
,,,,,,,,
,,,,,,,,
,,,,,,,,
,,,,,,,,
,,,,,,,,
,,,,,,,,
,,,,,,,,
,,,,,,,,
,,,,,,,,
,,,,,,,,
,,,,,,,,
,,,,,,,,
,,,,,,,,
,,,,,,,,
,,,,,,,,
,,,,,,,,
,,,,,,,,
,,,,,,,,
,,,,,,,,
,,,,,,,,
,,,,,,,,
,,,,,,,,
,,,,,,,,
,,,,,,,,
,,,,,,,,
,,,,,,,,
,,,,,,,,
,,,,,,,,
,,,,,,,,
,,,,,,,,
,,,,,,,,
,,,,,,,,
,,,,,,,,
,,,,,,,,
,,,,,,,,
,,,,,,,,
,,,,,,,,
,,,,,,,,
,,,,,,,,
,,,,,,,,
,,,,,,,,
,,,,,,,,
,,,,,,,,
,,,,,,,,
,,,,,,,,
,,,,,,,,
,,,,,,,,
,,,,,,,,
,,,,,,,,
,,,,,,,,
,,,,,,,,
,,,,,,,,
,,,,,,,,
,,,,,,,,
,,,,,,,,
,,,,,,,,
,,,,,,,,
,,,,,,,,
,,,,,,,,
,,,,,,,,
,,,,,,,,
,,,,,,,,
,,,,,,,,
,,,,,,,,
,,,,,,,,
,,,,,,,,
,,,,,,,,
,,,,,,,,
,,,,,,,,
,,,,,,,,
,,,,,,,,
,,,,,,,,
,,,,,,,,
,,,,,,,,
,,,,,,,,
,,,,,,,,
,,,,,,,,
,,,,,,,,
,,,,,,,,
,,,,,,,,
,,,,,,,,
,,,,,,,,
,,,,,,,,
,,,,,,,,
,,,,,,,,
,,,,,,,,
,,,,,,,,
,,,,,,,,
,,,,,,,,
,,,,,,,,
,,,,,,,,
,,,,,,,,
,,,,,,,,
,,,,,,,,
,,,,,,,,
,,,,,,,,
,,,,,,,,
,,,,,,,,
,,,,,,,,
,,,,,,,,
,,,,,,,,
,,,,,,,,
,,,,,,,,
,,,,,,,,
,,,,,,,,
,,,,,,,,
,,,,,,,,
,,,,,,,,
,,,,,,,,
,,,,,,,,
,,,,,,,,
,,,,,,,,
,,,,,,,,
,,,,,,,,
,,,,,,,,
,,,,,,,,
,,,,,,,,
,,,,,,,,
,,,,,,,,
,,,,,,,,
,,,,,,,,
,,,,,,,,
,,,,,,,,
,,,,,,,,
,,,,,,,,
,,,,,,,,
,,,,,,,,
,,,,,,,,
,,,,,,,,
,,,,,,,,
,,,,,,,,
,,,,,,,,
,,,,,,,,
,,,,,,,,
,,,,,,,,
,,,,,,,,
,,,,,,,,
,,,,,,,,
,,,,,,,,
,,,,,,,,
,,,,,,,,
,,,,,,,,
,,,,,,,,
,,,,,,,,
,,,,,,,,
,,,,,,,,
,,,,,,,,
,,,,,,,,
,,,,,,,,
,,,,,,,,
,,,,,,,,
,,,,,,,,
,,,,,,,,
,,,,,,,,
,,,,,,,,
,,,,,,,,
,,,,,,,,
,,,,,,,,
,,,,,,,,
,,,,,,,,
,,,,,,,,
,,,,,,,,
,,,,,,,,
,,,,,,,,
,,,,,,,,
,,,,,,,,
,,,,,,,,
,,,,,,,,
,,,,,,,,
,,,,,,,,
,,,,,,,,
,,,,,,,,
,,,,,,,,
,,,,,,,,
,,,,,,,,
,,,,,,,,
,,,,,,,,
,,,,,,,,
,,,,,,,,
,,,,,,,,
,,,,,,,,
,,,,,,,,
,,,,,,,,
,,,,,,,,
,,,,,,,,
,,,,,,,,
,,,,,,,,
,,,,,,,,
,,,,,,,,
,,,,,,,,
,,,,,,,,
,,,,,,,,
,,,,,,,,
,,,,,,,,
,,,,,,,,
,,,,,,,,
,,,,,,,,
,,,,,,,,
,,,,,,,,
,,,,,,,,
,,,,,,,,
,,,,,,,,
,,,,,,,,
,,,,,,,,
,,,,,,,,
,,,,,,,,
,,,,,,,,
,,,,,,,,
,,,,,,,,
,,,,,,,,
,,,,,,,,
,,,,,,,,
,,,,,,,,
,,,,,,,,
,,,,,,,,
,,,,,,,,
,,,,,,,,
,,,,,,,,
,,,,,,,,
,,,,,,,,
,,,,,,,,
,,,,,,,,
,,,,,,,,
,,,,,,,,
,,,,,,,,
,,,,,,,,
,,,,,,,,
,,,,,,,,
,,,,,,,,
,,,,,,,,
,,,,,,,,
,,,,,,,,
,,,,,,,,
,,,,,,,,
,,,,,,,,
,,,,,,,,
,,,,,,,,
,,,,,,,,
,,,,,,,,
,,,,,,,,
,,,,,,,,
,,,,,,,,
,,,,,,,,
,,,,,,,,
,,,,,,,,
,,,,,,,,
,,,,,,,,
,,,,,,,,
,,,,,,,,
,,,,,,,,
,,,,,,,,
,,,,,,,,
,,,,,,,,
,,,,,,,,
,,,,,,,,
,,,,,,,,
,,,,,,,,
,,,,,,,,
,,,,,,,,
,,,,,,,,
,,,,,,,,
,,,,,,,,
,,,,,,,,
,,,,,,,,
,,,,,,,,
,,,,,,,,
,,,,,,,,
,,,,,,,,
,,,,,,,,
,,,,,,,,
,,,,,,,,
,,,,,,,,
,,,,,,,,
,,,,,,,,
,,,,,,,,
,,,,,,,,
,,,,,,,,
,,,,,,,,
,,,,,,,,
,,,,,,,,
,,,,,,,,
,,,,,,,,
,,,,,,,,
,,,,,,,,
,,,,,,,,
,,,,,,,,
,,,,,,,,
,,,,,,,,
,,,,,,,,
,,,,,,,,
,,,,,,,,
,,,,,,,,
,,,,,,,,
,,,,,,,,
,,,,,,,,
,,,,,,,,
,,,,,,,,
,,,,,,,,
,,,,,,,,
,,,,,,,,
,,,,,,,,
,,,,,,,,
,,,,,,,,
,,,,,,,,
,,,,,,,,
,,,,,,,,
,,,,,,,,
,,,,,,,,
,,,,,,,,
,,,,,,,,
,,,,,,,,
,,,,,,,,
,,,,,,,,
,,,,,,,,
,,,,,,,,
,,,,,,,,
,,,,,,,,
,,,,,,,,
,,,,,,,,
,,,,,,,,
,,,,,,,,
,,,,,,,,
,,,,,,,,
,,,,,,,,
,,,,,,,,
,,,,,,,,
,,,,,,,,
,,,,,,,,
,,,,,,,,
,,,,,,,,
,,,,,,,,
,,,,,,,,
,,,,,,,,
,,,,,,,,
,,,,,,,,
,,,,,,,,
,,,,,,,,
,,,,,,,,
,,,,,,,,
,,,,,,,,
,,,,,,,,
,,,,,,,,
,,,,,,,,
,,,,,,,,
,,,,,,,,
,,,,,,,,
,,,,,,,,
,,,,,,,,
,,,,,,,,
,,,,,,,,
,,,,,,,,
,,,,,,,,
,,,,,,,,
,,,,,,,,
,,,,,,,,
,,,,,,,,
,,,,,,,,
,,,,,,,,
,,,,,,,,
,,,,,,,,
,,,,,,,,
,,,,,,,,
,,,,,,,,
,,,,,,,,
,,,,,,,,
,,,,,,,,
,,,,,,,,
,,,,,,,,
,,,,,,,,
,,,,,,,,
,,,,,,,,
,,,,,,,,
,,,,,,,,
,,,,,,,,
,,,,,,,,
,,,,,,,,
,,,,,,,,
,,,,,,,,
,,,,,,,,
,,,,,,,,
,,,,,,,,
,,,,,,,,
,,,,,,,,
,,,,,,,,
,,,,,,,,
,,,,,,,,
,,,,,,,,
,,,,,,,,
,,,,,,,,
,,,,,,,,
,,,,,,,,
,,,,,,,,
,,,,,,,,
,,,,,,,,
,,,,,,,,
,,,,,,,,
,,,,,,,,
,,,,,,,,
,,,,,,,,
,,,,,,,,
,,,,,,,,
,,,,,,,,
,,,,,,,,
,,,,,,,,
,,,,,,,,
,,,,,,,,
,,,,,,,,
,,,,,,,,
,,,,,,,,
,,,,,,,,
,,,,,,,,
,,,,,,,,
,,,,,,,,
,,,,,,,,
,,,,,,,,
,,,,,,,,
,,,,,,,,
,,,,,,,,
,,,,,,,,
,,,,,,,,
,,,,,,,,
,,,,,,,,
,,,,,,,,
,,,,,,,,
,,,,,,,,
,,,,,,,,
,,,,,,,,
,,,,,,,,
,,,,,,,,
,,,,,,,,
,,,,,,,,
,,,,,,,,
,,,,,,,,
,,,,,,,,
,,,,,,,,
,,,,,,,,
,,,,,,,,
,,,,,,,,
,,,,,,,,
,,,,,,,,
,,,,,,,,
,,,,,,,,
,,,,,,,,
,,,,,,,,
,,,,,,,,
,,,,,,,,
,,,,,,,,
,,,,,,,,
,,,,,,,,
,,,,,,,,
,,,,,,,,
,,,,,,,,
,,,,,,,,
,,,,,,,,
,,,,,,,,
,,,,,,,,
,,,,,,,,
,,,,,,,,
,,,,,,,,
,,,,,,,,
,,,,,,,,
,,,,,,,,
,,,,,,,,
,,,,,,,,
,,,,,,,,
,,,,,,,,
,,,,,,,,
,,,,,,,,
,,,,,,,,
,,,,,,,,
,,,,,,,,
,,,,,,,,
,,,,,,,,
,,,,,,,,
,,,,,,,,
,,,,,,,,
,,,,,,,,
,,,,,,,,
,,,,,,,,
,,,,,,,,
,,,,,,,,
,,,,,,,,
,,,,,,,,
,,,,,,,,
,,,,,,,,
,,,,,,,,
,,,,,,,,
,,,,,,,,
,,,,,,,,
,,,,,,,,
,,,,,,,,
,,,,,,,,
,,,,,,,,
,,,,,,,,
,,,,,,,,
,,,,,,,,
,,,,,,,,
,,,,,,,,
,,,,,,,,
,,,,,,,,
,,,,,,,,
,,,,,,,,
,,,,,,,,
,,,,,,,,
,,,,,,,,
,,,,,,,,
,,,,,,,,
,,,,,,,,
,,,,,,,,
,,,,,,,,
,,,,,,,,
,,,,,,,,
,,,,,,,,
,,,,,,,,
,,,,,,,,
,,,,,,,,
,,,,,,,,
,,,,,,,,
,,,,,,,,
,,,,,,,,
,,,,,,,,
,,,,,,,,
,,,,,,,,
,,,,,,,,
,,,,,,,,
,,,,,,,,
,,,,,,,,
,,,,,,,,
,,,,,,,,
,,,,,,,,
,,,,,,,,
,,,,,,,,
,,,,,,,,
,,,,,,,,
,,,,,,,,
,,,,,,,,
,,,,,,,,
,,,,,,,,
,,,,,,,,
,,,,,,,,
,,,,,,,,
,,,,,,,,
,,,,,,,,
,,,,,,,,
,,,,,,,,
,,,,,,,,
,,,,,,,,
,,,,,,,,
,,,,,,,,
,,,,,,,,
,,,,,,,,
,,,,,,,,
,,,,,,,,
,,,,,,,,
,,,,,,,,
,,,,,,,,
,,,,,,,,
,,,,,,,,
,,,,,,,,
,,,,,,,,
,,,,,,,,
,,,,,,,,
,,,,,,,,
,,,,,,,,
,,,,,,,,
,,,,,,,,
,,,,,,,,
,,,,,,,,
,,,,,,,,
,,,,,,,,
,,,,,,,,
,,,,,,,,
,,,,,,,,
,,,,,,,,
,,,,,,,,
,,,,,,,,
,,,,,,,,
,,,,,,,,
,,,,,,,,
,,,,,,,,
,,,,,,,,
,,,,,,,,
,,,,,,,,
,,,,,,,,
,,,,,,,,
,,,,,,,,
,,,,,,,,
,,,,,,,,
,,,,,,,,
,,,,,,,,
,,,,,,,,
,,,,,,,,
,,,,,,,,
,,,,,,,,
,,,,,,,,
,,,,,,,,
,,,,,,,,
,,,,,,,,
,,,,,,,,
,,,,,,,,
,,,,,,,,
,,,,,,,,
,,,,,,,,
,,,,,,,,
,,,,,,,,
,,,,,,,,
,,,,,,,,
,,,,,,,,
,,,,,,,,
,,,,,,,,
,,,,,,,,
,,,,,,,,
,,,,,,,,
,,,,,,,,
,,,,,,,,
,,,,,,,,
,,,,,,,,
,,,,,,,,
,,,,,,,,
,,,,,,,,
,,,,,,,,
,,,,,,,,
,,,,,,,,
,,,,,,,,
,,,,,,,,
,,,,,,,,
,,,,,,,,
,,,,,,,,
,,,,,,,,
,,,,,,,,
,,,,,,,,
,,,,,,,,
,,,,,,,,
,,,,,,,,
,,,,,,,,
,,,,,,,,
,,,,,,,,
,,,,,,,,
,,,,,,,,
,,,,,,,,
,,,,,,,,
,,,,,,,,
,,,,,,,,
,,,,,,,,
,,,,,,,,
,,,,,,,,
,,,,,,,,
,,,,,,,,
,,,,,,,,
,,,,,,,,
,,,,,,,,
,,,,,,,,
,,,,,,,,
,,,,,,,,
,,,,,,,,
,,,,,,,,
,,,,,,,,
,,,,,,,,
,,,,,,,,
,,,,,,,,
,,,,,,,,
,,,,,,,,
,,,,,,,,
,,,,,,,,
,,,,,,,,
,,,,,,,,
,,,,,,,,
,,,,,,,,
,,,,,,,,
,,,,,,,,
,,,,,,,,
,,,,,,,,
,,,,,,,,
,,,,,,,,
,,,,,,,,
,,,,,,,,
,,,,,,,,
,,,,,,,,
,,,,,,,,
,,,,,,,,
,,,,,,,,
,,,,,,,,
,,,,,,,,
,,,,,,,,
,,,,,,,,
,,,,,,,,
,,,,,,,,
,,,,,,,,
,,,,,,,,
,,,,,,,,
,,,,,,,,
,,,,,,,,
,,,,,,,,
,,,,,,,,
,,,,,,,,
,,,,,,,,
,,,,,,,,
,,,,,,,,
,,,,,,,,
,,,,,,,,
,,,,,,,,
,,,,,,,,
,,,,,,,,
,,,,,,,,
,,,,,,,,
,,,,,,,,
,,,,,,,,
,,,,,,,,
,,,,,,,,
,,,,,,,,
,,,,,,,,
,,,,,,,,
,,,,,,,,
,,,,,,,,
,,,,,,,,
,,,,,,,,
,,,,,,,,
,,,,,,,,
,,,,,,,,
,,,,,,,,
,,,,,,,,
,,,,,,,,
,,,,,,,,
,,,,,,,,
,,,,,,,,
,,,,,,,,
,,,,,,,,
,,,,,,,,
,,,,,,,,
,,,,,,,,
,,,,,,,,
,,,,,,,,
,,,,,,,,
,,,,,,,,
,,,,,,,,
,,,,,,,,
,,,,,,,,
,,,,,,,,
,,,,,,,,
,,,,,,,,
,,,,,,,,
,,,,,,,,
,,,,,,,,
,,,,,,,,
,,,,,,,,
,,,,,,,,
,,,,,,,,
,,,,,,,,
,,,,,,,,
,,,,,,,,
,,,,,,,,
,,,,,,,,
,,,,,,,,
,,,,,,,,
,,,,,,,,
,,,,,,,,
,,,,,,,,
,,,,,,,,
,,,,,,,,
,,,,,,,,
,,,,,,,,
,,,,,,,,
,,,,,,,,
,,,,,,,,
,,,,,,,,
,,,,,,,,
,,,,,,,,
,,,,,,,,
,,,,,,,,
,,,,,,,,
,,,,,,,,
,,,,,,,,
,,,,,,,,
,,,,,,,,
,,,,,,,,
,,,,,,,,
,,,,,,,,
,,,,,,,,
,,,,,,,,
,,,,,,,,
,,,,,,,,
,,,,,,,,
,,,,,,,,
,,,,,,,,
,,,,,,,,
,,,,,,,,
,,,,,,,,
,,,,,,,,
,,,,,,,,
,,,,,,,,
,,,,,,,,
,,,,,,,,
,,,,,,,,
,,,,,,,,
,,,,,,,,
,,,,,,,,
,,,,,,,,
,,,,,,,,
,,,,,,,,
,,,,,,,,
,,,,,,,,
,,,,,,,,
,,,,,,,,
,,,,,,,,
,,,,,,,,
,,,,,,,,
,,,,,,,,
,,,,,,,,
,,,,,,,,
,,,,,,,,
,,,,,,,,
,,,,,,,,
,,,,,,,,
,,,,,,,,
,,,,,,,,
,,,,,,,,
,,,,,,,,
,,,,,,,,
,,,,,,,,
,,,,,,,,
,,,,,,,,
,,,,,,,,
,,,,,,,,
,,,,,,,,
,,,,,,,,
,,,,,,,,
,,,,,,,,
,,,,,,,,
,,,,,,,,
,,,,,,,,
,,,,,,,,
,,,,,,,,
,,,,,,,,
,,,,,,,,
,,,,,,,,
,,,,,,,,
,,,,,,,,
,,,,,,,,
,,,,,,,,
,,,,,,,,
,,,,,,,,
,,,,,,,,
,,,,,,,,
,,,,,,,,
,,,,,,,,
,,,,,,,,
,,,,,,,,
,,,,,,,,
,,,,,,,,
,,,,,,,,
,,,,,,,,
,,,,,,,,
,,,,,,,,
,,,,,,,,
,,,,,,,,
,,,,,,,,
,,,,,,,,
,,,,,,,,
,,,,,,,,
,,,,,,,,
,,,,,,,,
,,,,,,,,
,,,,,,,,
,,,,,,,,
,,,,,,,,
,,,,,,,,
,,,,,,,,
,,,,,,,,
,,,,,,,,
,,,,,,,,
,,,,,,,,
,,,,,,,,
,,,,,,,,
,,,,,,,,
,,,,,,,,
,,,,,,,,
,,,,,,,,
,,,,,,,,
,,,,,,,,
,,,,,,,,
,,,,,,,,
,,,,,,,,
,,,,,,,,
,,,,,,,,
,,,,,,,,
,,,,,,,,
,,,,,,,,
,,,,,,,,
,,,,,,,,
,,,,,,,,
,,,,,,,,
,,,,,,,,
,,,,,,,,
,,,,,,,,
,,,,,,,,
,,,,,,,,
,,,,,,,,
,,,,,,,,
,,,,,,,,
,,,,,,,,
,,,,,,,,
,,,,,,,,
,,,,,,,,
,,,,,,,,
,,,,,,,,
,,,,,,,,
,,,,,,,,
,,,,,,,,
,,,,,,,,
,,,,,,,,
,,,,,,,,
,,,,,,,,
,,,,,,,,
,,,,,,,,
,,,,,,,,
,,,,,,,,
,,,,,,,,
,,,,,,,,
,,,,,,,,
,,,,,,,,
,,,,,,,,
,,,,,,,,
,,,,,,,,
,,,,,,,,
,,,,,,,,
,,,,,,,,
,,,,,,,,
,,,,,,,,
,,,,,,,,
,,,,,,,,
,,,,,,,,
,,,,,,,,
,,,,,,,,
,,,,,,,,
,,,,,,,,
,,,,,,,,
,,,,,,,,
,,,,,,,,
,,,,,,,,
,,,,,,,,
,,,,,,,,
,,,,,,,,
,,,,,,,,
,,,,,,,,
,,,,,,,,
,,,,,,,,
,,,,,,,,
,,,,,,,,
,,,,,,,,
,,,,,,,,
,,,,,,,,
,,,,,,,,
,,,,,,,,
,,,,,,,,
,,,,,,,,
,,,,,,,,
,,,,,,,,
,,,,,,,,
,,,,,,,,
,,,,,,,,
,,,,,,,,
,,,,,,,,
,,,,,,,,
,,,,,,,,
,,,,,,,,
,,,,,,,,
,,,,,,,,
,,,,,,,,
,,,,,,,,
,,,,,,,,
,,,,,,,,
,,,,,,,,
,,,,,,,,
,,,,,,,,
,,,,,,,,
,,,,,,,,
,,,,,,,,
,,,,,,,,
,,,,,,,,
,,,,,,,,
,,,,,,,,
,,,,,,,,
,,,,,,,,
,,,,,,,,
,,,,,,,,
,,,,,,,,
,,,,,,,,
,,,,,,,,
,,,,,,,,
,,,,,,,,
,,,,,,,,
,,,,,,,,
,,,,,,,,
,,,,,,,,
,,,,,,,,
,,,,,,,,
,,,,,,,,
,,,,,,,,
,,,,,,,,
,,,,,,,,
,,,,,,,,
,,,,,,,,
,,,,,,,,
,,,,,,,,
,,,,,,,,
,,,,,,,,
,,,,,,,,
,,,,,,,,
,,,,,,,,
,,,,,,,,
,,,,,,,,
,,,,,,,,
,,,,,,,,
,,,,,,,,
,,,,,,,,
,,,,,,,,
,,,,,,,,
,,,,,,,,
,,,,,,,,
,,,,,,,,
,,,,,,,,
,,,,,,,,
,,,,,,,,
,,,,,,,,
,,,,,,,,
,,,,,,,,
,,,,,,,,
,,,,,,,,
,,,,,,,,
,,,,,,,,
,,,,,,,,
,,,,,,,,
,,,,,,,,
,,,,,,,,
,,,,,,,,
,,,,,,,,
,,,,,,,,
,,,,,,,,
,,,,,,,,
,,,,,,,,
,,,,,,,,
,,,,,,,,
,,,,,,,,
,,,,,,,,
,,,,,,,,
,,,,,,,,
,,,,,,,,
,,,,,,,,
,,,,,,,,
,,,,,,,,
,,,,,,,,
,,,,,,,,
,,,,,,,,
,,,,,,,,
,,,,,,,,
,,,,,,,,
,,,,,,,,
,,,,,,,,
,,,,,,,,
,,,,,,,,
,,,,,,,,
,,,,,,,,
,,,,,,,,
,,,,,,,,
,,,,,,,,
,,,,,,,,
,,,,,,,,
,,,,,,,,
,,,,,,,,
,,,,,,,,
,,,,,,,,
,,,,,,,,
,,,,,,,,
,,,,,,,,
,,,,,,,,
,,,,,,,,
,,,,,,,,
,,,,,,,,
,,,,,,,,
,,,,,,,,
,,,,,,,,
,,,,,,,,
,,,,,,,,
,,,,,,,,
,,,,,,,,
,,,,,,,,
,,,,,,,,
,,,,,,,,
,,,,,,,,
,,,,,,,,
,,,,,,,,
,,,,,,,,
,,,,,,,,
,,,,,,,,
,,,,,,,,
,,,,,,,,
,,,,,,,,
,,,,,,,,
,,,,,,,,
,,,,,,,,
,,,,,,,,
,,,,,,,,
,,,,,,,,
,,,,,,,,
,,,,,,,,
,,,,,,,,
,,,,,,,,
,,,,,,,,
,,,,,,,,
,,,,,,,,
,,,,,,,,
,,,,,,,,
,,,,,,,,
,,,,,,,,
,,,,,,,,
,,,,,,,,
,,,,,,,,
,,,,,,,,
,,,,,,,,
,,,,,,,,
,,,,,,,,
,,,,,,,,
,,,,,,,,
,,,,,,,,
,,,,,,,,
,,,,,,,,
,,,,,,,,
,,,,,,,,
,,,,,,,,
,,,,,,,,
,,,,,,,,
,,,,,,,,
,,,,,,,,
,,,,,,,,
,,,,,,,,
,,,,,,,,
,,,,,,,,
,,,,,,,,
,,,,,,,,
,,,,,,,,
,,,,,,,,
,,,,,,,,
,,,,,,,,
,,,,,,,,
,,,,,,,,
,,,,,,,,
,,,,,,,,
,,,,,,,,
,,,,,,,,
,,,,,,,,
,,,,,,,,
,,,,,,,,
,,,,,,,,
,,,,,,,,
,,,,,,,,
,,,,,,,,
,,,,,,,,
,,,,,,,,
,,,,,,,,
,,,,,,,,
,,,,,,,,
,,,,,,,,
,,,,,,,,
,,,,,,,,
,,,,,,,,
,,,,,,,,
,,,,,,,,
,,,,,,,,
,,,,,,,,
,,,,,,,,
,,,,,,,,
,,,,,,,,
,,,,,,,,
,,,,,,,,
,,,,,,,,
,,,,,,,,
,,,,,,,,
,,,,,,,,
,,,,,,,,
,,,,,,,,
,,,,,,,,
,,,,,,,,
,,,,,,,,
,,,,,,,,
,,,,,,,,
,,,,,,,,
,,,,,,,,
,,,,,,,,
,,,,,,,,
,,,,,,,,
,,,,,,,,
,,,,,,,,
,,,,,,,,
,,,,,,,,
,,,,,,,,
,,,,,,,,
,,,,,,,,
,,,,,,,,
,,,,,,,,
,,,,,,,,
,,,,,,,,
,,,,,,,,
,,,,,,,,
,,,,,,,,
,,,,,,,,
,,,,,,,,
,,,,,,,,
,,,,,,,,
,,,,,,,,
,,,,,,,,
,,,,,,,,
,,,,,,,,
,,,,,,,,
,,,,,,,,
,,,,,,,,
,,,,,,,,
,,,,,,,,
,,,,,,,,
,,,,,,,,
,,,,,,,,
,,,,,,,,
,,,,,,,,
,,,,,,,,
,,,,,,,,
,,,,,,,,
,,,,,,,,
,,,,,,,,
,,,,,,,,
,,,,,,,,
,,,,,,,,
,,,,,,,,
,,,,,,,,
,,,,,,,,
,,,,,,,,
,,,,,,,,
,,,,,,,,
,,,,,,,,
,,,,,,,,
,,,,,,,,
,,,,,,,,
,,,,,,,,
,,,,,,,,
,,,,,,,,
,,,,,,,,
,,,,,,,,
,,,,,,,,
,,,,,,,,
,,,,,,,,
,,,,,,,,
,,,,,,,,
,,,,,,,,
,,,,,,,,
,,,,,,,,
,,,,,,,,
,,,,,,,,
,,,,,,,,
,,,,,,,,
,,,,,,,,
,,,,,,,,
,,,,,,,,
,,,,,,,,
,,,,,,,,
,,,,,,,,
,,,,,,,,
,,,,,,,,
,,,,,,,,
,,,,,,,,
,,,,,,,,
,,,,,,,,
,,,,,,,,
,,,,,,,,
,,,,,,,,
,,,,,,,,
,,,,,,,,
,,,,,,,,
,,,,,,,,
,,,,,,,,
,,,,,,,,
,,,,,,,,
,,,,,,,,
,,,,,,,,
,,,,,,,,
,,,,,,,,
,,,,,,,,
,,,,,,,,
,,,,,,,,
,,,,,,,,
,,,,,,,,
,,,,,,,,
,,,,,,,,
,,,,,,,,
,,,,,,,,
,,,,,,,,
,,,,,,,,
,,,,,,,,
,,,,,,,,
,,,,,,,,
,,,,,,,,
,,,,,,,,
,,,,,,,,
,,,,,,,,
,,,,,,,,
,,,,,,,,
,,,,,,,,
,,,,,,,,
,,,,,,,,
,,,,,,,,
,,,,,,,,
,,,,,,,,
,,,,,,,,
,,,,,,,,
,,,,,,,,
,,,,,,,,
,,,,,,,,
,,,,,,,,
,,,,,,,,
,,,,,,,,
,,,,,,,,
,,,,,,,,
,,,,,,,,
,,,,,,,,
,,,,,,,,
,,,,,,,,
,,,,,,,,
,,,,,,,,
,,,,,,,,
,,,,,,,,
,,,,,,,,
,,,,,,,,
,,,,,,,,
,,,,,,,,
,,,,,,,,
,,,,,,,,
,,,,,,,,
,,,,,,,,
,,,,,,,,
,,,,,,,,
,,,,,,,,
,,,,,,,,
,,,,,,,,
,,,,,,,,
,,,,,,,,
,,,,,,,,
,,,,,,,,
,,,,,,,,
,,,,,,,,
,,,,,,,,
,,,,,,,,
,,,,,,,,
,,,,,,,,
,,,,,,,,
,,,,,,,,
,,,,,,,,
,,,,,,,,
,,,,,,,,
,,,,,,,,
,,,,,,,,
,,,,,,,,
,,,,,,,,
,,,,,,,,
,,,,,,,,
,,,,,,,,
,,,,,,,,
,,,,,,,,
,,,,,,,,
,,,,,,,,
,,,,,,,,
,,,,,,,,
,,,,,,,,
,,,,,,,,
,,,,,,,,
,,,,,,,,
,,,,,,,,
,,,,,,,,
,,,,,,,,
,,,,,,,,
,,,,,,,,
,,,,,,,,
,,,,,,,,
,,,,,,,,
,,,,,,,,
,,,,,,,,
,,,,,,,,
,,,,,,,,
,,,,,,,,
,,,,,,,,
,,,,,,,,
,,,,,,,,
,,,,,,,,
,,,,,,,,
,,,,,,,,
,,,,,,,,
,,,,,,,,
,,,,,,,,
,,,,,,,,
,,,,,,,,
,,,,,,,,
,,,,,,,,
,,,,,,,,
,,,,,,,,
,,,,,,,,
,,,,,,,,
,,,,,,,,
,,,,,,,,
,,,,,,,,
,,,,,,,,
,,,,,,,,
,,,,,,,,
,,,,,,,,
,,,,,,,,
,,,,,,,,
,,,,,,,,
,,,,,,,,
,,,,,,,,
,,,,,,,,
,,,,,,,,
,,,,,,,,
,,,,,,,,
,,,,,,,,
,,,,,,,,
,,,,,,,,
,,,,,,,,
,,,,,,,,
,,,,,,,,
,,,,,,,,
,,,,,,,,
,,,,,,,,
,,,,,,,,
,,,,,,,,
,,,,,,,,
,,,,,,,,
,,,,,,,,
,,,,,,,,
,,,,,,,,
,,,,,,,,
,,,,,,,,
,,,,,,,,
,,,,,,,,
,,,,,,,,
,,,,,,,,
,,,,,,,,
,,,,,,,,
,,,,,,,,
,,,,,,,,
,,,,,,,,
,,,,,,,,
,,,,,,,,
,,,,,,,,
,,,,,,,,
,,,,,,,,
,,,,,,,,
,,,,,,,,
,,,,,,,,
,,,,,,,,
,,,,,,,,
,,,,,,,,
,,,,,,,,
,,,,,,,,
,,,,,,,,
,,,,,,,,
,,,,,,,,
,,,,,,,,
,,,,,,,,
,,,,,,,,
,,,,,,,,
,,,,,,,,
,,,,,,,,
,,,,,,,,
,,,,,,,,
,,,,,,,,
,,,,,,,,
,,,,,,,,
,,,,,,,,
,,,,,,,,
,,,,,,,,
,,,,,,,,
,,,,,,,,
,,,,,,,,
,,,,,,,,
,,,,,,,,
,,,,,,,,
,,,,,,,,
,,,,,,,,
,,,,,,,,
,,,,,,,,
,,,,,,,,
,,,,,,,,
,,,,,,,,
,,,,,,,,
,,,,,,,,
,,,,,,,,
,,,,,,,,
,,,,,,,,
,,,,,,,,
,,,,,,,,
,,,,,,,,
,,,,,,,,
,,,,,,,,
,,,,,,,,
,,,,,,,,
,,,,,,,,
,,,,,,,,
,,,,,,,,
,,,,,,,,
,,,,,,,,
,,,,,,,,
,,,,,,,,
,,,,,,,,
,,,,,,,,
,,,,,,,,
,,,,,,,,
,,,,,,,,
,,,,,,,,
,,,,,,,,
,,,,,,,,
,,,,,,,,
,,,,,,,,
,,,,,,,,
,,,,,,,,
,,,,,,,,
,,,,,,,,
,,,,,,,,
,,,,,,,,
,,,,,,,,
,,,,,,,,
,,,,,,,,
,,,,,,,,
,,,,,,,,
,,,,,,,,
,,,,,,,,
,,,,,,,,
,,,,,,,,
,,,,,,,,
,,,,,,,,
,,,,,,,,
,,,,,,,,
,,,,,,,,
,,,,,,,,
,,,,,,,,
,,,,,,,,
,,,,,,,,
,,,,,,,,
,,,,,,,,
,,,,,,,,
,,,,,,,,
,,,,,,,,
,,,,,,,,
,,,,,,,,
,,,,,,,,
,,,,,,,,
,,,,,,,,
,,,,,,,,
,,,,,,,,
,,,,,,,,
,,,,,,,,
,,,,,,,,
,,,,,,,,
,,,,,,,,
,,,,,,,,
,,,,,,,,
,,,,,,,,
,,,,,,,,
,,,,,,,,
,,,,,,,,
,,,,,,,,
,,,,,,,,
,,,,,,,,
,,,,,,,,
,,,,,,,,
,,,,,,,,
,,,,,,,,
,,,,,,,,
,,,,,,,,
,,,,,,,,
,,,,,,,,
,,,,,,,,
,,,,,,,,
,,,,,,,,
,,,,,,,,
,,,,,,,,
,,,,,,,,
,,,,,,,,
,,,,,,,,
,,,,,,,,
,,,,,,,,
,,,,,,,,
,,,,,,,,
,,,,,,,,
,,,,,,,,
,,,,,,,,
,,,,,,,,
,,,,,,,,
,,,,,,,,
,,,,,,,,
,,,,,,,,
,,,,,,,,
,,,,,,,,
,,,,,,,,
,,,,,,,,
,,,,,,,,
,,,,,,,,
,,,,,,,,
,,,,,,,,
,,,,,,,,
,,,,,,,,
,,,,,,,,
,,,,,,,,
,,,,,,,,
,,,,,,,,
,,,,,,,,
,,,,,,,,
,,,,,,,,
,,,,,,,,
,,,,,,,,
,,,,,,,,
,,,,,,,,
,,,,,,,,
,,,,,,,,
,,,,,,,,
,,,,,,,,
,,,,,,,,
,,,,,,,,
,,,,,,,,
,,,,,,,,
,,,,,,,,
,,,,,,,,
,,,,,,,,
,,,,,,,,
,,,,,,,,
,,,,,,,,
,,,,,,,,
,,,,,,,,
,,,,,,,,
,,,,,,,,
,,,,,,,,
,,,,,,,,
,,,,,,,,
,,,,,,,,
,,,,,,,,
,,,,,,,,
,,,,,,,,
,,,,,,,,
,,,,,,,,
,,,,,,,,
,,,,,,,,
,,,,,,,,
,,,,,,,,
,,,,,,,,
,,,,,,,,
,,,,,,,,
,,,,,,,,
,,,,,,,,
,,,,,,,,
,,,,,,,,
,,,,,,,,
,,,,,,,,
,,,,,,,,
,,,,,,,,
,,,,,,,,
,,,,,,,,
,,,,,,,,
,,,,,,,,
,,,,,,,,
,,,,,,,,
,,,,,,,,
,,,,,,,,
,,,,,,,,
,,,,,,,,
,,,,,,,,
,,,,,,,,
,,,,,,,,
,,,,,,,,
,,,,,,,,
,,,,,,,,
,,,,,,,,
,,,,,,,,
,,,,,,,,
,,,,,,,,
,,,,,,,,
,,,,,,,,
,,,,,,,,
,,,,,,,,
,,,,,,,,
,,,,,,,,
,,,,,,,,
,,,,,,,,
,,,,,,,,
,,,,,,,,
,,,,,,,,
,,,,,,,,
,,,,,,,,
,,,,,,,,
,,,,,,,,
,,,,,,,,
,,,,,,,,
,,,,,,,,
,,,,,,,,
,,,,,,,,
,,,,,,,,
,,,,,,,,
,,,,,,,,
,,,,,,,,
,,,,,,,,
,,,,,,,,
,,,,,,,,
,,,,,,,,
,,,,,,,,
,,,,,,,,
,,,,,,,,
,,,,,,,,
,,,,,,,,
,,,,,,,,
,,,,,,,,
,,,,,,,,
,,,,,,,,
,,,,,,,,
,,,,,,,,
,,,,,,,,
,,,,,,,,
,,,,,,,,
,,,,,,,,
,,,,,,,,
,,,,,,,,
,,,,,,,,
,,,,,,,,
,,,,,,,,
,,,,,,,,
,,,,,,,,
,,,,,,,,
,,,,,,,,
,,,,,,,,
,,,,,,,,
,,,,,,,,
,,,,,,,,
,,,,,,,,
,,,,,,,,
,,,,,,,,
,,,,,,,,
,,,,,,,,
,,,,,,,,
,,,,,,,,
,,,,,,,,
,,,,,,,,
,,,,,,,,
,,,,,,,,
,,,,,,,,
,,,,,,,,
,,,,,,,,
,,,,,,,,
,,,,,,,,
,,,,,,,,
,,,,,,,,
,,,,,,,,
,,,,,,,,
,,,,,,,,
,,,,,,,,
,,,,,,,,
,,,,,,,,
,,,,,,,,
,,,,,,,,
,,,,,,,,
,,,,,,,,
,,,,,,,,
,,,,,,,,
,,,,,,,,
,,,,,,,,
,,,,,,,,
,,,,,,,,
,,,,,,,,
,,,,,,,,
,,,,,,,,
,,,,,,,,
,,,,,,,,
,,,,,,,,
,,,,,,,,
,,,,,,,,
,,,,,,,,
,,,,,,,,
,,,,,,,,
,,,,,,,,
,,,,,,,,
,,,,,,,,
,,,,,,,,
,,,,,,,,
,,,,,,,,
,,,,,,,,
,,,,,,,,
,,,,,,,,
,,,,,,,,
,,,,,,,,
,,,,,,,,
,,,,,,,,
,,,,,,,,
,,,,,,,,
,,,,,,,,
,,,,,,,,
,,,,,,,,
,,,,,,,,
,,,,,,,,
,,,,,,,,
,,,,,,,,
,,,,,,,,
,,,,,,,,
,,,,,,,,
,,,,,,,,
,,,,,,,,
,,,,,,,,
,,,,,,,,
,,,,,,,,
,,,,,,,,
,,,,,,,,
,,,,,,,,
,,,,,,,,
,,,,,,,,
,,,,,,,,
,,,,,,,,
,,,,,,,,
,,,,,,,,
,,,,,,,,
,,,,,,,,
,,,,,,,,
,,,,,,,,
,,,,,,,,
,,,,,,,,
,,,,,,,,
,,,,,,,,
,,,,,,,,
,,,,,,,,
,,,,,,,,
,,,,,,,,
,,,,,,,,
,,,,,,,,
,,,,,,,,
,,,,,,,,
,,,,,,,,
,,,,,,,,
,,,,,,,,
,,,,,,,,
,,,,,,,,
,,,,,,,,
,,,,,,,,
,,,,,,,,
,,,,,,,,
,,,,,,,,
,,,,,,,,
,,,,,,,,
,,,,,,,,
,,,,,,,,
,,,,,,,,
,,,,,,,,
,,,,,,,,
,,,,,,,,
,,,,,,,,
,,,,,,,,
,,,,,,,,
,,,,,,,,
,,,,,,,,
,,,,,,,,
,,,,,,,,
,,,,,,,,
,,,,,,,,
,,,,,,,,
,,,,,,,,
,,,,,,,,
,,,,,,,,
,,,,,,,,
,,,,,,,,
,,,,,,,,
,,,,,,,,
,,,,,,,,
,,,,,,,,
,,,,,,,,
,,,,,,,,
,,,,,,,,
,,,,,,,,
,,,,,,,,
,,,,,,,,
,,,,,,,,
,,,,,,,,
,,,,,,,,
,,,,,,,,
,,,,,,,,
,,,,,,,,
,,,,,,,,
,,,,,,,,
,,,,,,,,
,,,,,,,,
,,,,,,,,
,,,,,,,,
,,,,,,,,
,,,,,,,,
,,,,,,,,
,,,,,,,,
,,,,,,,,
,,,,,,,,
,,,,,,,,
,,,,,,,,
,,,,,,,,
,,,,,,,,
,,,,,,,,
,,,,,,,,
,,,,,,,,
,,,,,,,,
,,,,,,,,
,,,,,,,,
,,,,,,,,
,,,,,,,,
,,,,,,,,
,,,,,,,,
,,,,,,,,
,,,,,,,,
,,,,,,,,
,,,,,,,,
,,,,,,,,
,,,,,,,,
,,,,,,,,
,,,,,,,,
,,,,,,,,
,,,,,,,,
,,,,,,,,
,,,,,,,,
,,,,,,,,
,,,,,,,,
,,,,,,,,
,,,,,,,,
,,,,,,,,
,,,,,,,,
,,,,,,,,
,,,,,,,,
,,,,,,,,
,,,,,,,,
,,,,,,,,
,,,,,,,,
,,,,,,,,
,,,,,,,,
,,,,,,,,
,,,,,,,,
,,,,,,,,
,,,,,,,,
,,,,,,,,
,,,,,,,,
,,,,,,,,
,,,,,,,,
,,,,,,,,
,,,,,,,,
,,,,,,,,
,,,,,,,,
,,,,,,,,
,,,,,,,,
,,,,,,,,
,,,,,,,,
,,,,,,,,
,,,,,,,,
,,,,,,,,
,,,,,,,,
,,,,,,,,
,,,,,,,,
,,,,,,,,
,,,,,,,,
,,,,,,,,
,,,,,,,,
,,,,,,,,
,,,,,,,,
,,,,,,,,
,,,,,,,,
,,,,,,,,
,,,,,,,,
,,,,,,,,
,,,,,,,,
,,,,,,,,
,,,,,,,,
,,,,,,,,
,,,,,,,,
,,,,,,,,
,,,,,,,,
,,,,,,,,
,,,,,,,,
,,,,,,,,
,,,,,,,,
,,,,,,,,
,,,,,,,,
,,,,,,,,
,,,,,,,,
,,,,,,,,
,,,,,,,,
,,,,,,,,
,,,,,,,,
,,,,,,,,
,,,,,,,,
,,,,,,,,
,,,,,,,,
,,,,,,,,
,,,,,,,,
,,,,,,,,
,,,,,,,,
,,,,,,,,
,,,,,,,,
,,,,,,,,
,,,,,,,,
,,,,,,,,
,,,,,,,,
,,,,,,,,
,,,,,,,,
,,,,,,,,
,,,,,,,,
,,,,,,,,
,,,,,,,,
,,,,,,,,
,,,,,,,,
,,,,,,,,
,,,,,,,,
,,,,,,,,
,,,,,,,,
,,,,,,,,
,,,,,,,,
,,,,,,,,
,,,,,,,,
,,,,,,,,
,,,,,,,,
,,,,,,,,
,,,,,,,,
,,,,,,,,
,,,,,,,,
,,,,,,,,
,,,,,,,,
,,,,,,,,
,,,,,,,,
,,,,,,,,
,,,,,,,,
,,,,,,,,
,,,,,,,,
,,,,,,,,
,,,,,,,,
,,,,,,,,
,,,,,,,,
,,,,,,,,
,,,,,,,,
,,,,,,,,
,,,,,,,,
,,,,,,,,
,,,,,,,,
,,,,,,,,
,,,,,,,,
,,,,,,,,
,,,,,,,,
,,,,,,,,
,,,,,,,,
,,,,,,,,
,,,,,,,,
,,,,,,,,
,,,,,,,,
,,,,,,,,
,,,,,,,,
,,,,,,,,
,,,,,,,,
,,,,,,,,
,,,,,,,,
,,,,,,,,
,,,,,,,,
,,,,,,,,
,,,,,,,,
,,,,,,,,
,,,,,,,,
,,,,,,,,
,,,,,,,,
,,,,,,,,
,,,,,,,,
,,,,,,,,
,,,,,,,,
,,,,,,,,
,,,,,,,,
,,,,,,,,
,,,,,,,,
,,,,,,,,
,,,,,,,,
,,,,,,,,
,,,,,,,,
,,,,,,,,
,,,,,,,,
,,,,,,,,
,,,,,,,,
,,,,,,,,
,,,,,,,,
,,,,,,,,
,,,,,,,,
,,,,,,,,
,,,,,,,,
,,,,,,,,
,,,,,,,,
,,,,,,,,
,,,,,,,,
,,,,,,,,
,,,,,,,,
,,,,,,,,
,,,,,,,,
,,,,,,,,
,,,,,,,,
,,,,,,,,
,,,,,,,,
,,,,,,,,
,,,,,,,,
,,,,,,,,
,,,,,,,,
,,,,,,,,
,,,,,,,,
,,,,,,,,
,,,,,,,,
,,,,,,,,
,,,,,,,,
,,,,,,,,
,,,,,,,,
,,,,,,,,
,,,,,,,,
,,,,,,,,
,,,,,,,,
,,,,,,,,
,,,,,,,,
,,,,,,,,
,,,,,,,,
,,,,,,,,
,,,,,,,,
,,,,,,,,
,,,,,,,,
,,,,,,,,
,,,,,,,,
,,,,,,,,
,,,,,,,,
,,,,,,,,
,,,,,,,,
,,,,,,,,
,,,,,,,,
,,,,,,,,
,,,,,,,,
,,,,,,,,
,,,,,,,,
,,,,,,,,
,,,,,,,,
,,,,,,,,
,,,,,,,,
,,,,,,,,
,,,,,,,,
,,,,,,,,
,,,,,,,,
,,,,,,,,
,,,,,,,,
,,,,,,,,
,,,,,,,,
,,,,,,,,
,,,,,,,,
,,,,,,,,
,,,,,,,,
,,,,,,,,
,,,,,,,,
,,,,,,,,
,,,,,,,,
,,,,,,,,
,,,,,,,,
,,,,,,,,
,,,,,,,,
,,,,,,,,
,,,,,,,,
,,,,,,,,
,,,,,,,,
,,,,,,,,
,,,,,,,,
,,,,,,,,
,,,,,,,,
,,,,,,,,
,,,,,,,,
,,,,,,,,
,,,,,,,,
,,,,,,,,
,,,,,,,,
,,,,,,,,
,,,,,,,,
,,,,,,,,
,,,,,,,,
,,,,,,,,
,,,,,,,,
,,,,,,,,
,,,,,,,,
,,,,,,,,
,,,,,,,,
,,,,,,,,
,,,,,,,,
,,,,,,,,
,,,,,,,,
,,,,,,,,
,,,,,,,,
,,,,,,,,
,,,,,,,,
,,,,,,,,
,,,,,,,,
,,,,,,,,
,,,,,,,,
,,,,,,,,
,,,,,,,,
,,,,,,,,
,,,,,,,,
,,,,,,,,
,,,,,,,,
,,,,,,,,
,,,,,,,,
,,,,,,,,
,,,,,,,,
,,,,,,,,
,,,,,,,,
,,,,,,,,
,,,,,,,,
,,,,,,,,
,,,,,,,,
,,,,,,,,
,,,,,,,,
,,,,,,,,
,,,,,,,,
,,,,,,,,
,,,,,,,,
,,,,,,,,
,,,,,,,,
,,,,,,,,
,,,,,,,,
,,,,,,,,
,,,,,,,,
,,,,,,,,
,,,,,,,,
,,,,,,,,
,,,,,,,,
,,,,,,,,
,,,,,,,,
,,,,,,,,
,,,,,,,,
,,,,,,,,
,,,,,,,,
,,,,,,,,
,,,,,,,,
,,,,,,,,
,,,,,,,,
,,,,,,,,
,,,,,,,,
,,,,,,,,
,,,,,,,,
,,,,,,,,
,,,,,,,,
,,,,,,,,
,,,,,,,,
,,,,,,,,
,,,,,,,,
,,,,,,,,
,,,,,,,,
,,,,,,,,
,,,,,,,,
,,,,,,,,
,,,,,,,,
,,,,,,,,
,,,,,,,,
,,,,,,,,
,,,,,,,,
,,,,,,,,
,,,,,,,,
,,,,,,,,
,,,,,,,,
,,,,,,,,
,,,,,,,,
,,,,,,,,
,,,,,,,,
,,,,,,,,
,,,,,,,,
,,,,,,,,
,,,,,,,,
,,,,,,,,
,,,,,,,,
,,,,,,,,
,,,,,,,,
,,,,,,,,
,,,,,,,,
,,,,,,,,
,,,,,,,,
,,,,,,,,
,,,,,,,,
,,,,,,,,
,,,,,,,,
,,,,,,,,
,,,,,,,,
,,,,,,,,
,,,,,,,,
,,,,,,,,
,,,,,,,,
,,,,,,,,
,,,,,,,,
,,,,,,,,
,,,,,,,,
,,,,,,,,
,,,,,,,,
,,,,,,,,
,,,,,,,,
,,,,,,,,
,,,,,,,,
,,,,,,,,
,,,,,,,,
,,,,,,,,
,,,,,,,,
,,,,,,,,
,,,,,,,,
,,,,,,,,
,,,,,,,,
,,,,,,,,
,,,,,,,,
,,,,,,,,
,,,,,,,,
,,,,,,,,
,,,,,,,,
,,,,,,,,
,,,,,,,,
,,,,,,,,
,,,,,,,,
,,,,,,,,
,,,,,,,,
,,,,,,,,
,,,,,,,,
,,,,,,,,
,,,,,,,,
,,,,,,,,
,,,,,,,,
,,,,,,,,
,,,,,,,,
,,,,,,,,
,,,,,,,,
,,,,,,,,
,,,,,,,,
,,,,,,,,
,,,,,,,,
,,,,,,,,
,,,,,,,,
,,,,,,,,
,,,,,,,,
,,,,,,,,
,,,,,,,,
,,,,,,,,
,,,,,,,,
,,,,,,,,
,,,,,,,,
,,,,,,,,
,,,,,,,,
,,,,,,,,
,,,,,,,,
,,,,,,,,
,,,,,,,,
,,,,,,,,
,,,,,,,,
,,,,,,,,
,,,,,,,,
,,,,,,,,
,,,,,,,,
,,,,,,,,
,,,,,,,,
,,,,,,,,
,,,,,,,,
,,,,,,,,
,,,,,,,,
,,,,,,,,
,,,,,,,,
,,,,,,,,
,,,,,,,,
,,,,,,,,
,,,,,,,,
,,,,,,,,
,,,,,,,,
,,,,,,,,
,,,,,,,,
,,,,,,,,
,,,,,,,,
,,,,,,,,
,,,,,,,,
,,,,,,,,
,,,,,,,,
,,,,,,,,
,,,,,,,,
,,,,,,,,
,,,,,,,,
,,,,,,,,
,,,,,,,,
,,,,,,,,
,,,,,,,,
,,,,,,,,
,,,,,,,,
,,,,,,,,
,,,,,,,,
,,,,,,,,
,,,,,,,,
,,,,,,,,
,,,,,,,,
,,,,,,,,
,,,,,,,,
,,,,,,,,
,,,,,,,,
,,,,,,,,
,,,,,,,,
,,,,,,,,
,,,,,,,,
,,,,,,,,
,,,,,,,,
,,,,,,,,
,,,,,,,,
,,,,,,,,
,,,,,,,,
,,,,,,,,
,,,,,,,,
,,,,,,,,
,,,,,,,,
,,,,,,,,
,,,,,,,,
,,,,,,,,
,,,,,,,,
,,,,,,,,
,,,,,,,,
,,,,,,,,
,,,,,,,,
,,,,,,,,
,,,,,,,,
,,,,,,,,
,,,,,,,,
,,,,,,,,
,,,,,,,,
,,,,,,,,
,,,,,,,,
,,,,,,,,
,,,,,,,,
,,,,,,,,
,,,,,,,,
,,,,,,,,
,,,,,,,,
,,,,,,,,
,,,,,,,,
,,,,,,,,
,,,,,,,,
,,,,,,,,
,,,,,,,,
,,,,,,,,
,,,,,,,,
,,,,,,,,
,,,,,,,,
,,,,,,,,
,,,,,,,,
,,,,,,,,
,,,,,,,,
,,,,,,,,
,,,,,,,,
,,,,,,,,
,,,,,,,,
,,,,,,,,
,,,,,,,,
,,,,,,,,
,,,,,,,,
,,,,,,,,
,,,,,,,,
,,,,,,,,
,,,,,,,,
,,,,,,,,
,,,,,,,,
,,,,,,,,
,,,,,,,,
,,,,,,,,
,,,,,,,,
,,,,,,,,
,,,,,,,,
,,,,,,,,
,,,,,,,,
,,,,,,,,
,,,,,,,,
,,,,,,,,
,,,,,,,,
,,,,,,,,
,,,,,,,,
,,,,,,,,
,,,,,,,,
,,,,,,,,
,,,,,,,,
,,,,,,,,
,,,,,,,,
,,,,,,,,
,,,,,,,,
,,,,,,,,
,,,,,,,,
,,,,,,,,
,,,,,,,,
,,,,,,,,
,,,,,,,,
,,,,,,,,
,,,,,,,,
,,,,,,,,
,,,,,,,,
,,,,,,,,
,,,,,,,,
,,,,,,,,
,,,,,,,,
,,,,,,,,
,,,,,,,,
,,,,,,,,
,,,,,,,,
,,,,,,,,
,,,,,,,,
,,,,,,,,
,,,,,,,,
,,,,,,,,
,,,,,,,,
,,,,,,,,
,,,,,,,,
,,,,,,,,
,,,,,,,,
,,,,,,,,
,,,,,,,,
,,,,,,,,
,,,,,,,,
,,,,,,,,
,,,,,,,,
,,,,,,,,
,,,,,,,,
,,,,,,,,
,,,,,,,,
,,,,,,,,
,,,,,,,,
,,,,,,,,
,,,,,,,,
,,,,,,,,
,,,,,,,,
,,,,,,,,
,,,,,,,,
,,,,,,,,
,,,,,,,,
,,,,,,,,
,,,,,,,,
,,,,,,,,
,,,,,,,,
,,,,,,,,
,,,,,,,,
,,,,,,,,
,,,,,,,,
,,,,,,,,
,,,,,,,,
,,,,,,,,
,,,,,,,,
,,,,,,,,
,,,,,,,,
,,,,,,,,
,,,,,,,,
,,,,,,,,
,,,,,,,,
,,,,,,,,
,,,,,,,,
,,,,,,,,
,,,,,,,,
,,,,,,,,
,,,,,,,,
,,,,,,,,
,,,,,,,,
,,,,,,,,
,,,,,,,,
,,,,,,,,
,,,,,,,,
,,,,,,,,
,,,,,,,,
,,,,,,,,
,,,,,,,,
,,,,,,,,
,,,,,,,,
,,,,,,,,
,,,,,,,,
,,,,,,,,
,,,,,,,,
,,,,,,,,
,,,,,,,,
,,,,,,,,
,,,,,,,,
,,,,,,,,
,,,,,,,,
,,,,,,,,
,,,,,,,,
,,,,,,,,
,,,,,,,,
,,,,,,,,
,,,,,,,,
,,,,,,,,
,,,,,,,,
,,,,,,,,
,,,,,,,,
,,,,,,,,
,,,,,,,,
,,,,,,,,
,,,,,,,,
,,,,,,,,
,,,,,,,,
,,,,,,,,
,,,,,,,,
,,,,,,,,
,,,,,,,,
,,,,,,,,
,,,,,,,,
,,,,,,,,
,,,,,,,,
,,,,,,,,
,,,,,,,,
,,,,,,,,
,,,,,,,,
,,,,,,,,
,,,,,,,,
,,,,,,,,
,,,,,,,,
,,,,,,,,
,,,,,,,,
,,,,,,,,
,,,,,,,,
,,,,,,,,
,,,,,,,,
,,,,,,,,
,,,,,,,,
,,,,,,,,
,,,,,,,,
,,,,,,,,
,,,,,,,,
,,,,,,,,
,,,,,,,,
,,,,,,,,
,,,,,,,,
,,,,,,,,
,,,,,,,,
,,,,,,,,
,,,,,,,,
,,,,,,,,
,,,,,,,,
,,,,,,,,
,,,,,,,,
,,,,,,,,
,,,,,,,,
,,,,,,,,
,,,,,,,,
,,,,,,,,
,,,,,,,,
,,,,,,,,
,,,,,,,,
,,,,,,,,
,,,,,,,,
,,,,,,,,
,,,,,,,,
,,,,,,,,
,,,,,,,,
,,,,,,,,
,,,,,,,,
,,,,,,,,
,,,,,,,,
,,,,,,,,
,,,,,,,,
,,,,,,,,
,,,,,,,,
,,,,,,,,
,,,,,,,,
,,,,,,,,
,,,,,,,,
,,,,,,,,
,,,,,,,,
,,,,,,,,
,,,,,,,,
,,,,,,,,
,,,,,,,,
,,,,,,,,
,,,,,,,,
,,,,,,,,
,,,,,,,,
,,,,,,,,
,,,,,,,,
,,,,,,,,
,,,,,,,,
,,,,,,,,
,,,,,,,,
,,,,,,,,
,,,,,,,,
,,,,,,,,
,,,,,,,,
,,,,,,,,
,,,,,,,,
,,,,,,,,
,,,,,,,,
,,,,,,,,
,,,,,,,,
,,,,,,,,
,,,,,,,,
,,,,,,,,
,,,,,,,,
,,,,,,,,
,,,,,,,,
,,,,,,,,
,,,,,,,,
,,,,,,,,
,,,,,,,,
,,,,,,,,
,,,,,,,,
,,,,,,,,
,,,,,,,,
,,,,,,,,
,,,,,,,,
,,,,,,,,
,,,,,,,,
,,,,,,,,
,,,,,,,,
,,,,,,,,
,,,,,,,,
,,,,,,,,
,,,,,,,,
,,,,,,,,
,,,,,,,,
,,,,,,,,
,,,,,,,,
,,,,,,,,
,,,,,,,,
,,,,,,,,
,,,,,,,,
,,,,,,,,
,,,,,,,,
,,,,,,,,
,,,,,,,,
,,,,,,,,
,,,,,,,,
,,,,,,,,
,,,,,,,,
,,,,,,,,
,,,,,,,,
,,,,,,,,
,,,,,,,,
,,,,,,,,
,,,,,,,,
,,,,,,,,
,,,,,,,,
,,,,,,,,
,,,,,,,,
,,,,,,,,
,,,,,,,,
,,,,,,,,
,,,,,,,,
,,,,,,,,
,,,,,,,,
,,,,,,,,
,,,,,,,,
,,,,,,,,
,,,,,,,,
,,,,,,,,
,,,,,,,,
,,,,,,,,
,,,,,,,,
,,,,,,,,
,,,,,,,,
,,,,,,,,
,,,,,,,,
,,,,,,,,
,,,,,,,,
,,,,,,,,
,,,,,,,,
,,,,,,,,
,,,,,,,,
,,,,,,,,
,,,,,,,,
,,,,,,,,
,,,,,,,,
,,,,,,,,
,,,,,,,,
,,,,,,,,
,,,,,,,,
,,,,,,,,
,,,,,,,,
,,,,,,,,
,,,,,,,,
,,,,,,,,
,,,,,,,,
,,,,,,,,
,,,,,,,,
,,,,,,,,
,,,,,,,,
,,,,,,,,
,,,,,,,,
,,,,,,,,
,,,,,,,,
,,,,,,,,
,,,,,,,,
,,,,,,,,
,,,,,,,,
,,,,,,,,
,,,,,,,,
,,,,,,,,
,,,,,,,,
,,,,,,,,
,,,,,,,,
,,,,,,,,
,,,,,,,,
,,,,,,,,
,,,,,,,,
,,,,,,,,
,,,,,,,,
,,,,,,,,
,,,,,,,,
,,,,,,,,
,,,,,,,,
,,,,,,,,
,,,,,,,,
,,,,,,,,
,,,,,,,,
,,,,,,,,
,,,,,,,,
,,,,,,,,
,,,,,,,,
,,,,,,,,
,,,,,,,,
,,,,,,,,
,,,,,,,,
,,,,,,,,
,,,,,,,,
,,,,,,,,
,,,,,,,,
,,,,,,,,
,,,,,,,,
,,,,,,,,
,,,,,,,,
,,,,,,,,
,,,,,,,,
,,,,,,,,
,,,,,,,,
,,,,,,,,
,,,,,,,,
,,,,,,,,
,,,,,,,,
,,,,,,,,
,,,,,,,,
,,,,,,,,
,,,,,,,,
,,,,,,,,
,,,,,,,,
,,,,,,,,
,,,,,,,,
,,,,,,,,
,,,,,,,,
,,,,,,,,
,,,,,,,,
,,,,,,,,
,,,,,,,,
,,,,,,,,
,,,,,,,,
,,,,,,,,
,,,,,,,,
,,,,,,,,
,,,,,,,,
,,,,,,,,
,,,,,,,,
,,,,,,,,
,,,,,,,,
,,,,,,,,
,,,,,,,,
,,,,,,,,
,,,,,,,,
,,,,,,,,
,,,,,,,,
,,,,,,,,
,,,,,,,,
,,,,,,,,
,,,,,,,,
,,,,,,,,
,,,,,,,,
,,,,,,,,
,,,,,,,,
,,,,,,,,
,,,,,,,,
,,,,,,,,
,,,,,,,,
,,,,,,,,
,,,,,,,,
,,,,,,,,
,,,,,,,,
,,,,,,,,
,,,,,,,,
,,,,,,,,
,,,,,,,,
,,,,,,,,
,,,,,,,,
,,,,,,,,
,,,,,,,,
,,,,,,,,
,,,,,,,,
,,,,,,,,
,,,,,,,,
,,,,,,,,
,,,,,,,,
,,,,,,,,
,,,,,,,,
,,,,,,,,
,,,,,,,,
,,,,,,,,
,,,,,,,,
,,,,,,,,
,,,,,,,,
,,,,,,,,
,,,,,,,,
,,,,,,,,
,,,,,,,,
,,,,,,,,
,,,,,,,,
,,,,,,,,
,,,,,,,,
,,,,,,,,
,,,,,,,,
,,,,,,,,
,,,,,,,,
,,,,,,,,
,,,,,,,,
,,,,,,,,
,,,,,,,,
,,,,,,,,
,,,,,,,,
,,,,,,,,
,,,,,,,,
,,,,,,,,
,,,,,,,,
,,,,,,,,
,,,,,,,,
,,,,,,,,
,,,,,,,,
,,,,,,,,
,,,,,,,,
,,,,,,,,
,,,,,,,,
,,,,,,,,
,,,,,,,,
,,,,,,,,
,,,,,,,,
,,,,,,,,
,,,,,,,,
,,,,,,,,
,,,,,,,,
,,,,,,,,
,,,,,,,,
,,,,,,,,
,,,,,,,,
,,,,,,,,
,,,,,,,,
,,,,,,,,
,,,,,,,,
,,,,,,,,
,,,,,,,,
,,,,,,,,
,,,,,,,,
,,,,,,,,
,,,,,,,,
,,,,,,,,
,,,,,,,,
,,,,,,,,
,,,,,,,,
,,,,,,,,
,,,,,,,,
,,,,,,,,
,,,,,,,,
,,,,,,,,
,,,,,,,,
,,,,,,,,
,,,,,,,,
,,,,,,,,
,,,,,,,,
,,,,,,,,
,,,,,,,,
,,,,,,,,
,,,,,,,,
,,,,,,,,
,,,,,,,,
,,,,,,,,
,,,,,,,,
,,,,,,,,
,,,,,,,,
,,,,,,,,
,,,,,,,,
,,,,,,,,
,,,,,,,,
,,,,,,,,
,,,,,,,,
,,,,,,,,
,,,,,,,,
,,,,,,,,
,,,,,,,,
,,,,,,,,
,,,,,,,,
,,,,,,,,
,,,,,,,,
,,,,,,,,
,,,,,,,,
,,,,,,,,
,,,,,,,,
,,,,,,,,
,,,,,,,,
,,,,,,,,
,,,,,,,,
,,,,,,,,
,,,,,,,,
,,,,,,,,
,,,,,,,,
,,,,,,,,
,,,,,,,,
,,,,,,,,
,,,,,,,,
,,,,,,,,
,,,,,,,,
,,,,,,,,
,,,,,,,,
,,,,,,,,
,,,,,,,,
,,,,,,,,
,,,,,,,,
,,,,,,,,
,,,,,,,,
,,,,,,,,
,,,,,,,,
,,,,,,,,
,,,,,,,,
,,,,,,,,
,,,,,,,,
,,,,,,,,
,,,,,,,,
,,,,,,,,
,,,,,,,,
,,,,,,,,
,,,,,,,,
,,,,,,,,
,,,,,,,,
,,,,,,,,
,,,,,,,,
,,,,,,,,
,,,,,,,,
,,,,,,,,
,,,,,,,,
,,,,,,,,
,,,,,,,,
,,,,,,,,
,,,,,,,,
,,,,,,,,
,,,,,,,,
,,,,,,,,
,,,,,,,,
,,,,,,,,
,,,,,,,,
,,,,,,,,
,,,,,,,,
,,,,,,,,
,,,,,,,,
,,,,,,,,
,,,,,,,,
,,,,,,,,
,,,,,,,,
,,,,,,,,
,,,,,,,,
,,,,,,,,
,,,,,,,,
,,,,,,,,
,,,,,,,,
,,,,,,,,
,,,,,,,,
,,,,,,,,
,,,,,,,,
,,,,,,,,
,,,,,,,,
,,,,,,,,
,,,,,,,,
,,,,,,,,
,,,,,,,,
,,,,,,,,
,,,,,,,,
,,,,,,,,
,,,,,,,,
,,,,,,,,
,,,,,,,,
,,,,,,,,
,,,,,,,,
,,,,,,,,
,,,,,,,,
,,,,,,,,
,,,,,,,,
,,,,,,,,
,,,,,,,,
,,,,,,,,
,,,,,,,,
,,,,,,,,
,,,,,,,,
,,,,,,,,
,,,,,,,,
,,,,,,,,
,,,,,,,,
,,,,,,,,
,,,,,,,,
,,,,,,,,
,,,,,,,,
,,,,,,,,
,,,,,,,,
,,,,,,,,
,,,,,,,,
,,,,,,,,
,,,,,,,,
,,,,,,,,
,,,,,,,,
,,,,,,,,
,,,,,,,,
,,,,,,,,
,,,,,,,,
,,,,,,,,
,,,,,,,,
,,,,,,,,
,,,,,,,,
,,,,,,,,
,,,,,,,,
,,,,,,,,
,,,,,,,,
,,,,,,,,
,,,,,,,,
,,,,,,,,
,,,,,,,,
,,,,,,,,
,,,,,,,,
,,,,,,,,
,,,,,,,,
,,,,,,,,
,,,,,,,,
,,,,,,,,
,,,,,,,,
,,,,,,,,
,,,,,,,,
,,,,,,,,
,,,,,,,,
,,,,,,,,
,,,,,,,,
,,,,,,,,
,,,,,,,,
,,,,,,,,
,,,,,,,,
,,,,,,,,
,,,,,,,,
,,,,,,,,
,,,,,,,,
,,,,,,,,
,,,,,,,,
,,,,,,,,
,,,,,,,,
,,,,,,,,
,,,,,,,,
,,,,,,,,
,,,,,,,,
,,,,,,,,
,,,,,,,,
,,,,,,,,
,,,,,,,,
,,,,,,,,
,,,,,,,,
,,,,,,,,
,,,,,,,,
,,,,,,,,
,,,,,,,,
,,,,,,,,
,,,,,,,,
,,,,,,,,
,,,,,,,,
,,,,,,,,
,,,,,,,,
,,,,,,,,
,,,,,,,,
,,,,,,,,
,,,,,,,,
,,,,,,,,
,,,,,,,,
,,,,,,,,
,,,,,,,,
,,,,,,,,
,,,,,,,,
,,,,,,,,
,,,,,,,,
,,,,,,,,
,,,,,,,,
,,,,,,,,
,,,,,,,,
,,,,,,,,
,,,,,,,,
,,,,,,,,
,,,,,,,,
,,,,,,,,
,,,,,,,,
,,,,,,,,
,,,,,,,,
,,,,,,,,
,,,,,,,,
,,,,,,,,
,,,,,,,,
,,,,,,,,
,,,,,,,,
,,,,,,,,
,,,,,,,,
,,,,,,,,
,,,,,,,,
,,,,,,,,
,,,,,,,,
,,,,,,,,
,,,,,,,,
,,,,,,,,
,,,,,,,,
,,,,,,,,
,,,,,,,,
,,,,,,,,
,,,,,,,,
,,,,,,,,
,,,,,,,,
,,,,,,,,
,,,,,,,,
,,,,,,,,
,,,,,,,,
,,,,,,,,
,,,,,,,,
,,,,,,,,
,,,,,,,,
,,,,,,,,
,,,,,,,,
,,,,,,,,
,,,,,,,,
,,,,,,,,
,,,,,,,,
,,,,,,,,
,,,,,,,,
,,,,,,,,
,,,,,,,,
,,,,,,,,
,,,,,,,,
,,,,,,,,
,,,,,,,,
,,,,,,,,
,,,,,,,,
,,,,,,,,
,,,,,,,,
,,,,,,,,
,,,,,,,,
,,,,,,,,
,,,,,,,,
,,,,,,,,
,,,,,,,,
,,,,,,,,
,,,,,,,,
,,,,,,,,
,,,,,,,,
,,,,,,,,
,,,,,,,,
,,,,,,,,
,,,,,,,,
,,,,,,,,
,,,,,,,,
,,,,,,,,
,,,,,,,,
,,,,,,,,
,,,,,,,,
,,,,,,,,
,,,,,,,,
,,,,,,,,
,,,,,,,,
,,,,,,,,
,,,,,,,,
,,,,,,,,
,,,,,,,,
,,,,,,,,
,,,,,,,,
,,,,,,,,
,,,,,,,,
,,,,,,,,
,,,,,,,,
,,,,,,,,
,,,,,,,,
,,,,,,,,
,,,,,,,,
,,,,,,,,
,,,,,,,,
,,,,,,,,
,,,,,,,,
,,,,,,,,
,,,,,,,,
,,,,,,,,
,,,,,,,,
,,,,,,,,
,,,,,,,,
,,,,,,,,
,,,,,,,,
,,,,,,,,
,,,,,,,,
,,,,,,,,
,,,,,,,,
,,,,,,,,
,,,,,,,,
,,,,,,,,
,,,,,,,,
,,,,,,,,
,,,,,,,,
,,,,,,,,
,,,,,,,,
,,,,,,,,
,,,,,,,,
,,,,,,,,
,,,,,,,,
,,,,,,,,
,,,,,,,,
,,,,,,,,
,,,,,,,,
,,,,,,,,
,,,,,,,,
,,,,,,,,
,,,,,,,,
,,,,,,,,
,,,,,,,,
,,,,,,,,
,,,,,,,,
,,,,,,,,
,,,,,,,,
,,,,,,,,
,,,,,,,,
,,,,,,,,
,,,,,,,,
,,,,,,,,
,,,,,,,,
,,,,,,,,
,,,,,,,,
,,,,,,,,
,,,,,,,,
,,,,,,,,
,,,,,,,,
,,,,,,,,
,,,,,,,,
,,,,,,,,
,,,,,,,,
,,,,,,,,
,,,,,,,,
,,,,,,,,
,,,,,,,,
,,,,,,,,
,,,,,,,,
,,,,,,,,
,,,,,,,,
,,,,,,,,
,,,,,,,,
,,,,,,,,
,,,,,,,,
,,,,,,,,
,,,,,,,,
,,,,,,,,
,,,,,,,,
,,,,,,,,
,,,,,,,,
,,,,,,,,
,,,,,,,,
,,,,,,,,
,,,,,,,,
,,,,,,,,
,,,,,,,,
,,,,,,,,
,,,,,,,,
,,,,,,,,
,,,,,,,,
,,,,,,,,
,,,,,,,,
,,,,,,,,
,,,,,,,,
,,,,,,,,
,,,,,,,,
,,,,,,,,
,,,,,,,,
,,,,,,,,
,,,,,,,,
,,,,,,,,
,,,,,,,,
,,,,,,,,
,,,,,,,,
,,,,,,,,
,,,,,,,,
,,,,,,,,
,,,,,,,,
,,,,,,,,
,,,,,,,,
,,,,,,,,
,,,,,,,,
,,,,,,,,
,,,,,,,,
,,,,,,,,
,,,,,,,,
,,,,,,,,
,,,,,,,,
,,,,,,,,
,,,,,,,,
,,,,,,,,
,,,,,,,,
,,,,,,,,
,,,,,,,,
,,,,,,,,
,,,,,,,,
,,,,,,,,
,,,,,,,,
,,,,,,,,
,,,,,,,,
,,,,,,,,
,,,,,,,,
,,,,,,,,
,,,,,,,,
,,,,,,,,
,,,,,,,,
,,,,,,,,
,,,,,,,,
,,,,,,,,
,,,,,,,,
,,,,,,,,
,,,,,,,,
,,,,,,,,
,,,,,,,,
,,,,,,,,
,,,,,,,,
,,,,,,,,
,,,,,,,,
,,,,,,,,
,,,,,,,,
,,,,,,,,
,,,,,,,,
,,,,,,,,
,,,,,,,,
,,,,,,,,
,,,,,,,,
,,,,,,,,
,,,,,,,,
,,,,,,,,
,,,,,,,,
,,,,,,,,
,,,,,,,,
,,,,,,,,
,,,,,,,,
,,,,,,,,
,,,,,,,,
,,,,,,,,
,,,,,,,,
,,,,,,,,
,,,,,,,,
,,,,,,,,
,,,,,,,,
,,,,,,,,
,,,,,,,,
,,,,,,,,
,,,,,,,,
,,,,,,,,
,,,,,,,,
,,,,,,,,
,,,,,,,,
,,,,,,,,
,,,,,,,,
,,,,,,,,
,,,,,,,,
,,,,,,,,
,,,,,,,,
,,,,,,,,
,,,,,,,,
,,,,,,,,
,,,,,,,,
,,,,,,,,
,,,,,,,,
,,,,,,,,
,,,,,,,,
,,,,,,,,
,,,,,,,,
,,,,,,,,
,,,,,,,,
,,,,,,,,
,,,,,,,,
,,,,,,,,
,,,,,,,,
,,,,,,,,
,,,,,,,,
,,,,,,,,
,,,,,,,,
,,,,,,,,
,,,,,,,,
,,,,,,,,
,,,,,,,,
,,,,,,,,
,,,,,,,,
,,,,,,,,
,,,,,,,,
,,,,,,,,
,,,,,,,,
,,,,,,,,
,,,,,,,,
,,,,,,,,
,,,,,,,,
,,,,,,,,
,,,,,,,,
,,,,,,,,
,,,,,,,,
,,,,,,,,
,,,,,,,,
,,,,,,,,
,,,,,,,,
,,,,,,,,
,,,,,,,,
,,,,,,,,
,,,,,,,,
,,,,,,,,
,,,,,,,,
,,,,,,,,
,,,,,,,,
,,,,,,,,
,,,,,,,,
,,,,,,,,
,,,,,,,,
,,,,,,,,
,,,,,,,,
,,,,,,,,
,,,,,,,,
,,,,,,,,
,,,,,,,,
,,,,,,,,
,,,,,,,,
,,,,,,,,
,,,,,,,,
,,,,,,,,
,,,,,,,,
,,,,,,,,
,,,,,,,,
,,,,,,,,
,,,,,,,,
,,,,,,,,
,,,,,,,,
,,,,,,,,
,,,,,,,,
,,,,,,,,
,,,,,,,,
,,,,,,,,
,,,,,,,,
,,,,,,,,
,,,,,,,,
,,,,,,,,
,,,,,,,,
,,,,,,,,
,,,,,,,,
,,,,,,,,
,,,,,,,,
,,,,,,,,
,,,,,,,,
,,,,,,,,
,,,,,,,,
,,,,,,,,
,,,,,,,,
,,,,,,,,
,,,,,,,,
,,,,,,,,
,,,,,,,,
,,,,,,,,
,,,,,,,,
,,,,,,,,
,,,,,,,,
,,,,,,,,
,,,,,,,,
,,,,,,,,
,,,,,,,,
,,,,,,,,
,,,,,,,,
,,,,,,,,
,,,,,,,,
,,,,,,,,
,,,,,,,,
,,,,,,,,
,,,,,,,,
,,,,,,,,
,,,,,,,,
,,,,,,,,
,,,,,,,,
,,,,,,,,
,,,,,,,,
,,,,,,,,
,,,,,,,,
,,,,,,,,
,,,,,,,,
,,,,,,,,
,,,,,,,,
,,,,,,,,
,,,,,,,,
,,,,,,,,
,,,,,,,,
,,,,,,,,
,,,,,,,,
,,,,,,,,
,,,,,,,,
,,,,,,,,
,,,,,,,,
,,,,,,,,
,,,,,,,,
,,,,,,,,
,,,,,,,,
,,,,,,,,
,,,,,,,,
,,,,,,,,
,,,,,,,,
,,,,,,,,
,,,,,,,,
,,,,,,,,
,,,,,,,,
,,,,,,,,
,,,,,,,,
,,,,,,,,
,,,,,,,,
,,,,,,,,
,,,,,,,,
,,,,,,,,
,,,,,,,,
,,,,,,,,
,,,,,,,,
,,,,,,,,
,,,,,,,,
,,,,,,,,
,,,,,,,,
,,,,,,,,
,,,,,,,,
,,,,,,,,
,,,,,,,,
,,,,,,,,
,,,,,,,,
,,,,,,,,
,,,,,,,,
,,,,,,,,
,,,,,,,,
,,,,,,,,
,,,,,,,,
,,,,,,,,
,,,,,,,,
,,,,,,,,
,,,,,,,,
,,,,,,,,
,,,,,,,,
,,,,,,,,
,,,,,,,,
,,,,,,,,
,,,,,,,,
,,,,,,,,
,,,,,,,,
,,,,,,,,
,,,,,,,,
,,,,,,,,
,,,,,,,,
,,,,,,,,
,,,,,,,,
,,,,,,,,
,,,,,,,,
,,,,,,,,
,,,,,,,,
,,,,,,,,
,,,,,,,,
,,,,,,,,
,,,,,,,,
,,,,,,,,
,,,,,,,,
,,,,,,,,
,,,,,,,,
,,,,,,,,
,,,,,,,,
,,,,,,,,
,,,,,,,,
,,,,,,,,
,,,,,,,,
,,,,,,,,
,,,,,,,,
,,,,,,,,
,,,,,,,,
,,,,,,,,
,,,,,,,,
,,,,,,,,
,,,,,,,,
,,,,,,,,
,,,,,,,,
,,,,,,,,
,,,,,,,,
,,,,,,,,
,,,,,,,,
,,,,,,,,
,,,,,,,,
,,,,,,,,
,,,,,,,,
,,,,,,,,
,,,,,,,,
,,,,,,,,
,,,,,,,,
,,,,,,,,
,,,,,,,,
,,,,,,,,
,,,,,,,,
,,,,,,,,
